cluster_id,canonical_material_name,target_unspsc,organization,source_portal,tender_reference,tender_id,raw_published_description,description_kind,quantity,unit,provenance_doc_url,is_genuine_public_data
REAL-CLUST-ROT-BRG,ANTI-FRICTION INDUSTRIAL ROLLING BEARING,31171504,Indian Oil Corporation Limited,iocl.com,,,608 test bearings,procurement_plan_item,10,Lot,data/raw/iocl/tenders/Future_Procurement_Plan25-26.pdf,TRUE
REAL-CLUST-PMP-CENT,CENTRIFUGAL PROCESS PUMP / SPARES,40151503,Indian Oil Corporation Limited,iocl.com,,,API 610 Centrifugal Pump,procurement_plan_item,4,No.,data/raw/iocl/tenders/Future_Procurement_Plan25-26.pdf,TRUE
REAL-CLUST-VLV-BALL,INDUSTRIAL BALL VALVE FLOATING / TRUNNION,40141611,Indian Oil Corporation Limited,iocl.com,,,API 6D Ball Valves (Nos),procurement_plan_item,644,Nos.,data/raw/iocl/tenders/Future_Procurement_Plan25-26.pdf,TRUE
REAL-CLUST-VLV-BALL,INDUSTRIAL BALL VALVE FLOATING / TRUNNION,40141611,Indian Oil Corporation Limited,iocl.com,,,"BALL VALVES of Duplex, Alloy 276",procurement_plan_item,50,Nos.,data/raw/iocl/tenders/Future_Procurement_Plan25-26.pdf,TRUE
REAL-CLUST-VLV-BALL,INDUSTRIAL BALL VALVE FLOATING / TRUNNION,40141611,Indian Oil Corporation Limited,iocl.com,,,Ball Valve (Nos),procurement_plan_item,72.60,Nos.,data/raw/iocl/tenders/Future_Procurement_Plan25-26.pdf,TRUE
REAL-CLUST-ROT-BRG,ANTI-FRICTION INDUSTRIAL ROLLING BEARING,31171504,Indian Oil Corporation Limited,iocl.com,,,Bearings,procurement_plan_item,5,Lot,data/raw/iocl/tenders/Future_Procurement_Plan25-26.pdf,TRUE
REAL-CLUST-FLG-WN,FORGED STEEL PIPE FLANGE ASME B16.5,40141720,Indian Oil Corporation Limited,iocl.com,,,Bulk (Pipe/Fittings/Flanges/Valve),procurement_plan_item,193.72,LOT,data/raw/iocl/tenders/Future_Procurement_Plan25-26.pdf,TRUE
REAL-CLUST-FLG-WN,FORGED STEEL PIPE FLANGE ASME B16.5,40141720,Indian Oil Corporation Limited,iocl.com,,,Bulk(Pipe/Fittings/Flanges/Va lve),procurement_plan_item,144,LOT,data/raw/iocl/tenders/Future_Procurement_Plan25-26.pdf,TRUE
REAL-CLUST-FLG-WN,FORGED STEEL PIPE FLANGE ASME B16.5,40141720,Indian Oil Corporation Limited,iocl.com,,,Bulk(Pipe/Fittings/Flanges/Valve),procurement_plan_item,90.00,LOT,data/raw/iocl/tenders/Future_Procurement_Plan25-26.pdf,TRUE
REAL-CLUST-PMP-CENT,CENTRIFUGAL PROCESS PUMP / SPARES,40151503,Indian Oil Corporation Limited,iocl.com,,,Centrifugal Pump,procurement_plan_item,159,EA,data/raw/iocl/tenders/Future_Procurement_Plan25-26.pdf,TRUE
REAL-CLUST-ROT-BRG,ANTI-FRICTION INDUSTRIAL ROLLING BEARING,31171504,Indian Oil Corporation Limited,iocl.com,,,Lab Equipments - Grease Kettle – 2Kg and 5 Kg Automatic Penetrometer Drop point apparatus Wheel bearing leakage tester( variable RPM ),procurement_plan_item,04,,data/raw/iocl/tenders/Future_Procurement_Plan25-26.pdf,TRUE
REAL-CLUST-PMP-CENT,CENTRIFUGAL PROCESS PUMP / SPARES,40151503,Indian Oil Corporation Limited,iocl.com,,,Pump Spares,procurement_plan_item,51,Lot,data/raw/iocl/tenders/Future_Procurement_Plan25-26.pdf,TRUE
REAL-CLUST-FLG-WN,FORGED STEEL PIPE FLANGE ASME B16.5,40141720,Indian Oil Corporation Limited,iocl.com,,,Valves / Flanges / Gaskets / Spares in Nos,procurement_plan_item,270,Nos.,data/raw/iocl/tenders/Future_Procurement_Plan25-26.pdf,TRUE
REAL-CLUST-ROT-BRG,ANTI-FRICTION INDUSTRIAL ROLLING BEARING,31171504,Indian Oil Corporation Limited,iocletenders.nic.in,9070M26F84,2026_PDR_191057_1,Procurement of Extruder Gearbox and bearings in PP unit at IOCL Paradip Refinery,tender_title,,,,TRUE
REAL-CLUST-VLV-GATE,INDUSTRIAL GATE VALVE FLANGED / SCREWED,40141607,Indian Oil Corporation Limited,iocletenders.nic.in,SPN/B269-000-WB-MR-3741/396,2026_REFHQ_191210_1,"SP/B269-000-WB-MR-3741/396 - VALVES-GATE, GLOBE, CHECK FOR P-25 PROJECT OF M/s INDIAN OIL CORPORATION LIMITED",tender_title,,,,TRUE
REAL-CLUST-CBL-11KV,11 KV 3C XLPE ARMOURED ALUMINIUM CONDUCTOR POWER CABLE,26121629,Indian Oil Corporation Limited,iocletenders.nic.in,MnC/NR/PSO/ENG/LT-145/26-27,2026_NRO_191252_1,"Supply, Installation, Testing and Commissioning of 11 KV Substation, DG Set with interconnections Cables and Allied works at NFR Facilities at Location WSA Site at DAK9 Gurdaspur-Katra-Pkg14-439 450-LHS-JK District Kathua, JK under Jammu DO PSO",tender_title,,,,TRUE
REAL-CLUST-CBL-11KV,11 KV 3C XLPE ARMOURED ALUMINIUM CONDUCTOR POWER CABLE,26121629,Indian Oil Corporation Limited,iocletenders.nic.in,MnC/NR/PSO/ENG/LT-146/26-27,2026_NRO_191264_1,"Supply, Installation, Testing and Commissioning of 11 KV Substation, DG Set with interconnections Cables and Allied works at NFR Facilities at Location WSA Site at DAK9-Gurdaspur-Katra-Pkg14 -439_450-RHS-JK District Kathua, JK under Jammu DO PSO",tender_title,,,,TRUE
REAL-CLUST-CBL-11KV,11 KV 3C XLPE ARMOURED ALUMINIUM CONDUCTOR POWER CABLE,26121629,Indian Oil Corporation Limited,iocletenders.nic.in,MnC/NR/PSO/ENG/LT-146/26-27,2026_NRO_191264_1,"Supply, Installation, Testing and Commissioning of 11 KV Substation, DG Set with interconnections Cables and Allied works at NFR Facilities at Location WSA Site at DAK9-Gurdaspur-Katra-Pkg14- 439_450-RHS-JK District Kathua, JK under Jammu DO PSO",work_description,,,,TRUE
REAL-CLUST-VLV-BALL,INDUSTRIAL BALL VALVE FLOATING / TRUNNION,40141611,NTPC Limited,ntpctender.ntpc.co.in,,28868,(VALVE- BALL UP TO 100 MM & CLASS 800:CAT-II &,doc_spec_sentence,,,,TRUE
REAL-CLUST-VLV-BALL,INDUSTRIAL BALL VALVE FLOATING / TRUNNION,40141611,NTPC Limited,ntpctender.ntpc.co.in,,29682,5. 1/2 INCH BALL VALVE-02 NOS,doc_spec_sentence,,,,TRUE
REAL-CLUST-PIP-SMLS,SEAMLESS STEEL PIPE FOR INDUSTRIAL / LINE CONDUIT,40171501,NTPC Limited,ntpctender.ntpc.co.in,,28868,"89 PIPE-SS SEAMLESS II RATNAMANI METALS & TUBES MEHSANA A OD up to 168.3, thick up to 3.4 mm, as per",doc_spec_sentence,,,,TRUE
REAL-CLUST-CBL-11KV,11 KV 3C XLPE ARMOURED ALUMINIUM CONDUCTOR POWER CABLE,26121629,NTPC Limited,ntpctender.ntpc.co.in,,28886,"CABLE, PWR, 150MM2, 1C, STRANDED, AL, 11KV , CABLE,",doc_spec_sentence,,,,TRUE
REAL-CLUST-FLG-WN,FORGED STEEL PIPE FLANGE ASME B16.5,40141720,NTPC Limited,ntpctender.ntpc.co.in,,30069,FLANGE-S:ANSI:B16.5 CL-150:SLIP-ON:500MM(20INCH),doc_spec_sentence,,,,TRUE
REAL-CLUST-FLG-WN,FORGED STEEL PIPE FLANGE ASME B16.5,40141720,NTPC Limited,ntpctender.ntpc.co.in,,30069,"FLANGE-S:ASA:B16.5 CL-150 A182:SLIP-ON:25MM(1INCH,",doc_spec_sentence,,,,TRUE
REAL-CLUST-FLG-WN,FORGED STEEL PIPE FLANGE ASME B16.5,40141720,NTPC Limited,ntpctender.ntpc.co.in,,30069,"FLANGE-S:ASA:B16.5 CL-150 A182:SLIP-ON:450MM(18INCH),",doc_spec_sentence,,,,TRUE
REAL-CLUST-FLG-WN,FORGED STEEL PIPE FLANGE ASME B16.5,40141720,NTPC Limited,ntpctender.ntpc.co.in,,30069,"FLANGE-S:ASA:B16.5 CL-150 A182:SLIP-ON:50MM(2INCH,",doc_spec_sentence,,,,TRUE
REAL-CLUST-FLG-WN,FORGED STEEL PIPE FLANGE ASME B16.5,40141720,NTPC Limited,ntpctender.ntpc.co.in,,30069,"FLANGE-S:ASA:B16.5 CL-150 A182:SLIP-ON:65MM, FLANGE",doc_spec_sentence,,,,TRUE
REAL-CLUST-PIP-SMLS,SEAMLESS STEEL PIPE FOR INDUSTRIAL / LINE CONDUIT,40171501,NTPC Limited,ntpctender.ntpc.co.in,,28971,"PIPE SEAMLESS,SS,A312-TP304L,80S,15MM",doc_spec_sentence,,,,TRUE
REAL-CLUST-PIP-SMLS,SEAMLESS STEEL PIPE FOR INDUSTRIAL / LINE CONDUIT,40171501,NTPC Limited,ntpctender.ntpc.co.in,,28971,"PIPE SEAMLESS,SS,A312-TP304L,80S,15MM , PIPE",doc_spec_sentence,,,,TRUE
REAL-CLUST-PIP-SMLS,SEAMLESS STEEL PIPE FOR INDUSTRIAL / LINE CONDUIT,40171501,NTPC Limited,ntpctender.ntpc.co.in,,28971,"PIPE: SEAMLESS,SS,A312-TP304L,80S,15MM",doc_spec_sentence,,,,TRUE
REAL-CLUST-PIP-SMLS,SEAMLESS STEEL PIPE FOR INDUSTRIAL / LINE CONDUIT,40171501,NTPC Limited,ntpctender.ntpc.co.in,,28971,"Pipe Seamless,ss,a312-tp304l,40s,80mm",doc_spec_sentence,,,,TRUE
REAL-CLUST-PIP-SMLS,SEAMLESS STEEL PIPE FOR INDUSTRIAL / LINE CONDUIT,40171501,NTPC Limited,ntpctender.ntpc.co.in,,28971,"Pipe Seamless,ss,a312-tp304l,80s,25mm",doc_spec_sentence,,,,TRUE
REAL-CLUST-PIP-SMLS,SEAMLESS STEEL PIPE FOR INDUSTRIAL / LINE CONDUIT,40171501,NTPC Limited,ntpctender.ntpc.co.in,,28971,"Pipe Seamless,ss,a312-tp304l,80s,40mm",doc_spec_sentence,,,,TRUE
REAL-CLUST-PIP-SMLS,SEAMLESS STEEL PIPE FOR INDUSTRIAL / LINE CONDUIT,40171501,NTPC Limited,ntpctender.ntpc.co.in,,28971,"Pipe Seamless,ss,a312-tp304l,80s,50mm",doc_spec_sentence,,,,TRUE
REAL-CLUST-FLG-WN,FORGED STEEL PIPE FLANGE ASME B16.5,40141720,NTPC Limited,ntpctender.ntpc.co.in,,30069,"S:ASA:B16.5 CL-150 A182:SLIP-ON:100MM, FLANGE",doc_spec_sentence,,,,TRUE
REAL-CLUST-FLG-WN,FORGED STEEL PIPE FLANGE ASME B16.5,40141720,NTPC Limited,ntpctender.ntpc.co.in,,30069,"S:ASA:B16.5 CL-150 A182:SLIP-ON:150MM, FLANGE",doc_spec_sentence,,,,TRUE
REAL-CLUST-FLG-WN,FORGED STEEL PIPE FLANGE ASME B16.5,40141720,NTPC Limited,ntpctender.ntpc.co.in,,30069,"S:ASA:B16.5 CL-150 A182:SLIP-ON:200MM, FLANGE",doc_spec_sentence,,,,TRUE
REAL-CLUST-FLG-WN,FORGED STEEL PIPE FLANGE ASME B16.5,40141720,NTPC Limited,ntpctender.ntpc.co.in,,30069,"S:ASA:B16.5 CL-150 A182:SLIP-ON:250MM, FLANGE",doc_spec_sentence,,,,TRUE
REAL-CLUST-FLG-WN,FORGED STEEL PIPE FLANGE ASME B16.5,40141720,NTPC Limited,ntpctender.ntpc.co.in,,30069,"S:ASA:B16.5 CL-150 A182:SLIP-ON:300MM, FLANGE",doc_spec_sentence,,,,TRUE
REAL-CLUST-FLG-WN,FORGED STEEL PIPE FLANGE ASME B16.5,40141720,NTPC Limited,ntpctender.ntpc.co.in,,30069,"S:ASA:B16.5 CL-150 A182:SLIP-ON:80MM, FLANGE",doc_spec_sentence,,,,TRUE
REAL-CLUST-PIP-SMLS,SEAMLESS STEEL PIPE FOR INDUSTRIAL / LINE CONDUIT,40171501,NTPC Limited,ntpctender.ntpc.co.in,,28971,"SEAMLESS,SS,A312-TP304L,80S,25MM , PIPE SMLS,SS,A312",doc_spec_sentence,,,,TRUE
REAL-CLUST-PIP-SMLS,SEAMLESS STEEL PIPE FOR INDUSTRIAL / LINE CONDUIT,40171501,NTPC Limited,ntpctender.ntpc.co.in,,28971,"TP304L,80S,32MM , PIPE SEAMLESS,SS,A312",doc_spec_sentence,,,,TRUE
REAL-CLUST-PIP-SMLS,SEAMLESS STEEL PIPE FOR INDUSTRIAL / LINE CONDUIT,40171501,NTPC Limited,ntpctender.ntpc.co.in,,28971,"TP304L,80S,40MM , PIPE SEAMLESS,SS,A312",doc_spec_sentence,,,,TRUE
REAL-CLUST-PIP-SMLS,SEAMLESS STEEL PIPE FOR INDUSTRIAL / LINE CONDUIT,40171501,NTPC Limited,ntpctender.ntpc.co.in,,28971,"TP304L,80S,50MM , PIPE SEAMLESS,SS,A312",doc_spec_sentence,,,,TRUE
REAL-CLUST-VLV-BALL,INDUSTRIAL BALL VALVE FLOATING / TRUNNION,40141611,NTPC Limited,ntpctender.ntpc.co.in,,28868,VALVE-BALL > 100 MM OR CLASS > 800;,doc_spec_sentence,,,,TRUE
REAL-CLUST-ROT-BRG,ANTI-FRICTION INDUSTRIAL ROLLING BEARING,31171504,NTPC Limited,ntpctender.ntpc.co.in,,29038,"bags of capacity 50 kg each, conforming to IS 11652: 1986, bearing",doc_spec_sentence,,,,TRUE
REAL-CLUST-CBL-11KV,11 KV 3C XLPE ARMOURED ALUMINIUM CONDUCTOR POWER CABLE,26121629,NTPC Limited,ntpctender.ntpc.co.in,,28886,"CABLE, PWR, 150MM2, 1C, STRANDED, AL, 11KV , CABLE",doc_spec_string,,,,TRUE
REAL-CLUST-PIP-SMLS,SEAMLESS STEEL PIPE FOR INDUSTRIAL / LINE CONDUIT,40171501,NTPC Limited,ntpctender.ntpc.co.in,,28971,"SEAMLESS,SS,A312-TP304L,80S,15MM , PIPE",doc_spec_string,,,,TRUE
REAL-CLUST-PIP-SMLS,SEAMLESS STEEL PIPE FOR INDUSTRIAL / LINE CONDUIT,40171501,NTPC Limited,ntpctender.ntpc.co.in,,28971,"SEAMLESS,SS,A312-TP304L,80S,25MM , PIPE",doc_spec_string,,,,TRUE
REAL-CLUST-VLV-GATE,INDUSTRIAL GATE VALVE FLANGED / SCREWED,40141607,NTPC Limited,ntpctender.ntpc.co.in,GEM/2026/B/7538308,29851,Consolidated Procurement of CI Gate Valves for Farakka & Darlipalli,nit_brief_description,,,,TRUE
REAL-CLUST-VLV-GATE,INDUSTRIAL GATE VALVE FLANGED / SCREWED,40141607,NTPC Limited,ntpctender.ntpc.co.in,GEM/2026/B/7475009,29765,"Consolidated Procurement of CI Gate Valves for Singrauli, Unchahar, Tanda, Talcher, North Karanpura, Mouda, Solapur & Khargone",nit_brief_description,,,,TRUE
REAL-CLUST-VLV-GATE,INDUSTRIAL GATE VALVE FLANGED / SCREWED,40141607,NTPC Limited,ntpctender.ntpc.co.in,56MEG-09-05-08-2025,28910,KNIFE EDGE GATE VALVE UP TO 350NB,nit_brief_description,,,,TRUE
REAL-CLUST-FLG-WN,FORGED STEEL PIPE FLANGE ASME B16.5,40141720,NTPC Limited,ntpctender.ntpc.co.in,GEM/2026/B/7793843,30069,PROCUREMENT OF SS 316 L FLANGES FOR ASH HANDLING,nit_brief_description,,,,TRUE
REAL-CLUST-ROT-BRG,ANTI-FRICTION INDUSTRIAL ROLLING BEARING,31171504,NTPC Limited,ntpctender.ntpc.co.in,GEM/2026/B/7786035,30065,Procurement of Bearings (Cat C Type),nit_brief_description,,,,TRUE
REAL-CLUST-CBL-11KV,11 KV 3C XLPE ARMOURED ALUMINIUM CONDUCTOR POWER CABLE,26121629,NTPC Limited,ntpctender.ntpc.co.in,GEM/2025/B/6424684,28886,Supply of 11 KV Cables for NTPC Singrauli Township,nit_brief_description,,,,TRUE
REAL-CLUST-FLG-WN,FORGED STEEL PIPE FLANGE ASME B16.5,40141720,Oil India Limited,oil-india.com,GEM/2024/B/4880002,,100 mm Flanges,archived_tender,,,,TRUE
REAL-CLUST-PIP-SMLS,SEAMLESS STEEL PIPE FOR INDUSTRIAL / LINE CONDUIT,40171501,Oil India Limited,oil-india.com,GEM/2024/B/5137821,,"127.00 MM (5"" ) API GRADE G-105 DRILL PIPE , 127.00 MM (5"" ) API GRADE S-135 DRILL PIPE",archived_tender,,,,TRUE
REAL-CLUST-PIP-SMLS,SEAMLESS STEEL PIPE FOR INDUSTRIAL / LINE CONDUIT,40171501,Oil India Limited,oil-india.com,GEM/2024/B/5359210,,"127.00 MM (5"" ) API GRADE G-105 DRILL PIPE, 127.00 MM (5"" ) API GRADE S-135 DRILL PIPE",archived_tender,,,,TRUE
REAL-CLUST-PIP-SMLS,SEAMLESS STEEL PIPE FOR INDUSTRIAL / LINE CONDUIT,40171501,Oil India Limited,oil-india.com,GEM/2026/B/7220982,,"2.7/8"" OD Left Hand Drill Pipes , 2.7/8"" OD Grade 'G' RH Drill Pipe",archived_tender,,,,TRUE
REAL-CLUST-CBL-11KV,11 KV 3C XLPE ARMOURED ALUMINIUM CONDUCTOR POWER CABLE,26121629,Oil India Limited,oil-india.com,GEM/2026/B/7880777,,3 Core 11 KV XLPE Insulated Aluminum Cables,archived_tender,,,,TRUE
REAL-CLUST-PIP-SMLS,SEAMLESS STEEL PIPE FOR INDUSTRIAL / LINE CONDUIT,40171501,Oil India Limited,oil-india.com,GEM/2024/B/4520517,,4 inch Seamless Line pipes,archived_tender,,,,TRUE
REAL-CLUST-PIP-SMLS,SEAMLESS STEEL PIPE FOR INDUSTRIAL / LINE CONDUIT,40171501,Oil India Limited,oil-india.com,GEM/2024/B/4745938,,5 inch Heavy Weight Drill Pipes,archived_tender,,,,TRUE
REAL-CLUST-PIP-SMLS,SEAMLESS STEEL PIPE FOR INDUSTRIAL / LINE CONDUIT,40171501,Oil India Limited,oil-india.com,GEM/2024/B/5145714,,5-inch Heavy Weight Drill Pipes,archived_tender,,,,TRUE
REAL-CLUST-PIP-SMLS,SEAMLESS STEEL PIPE FOR INDUSTRIAL / LINE CONDUIT,40171501,Oil India Limited,oil-india.com,GEM/2024/B/5392367,,"73.02 MM (2.7/8"" ) API GRADE G-105 LEFT HAND CONNECTION DRILL PIPE , 73.02 MM (2.7/8"" ) API GRADE G-105 DRILL PIPE",archived_tender,,,,TRUE
REAL-CLUST-VLV-GATE,INDUSTRIAL GATE VALVE FLANGED / SCREWED,40141607,Oil India Limited,oil-india.com,GEM/2026/B/7568384,,"API 600 Cast Carbon Steel Gate Valve Size: 4'', Class 150",archived_tender,,,,TRUE
REAL-CLUST-VLV-GATE,INDUSTRIAL GATE VALVE FLANGED / SCREWED,40141607,Oil India Limited,oil-india.com,GEM/2025/B/6997995,,API 600 Gate valve,archived_tender,,,,TRUE
REAL-CLUST-VLV-GATE,INDUSTRIAL GATE VALVE FLANGED / SCREWED,40141607,Oil India Limited,oil-india.com,GEM/2025/B/5920976,,API 600 Gate valve & 6D Plug valve,archived_tender,,,,TRUE
REAL-CLUST-VLV-GATE,INDUSTRIAL GATE VALVE FLANGED / SCREWED,40141607,Oil India Limited,oil-india.com,GEM/2025/B/6997882,,"API 600 Gate valve 16"", 24""",archived_tender,,,,TRUE
REAL-CLUST-VLV-GATE,INDUSTRIAL GATE VALVE FLANGED / SCREWED,40141607,Oil India Limited,oil-india.com,GEM/2025/B/6997786,,"API 600 Gate valve 8"", 10""",archived_tender,,,,TRUE
REAL-CLUST-VLV-GATE,INDUSTRIAL GATE VALVE FLANGED / SCREWED,40141607,Oil India Limited,oil-india.com,GEM/2024/B/4864001,,API 600 Gate valves,archived_tender,,,,TRUE
REAL-CLUST-VLV-GATE,INDUSTRIAL GATE VALVE FLANGED / SCREWED,40141607,Oil India Limited,oil-india.com,GEM/2024/B/4858983,,API 6A Gate valves,archived_tender,,,,TRUE
REAL-CLUST-VLV-BALL,INDUSTRIAL BALL VALVE FLOATING / TRUNNION,40141611,Oil India Limited,oil-india.com,GEM/2025/B/6167934,,API 6D Ball valve,archived_tender,,,,TRUE
REAL-CLUST-VLV-GATE,INDUSTRIAL GATE VALVE FLANGED / SCREWED,40141607,Oil India Limited,oil-india.com,GEM/2024/B/5041548,,API 6D Gate Valve,archived_tender,,,,TRUE
REAL-CLUST-VLV-BALL,INDUSTRIAL BALL VALVE FLOATING / TRUNNION,40141611,Oil India Limited,oil-india.com,GEM/2026/B/7548247,,API 6D ball valve,archived_tender,,,,TRUE
REAL-CLUST-FLG-WN,FORGED STEEL PIPE FLANGE ASME B16.5,40141720,Oil India Limited,oil-india.com,GEM/2026/B/7660303,,"API Blind Flange 9 inch 3000 psi , Ring Gasket RX 49",archived_tender,,,,TRUE
REAL-CLUST-ROT-BRG,ANTI-FRICTION INDUSTRIAL ROLLING BEARING,31171504,Oil India Limited,oil-india.com,SSI9719P26,,BEARINGS UNDER RATE CONTRACT,archived_tender,,,,TRUE
REAL-CLUST-FLG-WN,FORGED STEEL PIPE FLANGE ASME B16.5,40141720,Oil India Limited,oil-india.com,GOD5664L24,,BLIND FLANGE,archived_tender,,,,TRUE
REAL-CLUST-FLG-WN,FORGED STEEL PIPE FLANGE ASME B16.5,40141720,Oil India Limited,oil-india.com,GEM/2024/B/5408848,,BLIND FLANGE (OIL MATERIAL CODE: 03533041),archived_tender,,,,TRUE
REAL-CLUST-ROT-BRG,ANTI-FRICTION INDUSTRIAL ROLLING BEARING,31171504,Oil India Limited,oil-india.com,SDI1948L27,,Bearings. Bearings,archived_tender,,,,TRUE
REAL-CLUST-FLG-WN,FORGED STEEL PIPE FLANGE ASME B16.5,40141720,Oil India Limited,oil-india.com,GEM/2024/B/4832834,,"Bend, Coupling, Elbow, Flange, Tees & Union",archived_tender,,,,TRUE
REAL-CLUST-CBL-11KV,11 KV 3C XLPE ARMOURED ALUMINIUM CONDUCTOR POWER CABLE,26121629,Oil India Limited,oil-india.com,GEM/2024/B/4853339,,"Cable, 3.5C x 240 sqmm, 1100V, PVCA Alu (Q3) , Cable, 3C x 240 mm2, 11kV (UE) , XLPE Alu",archived_tender,,,,TRUE
REAL-CLUST-FLG-WN,FORGED STEEL PIPE FLANGE ASME B16.5,40141720,Oil India Limited,oil-india.com,GEM/2025/B/5803380,,"Casing Head Housing-Water Disposal Well , Hanger Flg. for Water Disposal Well Head",archived_tender,,,,TRUE
REAL-CLUST-FLG-WN,FORGED STEEL PIPE FLANGE ASME B16.5,40141720,Oil India Limited,oil-india.com,GEM/2025/B/6013717,,Change Adapter Flange,archived_tender,,,,TRUE
REAL-CLUST-FLG-WN,FORGED STEEL PIPE FLANGE ASME B16.5,40141720,Oil India Limited,oil-india.com,GEM/2025/B/5870344,,Christmas Tree Cap / Cap Flange,archived_tender,,,,TRUE
REAL-CLUST-FLG-WN,FORGED STEEL PIPE FLANGE ASME B16.5,40141720,Oil India Limited,oil-india.com,GEM/2024/B/4990483,,DOUBLE PACK OFF FLANGE 11 INCH x 5 M,archived_tender,,,,TRUE
REAL-CLUST-PIP-SMLS,SEAMLESS STEEL PIPE FOR INDUSTRIAL / LINE CONDUIT,40171501,Oil India Limited,oil-india.com,GEM/2026/B/7660836,,"Drill Pipe 5"" OD Grade G 105 and S 135",archived_tender,,,,TRUE
REAL-CLUST-PMP-CENT,CENTRIFUGAL PROCESS PUMP / SPARES,40151503,Oil India Limited,oil-india.com,GEM/2026/B/7104447,,"Electrical Motor Driven, Centrifugal Pump",archived_tender,,,,TRUE
REAL-CLUST-VLV-GATE,INDUSTRIAL GATE VALVE FLANGED / SCREWED,40141607,Oil India Limited,oil-india.com,GEM/2025/B/6781658,,FLANGE & GATE VALVE,archived_tender,,,,TRUE
REAL-CLUST-FLG-WN,FORGED STEEL PIPE FLANGE ASME B16.5,40141720,Oil India Limited,oil-india.com,GEM/2025/B/6372393,,FLANGE FLANGE,archived_tender,,,,TRUE
REAL-CLUST-FLG-WN,FORGED STEEL PIPE FLANGE ASME B16.5,40141720,Oil India Limited,oil-india.com,GEM/2024/B/5080440,,Flange Flange,archived_tender,,,,TRUE
REAL-CLUST-FLG-WN,FORGED STEEL PIPE FLANGE ASME B16.5,40141720,Oil India Limited,oil-india.com,GEM/2025/B/5950109,,"Flange, FCS, RTJ, 5000 PSI, Size: 4""",archived_tender,,,,TRUE
REAL-CLUST-FLG-WN,FORGED STEEL PIPE FLANGE ASME B16.5,40141720,Oil India Limited,oil-india.com,GEM/2026/B/7259001,,Flanges & Valve,archived_tender,,,,TRUE
REAL-CLUST-FLG-WN,FORGED STEEL PIPE FLANGE ASME B16.5,40141720,Oil India Limited,oil-india.com,GEM/2025/B/6204492,,Flanges Flanges,archived_tender,,,,TRUE
REAL-CLUST-FLG-WN,FORGED STEEL PIPE FLANGE ASME B16.5,40141720,Oil India Limited,oil-india.com,GEM/2026/B/7541331,,Flanges. Flanges,archived_tender,,,,TRUE
REAL-CLUST-VLV-GATE,INDUSTRIAL GATE VALVE FLANGED / SCREWED,40141607,Oil India Limited,oil-india.com,GEM/2024/B/5039020,,"Gate Valve, 2.1/16 inch x 5000 PSI, API 6A",archived_tender,,,,TRUE
REAL-CLUST-VLV-GATE,INDUSTRIAL GATE VALVE FLANGED / SCREWED,40141607,Oil India Limited,oil-india.com,GEM/2026/B/7413690,,Gate Valves,archived_tender,,,,TRUE
REAL-CLUST-VLV-GATE,INDUSTRIAL GATE VALVE FLANGED / SCREWED,40141607,Oil India Limited,oil-india.com,GEM/2026/B/7771837,,Gate valve,archived_tender,,,,TRUE
REAL-CLUST-VLV-GATE,INDUSTRIAL GATE VALVE FLANGED / SCREWED,40141607,Oil India Limited,oil-india.com,GEM/2025/B/6911823,,Gate valve for Rigs,archived_tender,,,,TRUE
REAL-CLUST-VLV-GATE,INDUSTRIAL GATE VALVE FLANGED / SCREWED,40141607,Oil India Limited,oil-india.com,GEM/2026/B/7678663,,Globe Valves and Gate Valves,archived_tender,,,,TRUE
REAL-CLUST-FLG-WN,FORGED STEEL PIPE FLANGE ASME B16.5,40141720,Oil India Limited,oil-india.com,GEM/2024/B/5450683,,"HANGER FLANGE 11"" X 3.1/8"" (5000 PSI RATING) , HANGER FLANGE 11"" X 3.1/16"" (10000 PSI RATING)",archived_tender,,,,TRUE
REAL-CLUST-PMP-CENT,CENTRIFUGAL PROCESS PUMP / SPARES,40151503,Oil India Limited,oil-india.com,GEM/2024/B/4805010,,HIRING SERVICES OF CONDITION BASED MONITORING (OFFLINE MONITORING SYSTEM)FOR MAINLINE CENTRIFUGAL PUMPS & MOTORS AND BOOSTER CENTRIFUGAL PUMPS AND MOTORS IN ALL PUMP STATIONS OF PIPELINE SPHERE FOR A PEIOD OF 3(THREE) YEARS,archived_tender,,,,TRUE
REAL-CLUST-FLG-WN,FORGED STEEL PIPE FLANGE ASME B16.5,40141720,Oil India Limited,oil-india.com,GEM/2025/B/6013888,,Hanger Flange,archived_tender,,,,TRUE
REAL-CLUST-PMP-CENT,CENTRIFUGAL PROCESS PUMP / SPARES,40151503,Oil India Limited,oil-india.com,GEM/2025/B/6563731,,Horizontal multistage centrifugal pump,archived_tender,,,,TRUE
REAL-CLUST-PIP-SMLS,SEAMLESS STEEL PIPE FOR INDUSTRIAL / LINE CONDUIT,40171501,Oil India Limited,oil-india.com,GEM/2025/B/6570527,,"LINE PIPE 2"" SEAMLESS B/E",archived_tender,,,,TRUE
REAL-CLUST-PIP-SMLS,SEAMLESS STEEL PIPE FOR INDUSTRIAL / LINE CONDUIT,40171501,Oil India Limited,oil-india.com,GEM/2025/B/5950023,,"Line Pipe, 1/4"" , Seamless, S&C",archived_tender,,,,TRUE
REAL-CLUST-PIP-SMLS,SEAMLESS STEEL PIPE FOR INDUSTRIAL / LINE CONDUIT,40171501,Oil India Limited,oil-india.com,GEM/2025/B/6353038,,"Line Pipe, 4"", Seamless, B/E, 12.66 PPF",archived_tender,,,,TRUE
REAL-CLUST-PIP-SMLS,SEAMLESS STEEL PIPE FOR INDUSTRIAL / LINE CONDUIT,40171501,Oil India Limited,oil-india.com,GEM/2025/B/6353142,,"Line Pipe, 4"", Seamless, BE, 19 PPF",archived_tender,,,,TRUE
REAL-CLUST-PIP-SMLS,SEAMLESS STEEL PIPE FOR INDUSTRIAL / LINE CONDUIT,40171501,Oil India Limited,oil-india.com,GEM/2025/B/6563365,,"Line Pipe, Seamless, 1"" & 1/2"" S&C",archived_tender,,,,TRUE
REAL-CLUST-PIP-SMLS,SEAMLESS STEEL PIPE FOR INDUSTRIAL / LINE CONDUIT,40171501,Oil India Limited,oil-india.com,GEM/2026/B/7475648,,"Line Pipe, Seamless, 1"" and 1/2""",archived_tender,,,,TRUE
REAL-CLUST-PIP-SMLS,SEAMLESS STEEL PIPE FOR INDUSTRIAL / LINE CONDUIT,40171501,Oil India Limited,oil-india.com,GEM/2024/B/5153550,,Lower Kelly Cock for 5 inches Drill Pipe,archived_tender,,,,TRUE
REAL-CLUST-VLV-GATE,INDUSTRIAL GATE VALVE FLANGED / SCREWED,40141607,Oil India Limited,oil-india.com,GEM/2024/B/5733685,,MANUAL GATE VALVE,archived_tender,,,,TRUE
REAL-CLUST-FLG-WN,FORGED STEEL PIPE FLANGE ASME B16.5,40141720,Oil India Limited,oil-india.com,GEM/2025/B/6443119,,Nipples & Flanges,archived_tender,,,,TRUE
REAL-CLUST-ROT-BRG,ANTI-FRICTION INDUSTRIAL ROLLING BEARING,31171504,Oil India Limited,oil-india.com,GEM/2024/B/5346373,,Pillow Block Bearings,archived_tender,,,,TRUE
REAL-CLUST-FLG-WN,FORGED STEEL PIPE FLANGE ASME B16.5,40141720,Oil India Limited,oil-india.com,GEM/2026/B/7633969,,"Pipe Fittings. (Bends with Couplings, Bushings, Couplings, Elbows, Plugs & Flange)",archived_tender,,,,TRUE
REAL-CLUST-ROT-BRG,ANTI-FRICTION INDUSTRIAL ROLLING BEARING,31171504,Oil India Limited,oil-india.com,SSI0542L26,,Procurement of Bearings (Qty.- 300),archived_tender,,,,TRUE
REAL-CLUST-PMP-CENT,CENTRIFUGAL PROCESS PUMP / SPARES,40151503,Oil India Limited,oil-india.com,GEM/2026/B/7850132,,Procurement of SS Suction tools & Fittings of Centrifugal Pumps for use in Drilling rigs,archived_tender,,,,TRUE
REAL-CLUST-PMP-CENT,CENTRIFUGAL PROCESS PUMP / SPARES,40151503,Oil India Limited,oil-india.com,GEM/2024/B/5469567,,SKID MOUNTED DIESEL ENGINE DRIVEN CENTRIFUGAL PUMPSET,archived_tender,,,,TRUE
REAL-CLUST-PMP-CENT,CENTRIFUGAL PROCESS PUMP / SPARES,40151503,Oil India Limited,oil-india.com,GEM/2026/B/7267651,,SKID MOUNTED PORTABLE TYPE DIESEL ENGINE DRIVEN CENTRIFUGAL PUMP,archived_tender,,,,TRUE
REAL-CLUST-PMP-CENT,CENTRIFUGAL PROCESS PUMP / SPARES,40151503,Oil India Limited,oil-india.com,KIS0237L26,,SPARES FOR COOLING WATER PUMP,archived_tender,,,,TRUE
REAL-CLUST-FLG-WN,FORGED STEEL PIPE FLANGE ASME B16.5,40141720,Oil India Limited,oil-india.com,GEM/2024/B/5575466,,"SPOOL 11"" X 5000 PSI TOP FLANGE , Casing Head Housing, 13.3/8"" x5000 PSI BTC",archived_tender,,,,TRUE
REAL-CLUST-FLG-WN,FORGED STEEL PIPE FLANGE ASME B16.5,40141720,Oil India Limited,oil-india.com,GEM/2026/B/7282361,,"SPOOL, 11"" X 10000 PSI TOP FLANGE, 13.5/8"" X 5000 PSI BOTTOM FLANGE",archived_tender,,,,TRUE
REAL-CLUST-FLG-WN,FORGED STEEL PIPE FLANGE ASME B16.5,40141720,Oil India Limited,oil-india.com,GEM/2024/B/5369888,,"STUD for 2"" RF Flange , STUD for 4"" RF Flange , STUD for 6"" RF Flange , STUD for 8"" RF Flange",archived_tender,,,,TRUE
REAL-CLUST-ROT-BRG,ANTI-FRICTION INDUSTRIAL ROLLING BEARING,31171504,Oil India Limited,oil-india.com,GEM/2025/B/6341502,,SUPPLY OF BALL BEARING EXTRACTOR SET,archived_tender,,,,TRUE
REAL-CLUST-VLV-BALL,INDUSTRIAL BALL VALVE FLOATING / TRUNNION,40141611,Oil India Limited,oil-india.com,GEM/2025/B/6525739,,SUPPLY OF BALL VALVES AND HEX NIPPLES,archived_tender,,,,TRUE
REAL-CLUST-ROT-BRG,ANTI-FRICTION INDUSTRIAL ROLLING BEARING,31171504,Oil India Limited,oil-india.com,SSI5395P24,,SUPPLY OF BEARINGS,archived_tender,,,,TRUE
REAL-CLUST-PIP-SMLS,SEAMLESS STEEL PIPE FOR INDUSTRIAL / LINE CONDUIT,40171501,Oil India Limited,oil-india.com,GEM/2026/B/7534195,,Seamless Steel Line Pipe,archived_tender,,,,TRUE
REAL-CLUST-FLG-WN,FORGED STEEL PIPE FLANGE ASME B16.5,40141720,Oil India Limited,oil-india.com,GEM/2024/B/4743167,,Slip On Flanges,archived_tender,,,,TRUE
REAL-CLUST-FLG-WN,FORGED STEEL PIPE FLANGE ASME B16.5,40141720,Oil India Limited,oil-india.com,GEM/2024/B/5667784,,Slip on Flanges,archived_tender,,,,TRUE
REAL-CLUST-VLV-GATE,INDUSTRIAL GATE VALVE FLANGED / SCREWED,40141607,Oil India Limited,oil-india.com,SSG5496L24,,Spares for Gate Valve,archived_tender,,,,TRUE
REAL-CLUST-FLG-WN,FORGED STEEL PIPE FLANGE ASME B16.5,40141720,Oil India Limited,oil-india.com,GEM/2026/B/7223850,,"Stuffing Box, Flow Tee, Flange and Polished Rod BOP",archived_tender,,,,TRUE
REAL-CLUST-FLG-WN,FORGED STEEL PIPE FLANGE ASME B16.5,40141720,Oil India Limited,oil-india.com,GEM/2024/B/5303891,,"Supply of Double Pack Off Flange 11"" x 10M , DOUBLE PACK OFF FLANGE 13.5/8"" x5M-5M , DOUBLE PACK OFF FLANGE 11"" x10M-11"" x10M",archived_tender,,,,TRUE
REAL-CLUST-FLG-WN,FORGED STEEL PIPE FLANGE ASME B16.5,40141720,Oil India Limited,oil-india.com,GEM/2024/B/5460540,,"Supply of Flange, Companion, 1.13/16"" x 10000 PSI , Companion Flange, 2.1/16"" , 10000 psi",archived_tender,,,,TRUE
REAL-CLUST-FLG-WN,FORGED STEEL PIPE FLANGE ASME B16.5,40141720,Oil India Limited,oil-india.com,GEM/2024/B/4921411,,"Supply of Flange, Companion, 3.1/16"" x 10000 PSI",archived_tender,,,,TRUE
REAL-CLUST-VLV-GATE,INDUSTRIAL GATE VALVE FLANGED / SCREWED,40141607,Oil India Limited,oil-india.com,GEM/2024/B/4754859,,"Supply of Manual Gate Valve, FNSD 3.1/16 Inch , 10000 PSI",archived_tender,,,,TRUE
REAL-CLUST-PIP-SMLS,SEAMLESS STEEL PIPE FOR INDUSTRIAL / LINE CONDUIT,40171501,Oil India Limited,oil-india.com,DFS6754L25,,"Supply of Spares for 5"" OD Drill Pipe Extra Long Rotary Slip",archived_tender,,,,TRUE
REAL-CLUST-VLV-GATE,INDUSTRIAL GATE VALVE FLANGED / SCREWED,40141607,Oil India Limited,oil-india.com,SSG7459L25,,Supply of Spares for Gate Valve,archived_tender,,,,TRUE
REAL-CLUST-ROT-BRG,ANTI-FRICTION INDUSTRIAL ROLLING BEARING,31171504,Oil India Limited,oil-india.com,GOD6833L25,,"VIBRATION MONITORING TOOL , INTERNAL MECHANICAL PULLER SET , STUD EXTRACTOR SET , EXTERNAL & INTERNAL THREAD REPAIR SET , PORTABLE BEARING INDUCTION HEATER",archived_tender,,,,TRUE
REAL-CLUST-VLV-GATE,INDUSTRIAL GATE VALVE FLANGED / SCREWED,40141607,Oil India Limited,oil-india.com,GEM/2025/B/5800941,,"Valve, Needle, FS, API LPT, Scr, 1/2"" x5000 Lb, Valve, Globe, Size: 1/2"" (12.7 mm), Valve, Gate, API LPT, 3' x128 Lbs, API Std. 5B",archived_tender,,,,TRUE
REAL-CLUST-PIP-SMLS,SEAMLESS STEEL PIPE FOR INDUSTRIAL / LINE CONDUIT,40171501,Oil India Limited,oil-india.com,SSG5410P18/01,,100 mm Seamless Line Pipe,historical_tender,,,,TRUE
REAL-CLUST-PIP-SMLS,SEAMLESS STEEL PIPE FOR INDUSTRIAL / LINE CONDUIT,40171501,Oil India Limited,oil-india.com,SSG4352P18/01,,"100 mm Seamless Line Pipe, Screwed and Coupled, API 5L. Qty.: 03 Km",historical_tender,,,,TRUE
REAL-CLUST-PIP-SMLS,SEAMLESS STEEL PIPE FOR INDUSTRIAL / LINE CONDUIT,40171501,Oil India Limited,oil-india.com,SSG8490P16/05,,"100 mm Seamless line pipe, API-5L, Grade X-46. Qty : 1.2 km",historical_tender,,,,TRUE
REAL-CLUST-FLG-WN,FORGED STEEL PIPE FLANGE ASME B16.5,40141720,Oil India Limited,oil-india.com,GEM/2021/B/1180315,,"10_ HAMMER LUG UNION 2"" X FIG 1502M & FTH , HCR VALVE ASSEMBLY 2.1/16"" X 10M , 30_ HCR VALVE ASSEMBLY 7.1/16"" X 10M , 40_ COMPANION FLANGE 2.1/16"" X 10M WITH 2"" , 50_ COMPANION FLANGE 2.1/16"" X 10M WITH 2"" F , 60_ COMPANION FLANGE 7.1/16"" X 10M",historical_tender,,,,TRUE
REAL-CLUST-FLG-WN,FORGED STEEL PIPE FLANGE ASME B16.5,40141720,Oil India Limited,oil-india.com,GEM/2021/B/1028920,,"10_ Hammer Lug Union, 2"" x Fig 1502 M , 20_ HCR Valve Assy, 2.1/16"" x 10M , 30_ HCR Valve Assy, 7.1/16"" x 10M , 40_Companion Flange, 2.1/16"" x 10M , 50_ Companion Flange, 2./16"" x 10M , Companion Flange, 7.1/16"" x 10M with 2""",historical_tender,,,,TRUE
REAL-CLUST-VLV-GATE,INDUSTRIAL GATE VALVE FLANGED / SCREWED,40141607,Oil India Limited,oil-india.com,GEM/2021/B/1558359,,"10_ VALVE, GATE, API 6D, 8"" X600 CLASS , 20_ VALVE, GATE, API 6D, 4"" X600 CLASS , 30_ VALVE, GATE, API 6D, 6"" X600 CLASS , 40_ VALVE, GATE, API 6D, 4"" X600 CLASS",historical_tender,,,,TRUE
REAL-CLUST-CBL-11KV,11 KV 3C XLPE ARMOURED ALUMINIUM CONDUCTOR POWER CABLE,26121629,Oil India Limited,oil-india.com,GEM/2021/B/1262080,,"11 kV VCB Switch board with 8 nos. VCB Panel along with control supply and other accessories , 11KV, 3 Phase Cable Termination KIT",historical_tender,,,,TRUE
REAL-CLUST-FLG-WN,FORGED STEEL PIPE FLANGE ASME B16.5,40141720,Oil India Limited,oil-india.com,GEM/2023/B/3252368,,"11"" X 10000 psi top flanged and 13.5/8"" (03530516) (Q3) , X-type bushing (Secondary Seal, type: FS (03530517) (Q3) , Slip Seal Assembly (Primary Seal) (03530536) (Q3) , Plug Tester having API 114.3 mm ((4.1/2"" ) (03530558) (Q3)",historical_tender,,,,TRUE
REAL-CLUST-FLG-WN,FORGED STEEL PIPE FLANGE ASME B16.5,40141720,Oil India Limited,oil-india.com,GEM/2023/B/2946440,,"11"" X 10000 psi top flanged and 13.5/8"" (03530516) (Q3) , X-type bushing (Secondary Seal, type: FS (03530517) (Q3) ,Slip Seal Assy. for 03-53-0514 (03530536) (Q3) , Plug Tester for 03-53-0514 (03530558) (Q3)",historical_tender,,,,TRUE
REAL-CLUST-PIP-SMLS,SEAMLESS STEEL PIPE FOR INDUSTRIAL / LINE CONDUIT,40171501,Oil India Limited,oil-india.com,SSG7282P16/01,,"114.3 mm O.D. seamless steel line pipe, grade X 46, API 5L. Qty: 73,000 Mtrs",historical_tender,,,,TRUE
REAL-CLUST-PIP-SMLS,SEAMLESS STEEL PIPE FOR INDUSTRIAL / LINE CONDUIT,40171501,Oil India Limited,oil-india.com,SDG7493P18/09,,114.30 MM (4.1/2&quot;) API GRADE G-105 DRILL PIPE,historical_tender,,,,TRUE
REAL-CLUST-PIP-SMLS,SEAMLESS STEEL PIPE FOR INDUSTRIAL / LINE CONDUIT,40171501,Oil India Limited,oil-india.com,SSG7280P16/01,,"114.30 mm O.D. seamless steel line pipe, grade X 60, API 5L. Qty: 70,000 Mtrs",historical_tender,,,,TRUE
REAL-CLUST-PIP-SMLS,SEAMLESS STEEL PIPE FOR INDUSTRIAL / LINE CONDUIT,40171501,Oil India Limited,oil-india.com,GEM/2022/B/1991571,,"127.00 MM (5"" ) API GRADE G-105 DRILL PIPE (Q3) , 127.00 MM (5"" ) API GRADE S-135 DRILL PIPE (Q3) , 88.90 MM (3.1/2"" ) API GRADE G-105 DRILL PIPE (Q3)",historical_tender,,,,TRUE
REAL-CLUST-PIP-SMLS,SEAMLESS STEEL PIPE FOR INDUSTRIAL / LINE CONDUIT,40171501,Oil India Limited,oil-india.com,SDG3314P17/09,,127.00 mm OD Drill Pipe. Qty: 5000 Nos,historical_tender,,,,TRUE
REAL-CLUST-PIP-SMLS,SEAMLESS STEEL PIPE FOR INDUSTRIAL / LINE CONDUIT,40171501,Oil India Limited,oil-india.com,SDG8931P16/09,,"127.00MM API Grade 'G' Drill Pipe. Qty: 10,000 Mtr",historical_tender,,,,TRUE
REAL-CLUST-VLV-GATE,INDUSTRIAL GATE VALVE FLANGED / SCREWED,40141607,Oil India Limited,oil-india.com,GEM/2023/B/3892118,,16” Gate valve & 16” swing check valve,historical_tender,,,,TRUE
REAL-CLUST-FLG-WN,FORGED STEEL PIPE FLANGE ASME B16.5,40141720,Oil India Limited,oil-india.com,SKI8827P16,,170 Nos. & 100 pair of Flanges as per Annexure II,historical_tender,,,,TRUE
REAL-CLUST-VLV-GATE,INDUSTRIAL GATE VALVE FLANGED / SCREWED,40141607,Oil India Limited,oil-india.com,GEM/2022/B/2346029,,"2"" Gate Valves (Q3)",historical_tender,,,,TRUE
REAL-CLUST-FLG-WN,FORGED STEEL PIPE FLANGE ASME B16.5,40141720,Oil India Limited,oil-india.com,GEM/2021/B/1318834,,"2'' x 300 Class Flange Weld Neck RF ( PAC Only ) , 4'' x 300 Class Flange Blind RF ( PAC Only ) , 4'' x 300 Class Flange Slip-On ( PAC Only ) , 6'' x 300 Class Flange Slip-On RF ( PAC Only ) , 6'' x 300 Class Flange Weld Neck RF ( PAC Only ) , 6'' x 300 Class Flange Blind RF ( PAC Only ) , 6'' x 600 Class Flange Blind RTJ ( PAC Only )",historical_tender,,,,TRUE
REAL-CLUST-PIP-SMLS,SEAMLESS STEEL PIPE FOR INDUSTRIAL / LINE CONDUIT,40171501,Oil India Limited,oil-india.com,GEM/2021/B/1670982,,"2.7/8"" API GRADE S-135 DRILL PIPE (Q3) , 5"" API GRADE G105 DRILL PIPE (Q3) , 5"" API GRADE S-135 DRILL PIPE (Q3)",historical_tender,,,,TRUE
REAL-CLUST-PIP-SMLS,SEAMLESS STEEL PIPE FOR INDUSTRIAL / LINE CONDUIT,40171501,Oil India Limited,oil-india.com,SSG7479P16/05,,"25 mm, Seamless, API 5L, Steel line pipe .Qty: 4.1 Kms",historical_tender,,,,TRUE
REAL-CLUST-VLV-BALL,INDUSTRIAL BALL VALVE FLOATING / TRUNNION,40141611,Oil India Limited,oil-india.com,GEM/2022/B/2695081,,"2” x 1500 Class Ball Valve (Q3) , 3” x 1500 Class Ball Valve (Q3)",historical_tender,,,,TRUE
REAL-CLUST-VLV-GATE,INDUSTRIAL GATE VALVE FLANGED / SCREWED,40141607,Oil India Limited,oil-india.com,GEM/2022/B/2346229,,"3"" Gate Valves (Q3) , 8"" Gate Valves (Q3) , 4"" Gate Valves (Q3)",historical_tender,,,,TRUE
REAL-CLUST-VLV-GATE,INDUSTRIAL GATE VALVE FLANGED / SCREWED,40141607,Oil India Limited,oil-india.com,GEM/2023/B/3874282,,"3.1/16"" X 10, 000 PSI API 6A Gate Valve",historical_tender,,,,TRUE
REAL-CLUST-FLG-WN,FORGED STEEL PIPE FLANGE ASME B16.5,40141720,Oil India Limited,oil-india.com,KID3950L15/05,,"4"" Dia Flange WN RTJ ASME B16.5 900#63AARH SCH XXS ASTM A105 Groove R37",historical_tender,,,,TRUE
REAL-CLUST-PIP-SMLS,SEAMLESS STEEL PIPE FOR INDUSTRIAL / LINE CONDUIT,40171501,Oil India Limited,oil-india.com,GEM/2024/B/4520517,,4” Seamless Line pipes,historical_tender,,,,TRUE
REAL-CLUST-FLG-WN,FORGED STEEL PIPE FLANGE ASME B16.5,40141720,Oil India Limited,oil-india.com,KID2116L17/05,,"5"" HIGH PRESSURE FLANGES FOR USE IN DRILLING RIGS",historical_tender,,,,TRUE
REAL-CLUST-FLG-WN,FORGED STEEL PIPE FLANGE ASME B16.5,40141720,Oil India Limited,oil-india.com,KID0927L17/05,,"5"" X 5000 PSI WP, API 6B type RTJ Flange grooved",historical_tender,,,,TRUE
REAL-CLUST-PIP-SMLS,SEAMLESS STEEL PIPE FOR INDUSTRIAL / LINE CONDUIT,40171501,Oil India Limited,oil-india.com,GEM/2023/B/3518308,,5-inch Heavy Weight Drill Pipes (HWDP) (Q3),historical_tender,,,,TRUE
REAL-CLUST-PIP-SMLS,SEAMLESS STEEL PIPE FOR INDUSTRIAL / LINE CONDUIT,40171501,Oil India Limited,oil-india.com,SDG6852P18/07,,"5.1/2"" OD API DRILL PIPE (Quantity – 10 KMs) 5"" OD and 5.1/2"" OD PUP Joints (Quantity - 12 Nos each)",historical_tender,,,,TRUE
REAL-CLUST-PIP-SMLS,SEAMLESS STEEL PIPE FOR INDUSTRIAL / LINE CONDUIT,40171501,Oil India Limited,oil-india.com,SSG8489P16/05,,"50 mm Seamless Line Pipe, API-5L, Grade B; Qty : 3 km",historical_tender,,,,TRUE
REAL-CLUST-PIP-SMLS,SEAMLESS STEEL PIPE FOR INDUSTRIAL / LINE CONDUIT,40171501,Oil India Limited,oil-india.com,SSG4383P18/01,,"50 mm Seamless Line Pipe, Screwed and Coupled, API 5L. Qty.: 2.5 Km",historical_tender,,,,TRUE
REAL-CLUST-PIP-SMLS,SEAMLESS STEEL PIPE FOR INDUSTRIAL / LINE CONDUIT,40171501,Oil India Limited,oil-india.com,SSG5042P18/01,,"50 mm seamless line pipe, bevel ended, API 5L,",historical_tender,,,,TRUE
REAL-CLUST-PIP-SMLS,SEAMLESS STEEL PIPE FOR INDUSTRIAL / LINE CONDUIT,40171501,Oil India Limited,oil-india.com,SSG5041P18/01,,"50 mm seamless line pipe, screwed and coupled, API 5L",historical_tender,,,,TRUE
REAL-CLUST-VLV-GATE,INDUSTRIAL GATE VALVE FLANGED / SCREWED,40141607,Oil India Limited,oil-india.com,SDG6099P18/09,,52.38 mm Hydraulic Gate Valve; Qty.: 08 Nos,historical_tender,,,,TRUE
REAL-CLUST-VLV-GATE,INDUSTRIAL GATE VALVE FLANGED / SCREWED,40141607,Oil India Limited,oil-india.com,GEM/2022/B/2346429,,"6"" Gate Valves (Q3)",historical_tender,,,,TRUE
REAL-CLUST-PIP-SMLS,SEAMLESS STEEL PIPE FOR INDUSTRIAL / LINE CONDUIT,40171501,Oil India Limited,oil-india.com,SSG7273P16/01,,"60.3 mm O.D. seamless steel line pipe, grade: B, API 5L. Qty: 28,000 Mtrs",historical_tender,,,,TRUE
REAL-CLUST-VLV-GATE,INDUSTRIAL GATE VALVE FLANGED / SCREWED,40141607,Oil India Limited,oil-india.com,SDG1721P17/07,,6A Gate Valve -Two Items (Total Qty.: 09 Nos.),historical_tender,,,,TRUE
REAL-CLUST-PIP-SMLS,SEAMLESS STEEL PIPE FOR INDUSTRIAL / LINE CONDUIT,40171501,Oil India Limited,oil-india.com,GEM/2023/B/3943991,,"73.02 MM (2.7/8"" ) API GRADE G-105 LEFT HAND CONNECTION DRILL PIPE",historical_tender,,,,TRUE
REAL-CLUST-PIP-SMLS,SEAMLESS STEEL PIPE FOR INDUSTRIAL / LINE CONDUIT,40171501,Oil India Limited,oil-india.com,GEM/2022/B/1951496,,"73.02 MM (2.7/8"" ) API GRADE G-105 LEFT HAND CONNECTION DRILL PIPE (Q3) , 73.02 MM (2.7/8"" ) API GRADE G-105 DRILL PIPE (Q3)",historical_tender,,,,TRUE
REAL-CLUST-PIP-SMLS,SEAMLESS STEEL PIPE FOR INDUSTRIAL / LINE CONDUIT,40171501,Oil India Limited,oil-india.com,SDG3489P20/07,,73.02 MM 2.7 8 inchs API GRADE G-105 LEFT HAND CONNECTION DRILL PIPE,historical_tender,,,,TRUE
REAL-CLUST-FLG-WN,FORGED STEEL PIPE FLANGE ASME B16.5,40141720,Oil India Limited,oil-india.com,KIS4970L18/03,,ACCESSORIES FOR DESAND/DESILT PUMP SKID OF BHEL E-1400 AN D E-2000 RIGS WAFER TYPE FLANGELESS BUTTERFLY VALVE,historical_tender,,,,TRUE
REAL-CLUST-ROT-BRG,ANTI-FRICTION INDUSTRIAL ROLLING BEARING,31171504,Oil India Limited,oil-india.com,KIS6599L15,,ANTIFRICTION BEARING ALLOYS,historical_tender,,,,TRUE
REAL-CLUST-ROT-BRG,ANTI-FRICTION INDUSTRIAL ROLLING BEARING,31171504,Oil India Limited,oil-india.com,KIS4177L15/01,,ANTIFRICTION BEARING ALLOYS CONFORMING TO IS : 25 - 1966,historical_tender,,,,TRUE
REAL-CLUST-VLV-GATE,INDUSTRIAL GATE VALVE FLANGED / SCREWED,40141607,Oil India Limited,oil-india.com,SDG9077P19/06,,API 600 CAST CARBON STEEL GATE VALVE,historical_tender,,,,TRUE
REAL-CLUST-VLV-GATE,INDUSTRIAL GATE VALVE FLANGED / SCREWED,40141607,Oil India Limited,oil-india.com,GEM/2023/B/4315763,,API 600 GATE VALVES,historical_tender,,,,TRUE
REAL-CLUST-VLV-GATE,INDUSTRIAL GATE VALVE FLANGED / SCREWED,40141607,Oil India Limited,oil-india.com,SDG1472P17/07,,API 600 Gate Valve. (03 Items-Total Qty. 100 Nos.),historical_tender,,,,TRUE
REAL-CLUST-VLV-GATE,INDUSTRIAL GATE VALVE FLANGED / SCREWED,40141607,Oil India Limited,oil-india.com,SDG1471P17/07,,API 600 Gate Valve. (07 Items-Total Qty. 415 Nos.),historical_tender,,,,TRUE
REAL-CLUST-VLV-GATE,INDUSTRIAL GATE VALVE FLANGED / SCREWED,40141607,Oil India Limited,oil-india.com,SDG8138P16/07,,API 600 Gate Valve. Qty: 121 Nos,historical_tender,,,,TRUE
REAL-CLUST-VLV-GATE,INDUSTRIAL GATE VALVE FLANGED / SCREWED,40141607,Oil India Limited,oil-india.com,SDG4162P20/07,,API 600 Gate Valves,historical_tender,,,,TRUE
REAL-CLUST-VLV-GATE,INDUSTRIAL GATE VALVE FLANGED / SCREWED,40141607,Oil India Limited,oil-india.com,GEM/2023/B/4155550,,API 6A Gate Valve,historical_tender,,,,TRUE
REAL-CLUST-VLV-GATE,INDUSTRIAL GATE VALVE FLANGED / SCREWED,40141607,Oil India Limited,oil-india.com,SSG0495P16/02,,"API 6A Gate Valve, 352 Kg/Sq.cm. W.P. Qty:250 Nos",historical_tender,,,,TRUE
REAL-CLUST-VLV-GATE,INDUSTRIAL GATE VALVE FLANGED / SCREWED,40141607,Oil India Limited,oil-india.com,SSG1935P17/02,,API 6A Gate Valve. Qty. : 250 Nos,historical_tender,,,,TRUE
REAL-CLUST-VLV-GATE,INDUSTRIAL GATE VALVE FLANGED / SCREWED,40141607,Oil India Limited,oil-india.com,SSG1830P17/02,,API 6A Gate Valve. Qty. : 65 Nos,historical_tender,,,,TRUE
REAL-CLUST-VLV-GATE,INDUSTRIAL GATE VALVE FLANGED / SCREWED,40141607,Oil India Limited,oil-india.com,SSG8536P16/02,,API 6A Gate Valve; Qty: 250 Nos,historical_tender,,,,TRUE
REAL-CLUST-VLV-GATE,INDUSTRIAL GATE VALVE FLANGED / SCREWED,40141607,Oil India Limited,oil-india.com,SDG6562P15/07,,"API 6A gate valve;10,000 PSI .Qty: 40 nos",historical_tender,,,,TRUE
REAL-CLUST-VLV-BALL,INDUSTRIAL BALL VALVE FLOATING / TRUNNION,40141611,Oil India Limited,oil-india.com,SDG3368L15/07,,API 6D BALL VALVE,historical_tender,,,,TRUE
REAL-CLUST-VLV-BALL,INDUSTRIAL BALL VALVE FLOATING / TRUNNION,40141611,Oil India Limited,oil-india.com,SDG6177P15/07,,API 6D Ball Valve for various sizes and class. Qty : 120 Nos,historical_tender,,,,TRUE
REAL-CLUST-VLV-BALL,INDUSTRIAL BALL VALVE FLOATING / TRUNNION,40141611,Oil India Limited,oil-india.com,SDG0261P16/07,,API 6D Ball Valve. Qty: 24 Nos,historical_tender,,,,TRUE
REAL-CLUST-VLV-BALL,INDUSTRIAL BALL VALVE FLOATING / TRUNNION,40141611,Oil India Limited,oil-india.com,SDG4669P18/09,,API 6D Ball Valves (03 Items); Total Qty.: 12 Nos,historical_tender,,,,TRUE
REAL-CLUST-VLV-BALL,INDUSTRIAL BALL VALVE FLOATING / TRUNNION,40141611,Oil India Limited,oil-india.com,SDG7218P18,,"API 6D Ball Valves, Qty : 76 Nos",historical_tender,,,,TRUE
REAL-CLUST-VLV-GATE,INDUSTRIAL GATE VALVE FLANGED / SCREWED,40141607,Oil India Limited,oil-india.com,SDG1476P17/07,,API 6D Gate Valve. (02 Items-Total Qty. 25 Nos.),historical_tender,,,,TRUE
REAL-CLUST-VLV-GATE,INDUSTRIAL GATE VALVE FLANGED / SCREWED,40141607,Oil India Limited,oil-india.com,SDG1477P17/07,,API 6D Gate Valve. (03 Items- Total Qty. 11 Nos.),historical_tender,,,,TRUE
REAL-CLUST-VLV-GATE,INDUSTRIAL GATE VALVE FLANGED / SCREWED,40141607,Oil India Limited,oil-india.com,SDG1473P17/07,,API 6D Gate Valve. (Qty. 24 Nos.),historical_tender,,,,TRUE
REAL-CLUST-VLV-GATE,INDUSTRIAL GATE VALVE FLANGED / SCREWED,40141607,Oil India Limited,oil-india.com,SDG3716P17/06,,API 6D Gate Valve. Qty.: 06 Nos,historical_tender,,,,TRUE
REAL-CLUST-VLV-GATE,INDUSTRIAL GATE VALVE FLANGED / SCREWED,40141607,Oil India Limited,oil-india.com,SDG0260P16/07,,API 6D Gate Valve. Qty: 170 Nos,historical_tender,,,,TRUE
REAL-CLUST-VLV-GATE,INDUSTRIAL GATE VALVE FLANGED / SCREWED,40141607,Oil India Limited,oil-india.com,SGG0542P16,,API 6D Slab Type Gate Valve,historical_tender,,,,TRUE
REAL-CLUST-PMP-CENT,CENTRIFUGAL PROCESS PUMP / SPARES,40151503,Oil India Limited,oil-india.com,DFD0738L19/06,,API recommended mud impeller blade for mixing water-based and oil-based drilling fluids,historical_tender,,,,TRUE
REAL-CLUST-VLV-GATE,INDUSTRIAL GATE VALVE FLANGED / SCREWED,40141607,Oil India Limited,oil-india.com,SSG3478P17/05,,API-6A Gate Valve. Qty.: 25 Nos,historical_tender,,,,TRUE
REAL-CLUST-VLV-GATE,INDUSTRIAL GATE VALVE FLANGED / SCREWED,40141607,Oil India Limited,oil-india.com,SSG2563P17/03,,API-6A Gate Valves .Qty. 300 Nos,historical_tender,,,,TRUE
REAL-CLUST-FLG-WN,FORGED STEEL PIPE FLANGE ASME B16.5,40141720,Oil India Limited,oil-india.com,GEM/2022/B/1966066,,"Adapter spool 13.5/8"" x 5 M to 13.5/8"" x 10 M (Q3) , 13 5/8"" x 5M- 11"" x 10M DOUBLE STUDDED ADAPTER FLANGE (Q3) , 12"" (304.8 mm) OD Flat Bottom Junk Mill (Q3)",historical_tender,,,,TRUE
REAL-CLUST-ROT-BRG,ANTI-FRICTION INDUSTRIAL ROLLING BEARING,31171504,Oil India Limited,oil-india.com,DFS7417L16/02,,BALL AND ROLLER BEARINGS,historical_tender,,,,TRUE
REAL-CLUST-ROT-BRG,ANTI-FRICTION INDUSTRIAL ROLLING BEARING,31171504,Oil India Limited,oil-india.com,SSH6303L21,,"BALL AND ROLLER BEARINGS PILLOW BLOCK, BALL BEARING, ALIGNABLE, FIXEDTYPE, OPEN END UNIT, RE-LUBRICATEABLE, COMPLETEWITH BEARING, COLLAR AND SEALS, HEAVY DUTY SERIES",historical_tender,,,,TRUE
REAL-CLUST-ROT-BRG,ANTI-FRICTION INDUSTRIAL ROLLING BEARING,31171504,Oil India Limited,oil-india.com,SSG3699L20/04,,"BALL AND ROLLER BEARINGS, PILLOW BLOCK, BALL BEARING, ALIGNABLE, FIXEDTYPE, OPEN END UNIT, RE-LUBRICATEABLE, COMPLETEWITH BEARING, COLLAR AND SEALS, HEAVY DUTY SERIES",historical_tender,,,,TRUE
REAL-CLUST-ROT-BRG,ANTI-FRICTION INDUSTRIAL ROLLING BEARING,31171504,Oil India Limited,oil-india.com,DFS7949L16/02,,BEARING BALL & PILLOW BLOCK,historical_tender,,,,TRUE
REAL-CLUST-ROT-BRG,ANTI-FRICTION INDUSTRIAL ROLLING BEARING,31171504,Oil India Limited,oil-india.com,GEM/2023/B/3325204,,BEARINGS (QTY.: 68 NOS.),historical_tender,,,,TRUE
REAL-CLUST-ROT-BRG,ANTI-FRICTION INDUSTRIAL ROLLING BEARING,31171504,Oil India Limited,oil-india.com,GEM/2023/B/3298759,,BEARINGS BEARINGS,historical_tender,,,,TRUE
REAL-CLUST-FLG-WN,FORGED STEEL PIPE FLANGE ASME B16.5,40141720,Oil India Limited,oil-india.com,KIS3046L20/05,,"BENDS WITH COUPLINGS, FLANGES, TEES",historical_tender,,,,TRUE
REAL-CLUST-FLG-WN,FORGED STEEL PIPE FLANGE ASME B16.5,40141720,Oil India Limited,oil-india.com,GEM/2022/B/2612574,,BLIND FLANGE (OIL MATERIAL NO - 03564214) (Q3),historical_tender,,,,TRUE
REAL-CLUST-FLG-WN,FORGED STEEL PIPE FLANGE ASME B16.5,40141720,Oil India Limited,oil-india.com,GEM/2021/B/1355405,,"BLIND FLANGE ASSY, 3.1/16"" X 10M",historical_tender,,,,TRUE
REAL-CLUST-FLG-WN,FORGED STEEL PIPE FLANGE ASME B16.5,40141720,Oil India Limited,oil-india.com,SSG2657L20/04,,"BLIND FLANGE, RING JOINT GASKETS PRESSURE ENERGISED, NIPPLES and Well Head fittings",historical_tender,,,,TRUE
REAL-CLUST-FLG-WN,FORGED STEEL PIPE FLANGE ASME B16.5,40141720,Oil India Limited,oil-india.com,GEM/2021/B/1666517,,BOQ (Q3) (Procurement of flanges of different sizes),historical_tender,,,,TRUE
REAL-CLUST-PMP-CENT,CENTRIFUGAL PROCESS PUMP / SPARES,40151503,Oil India Limited,oil-india.com,SSG2445L20/02,,"BPCL OIL WELL SLUSH PUMP, SINGLE ACTING PISTON, VALVE SEAT PULLER FOR NATIONAL, SPARES FOR TRW MISSION CENTRIFUGAL PUMPS",historical_tender,,,,TRUE
REAL-CLUST-PIP-SMLS,SEAMLESS STEEL PIPE FOR INDUSTRIAL / LINE CONDUIT,40171501,Oil India Limited,oil-india.com,KIS7374L16/05,,"BUSHINGS, COUPLINGS, ELBOWS, NIPPLES, NIPPLE STRAIGHT, SEAMLESS PIPE,",historical_tender,,,,TRUE
REAL-CLUST-ROT-BRG,ANTI-FRICTION INDUSTRIAL ROLLING BEARING,31171504,Oil India Limited,oil-india.com,GEM/2022/B/2280166,,Ball Bearings-IS:6455 (Q3,historical_tender,,,,TRUE
REAL-CLUST-VLV-BALL,INDUSTRIAL BALL VALVE FLOATING / TRUNNION,40141611,Oil India Limited,oil-india.com,KID0257L19/03,,Ball Valve,historical_tender,,,,TRUE
REAL-CLUST-VLV-BALL,INDUSTRIAL BALL VALVE FLOATING / TRUNNION,40141611,Oil India Limited,oil-india.com,SDG6338P18/06,,Ball Valve API 6D-07 items; Total Qty.: 36 Nos,historical_tender,,,,TRUE
REAL-CLUST-VLV-BALL,INDUSTRIAL BALL VALVE FLOATING / TRUNNION,40141611,Oil India Limited,oil-india.com,SDG6356P18/07,,"Ball Valves API 6D, Qty. : 36 Nos",historical_tender,,,,TRUE
REAL-CLUST-ROT-BRG,ANTI-FRICTION INDUSTRIAL ROLLING BEARING,31171504,Oil India Limited,oil-india.com,GEM/2023/B/3007644,,Ball and Roller Bearings,historical_tender,,,,TRUE
REAL-CLUST-VLV-BALL,INDUSTRIAL BALL VALVE FLOATING / TRUNNION,40141611,Oil India Limited,oil-india.com,DFD3381L17/06,,Ball valves for Natural Gas (Sweet) Service,historical_tender,,,,TRUE
REAL-CLUST-ROT-BRG,ANTI-FRICTION INDUSTRIAL ROLLING BEARING,31171504,Oil India Limited,oil-india.com,DFS1054L17/02,,"Bearing Ball, Pillow Block Link Belt",historical_tender,,,,TRUE
REAL-CLUST-ROT-BRG,ANTI-FRICTION INDUSTRIAL ROLLING BEARING,31171504,Oil India Limited,oil-india.com,KID6193L15,,Bearing fitting tool kit for fitment of Bearings,historical_tender,,,,TRUE
REAL-CLUST-FLG-WN,FORGED STEEL PIPE FLANGE ASME B16.5,40141720,Oil India Limited,oil-india.com,SKI3017P17,,Bids for Flange 4” NB 900 Class – 600 Pair,historical_tender,,,,TRUE
REAL-CLUST-ROT-BRG,ANTI-FRICTION INDUSTRIAL ROLLING BEARING,31171504,Oil India Limited,oil-india.com,SSI3087P20,,Bids for PROCUREMENT OF BEARINGS through its e Procurement site under SINGLE STAGE TWO BID SYSTEM,historical_tender,,,,TRUE
REAL-CLUST-ROT-BRG,ANTI-FRICTION INDUSTRIAL ROLLING BEARING,31171504,Oil India Limited,oil-india.com,SSI2880P17,,Bids for Rate Contract of Bearings for 2 years,historical_tender,,,,TRUE
REAL-CLUST-PMP-CENT,CENTRIFUGAL PROCESS PUMP / SPARES,40151503,Oil India Limited,oil-india.com,SDI9416P19,,Bids for SUPPLY OF CENTRIFUGAL PUMP – QTY = 04 NOS,historical_tender,,,,TRUE
REAL-CLUST-PMP-CENT,CENTRIFUGAL PROCESS PUMP / SPARES,40151503,Oil India Limited,oil-india.com,SDI1624P17,,"Bids for Supply, Installation & Commissioning of Centrifugal Pump (Qty. – 7 Nos.)",historical_tender,,,,TRUE
REAL-CLUST-VLV-GATE,INDUSTRIAL GATE VALVE FLANGED / SCREWED,40141607,Oil India Limited,oil-india.com,SSG3566P20/05,,"Bids for the supply of 25 Nos. of Valve Gate, 1.13 16 inchs x 10000 PSI Flanged. R. J. through E-Procurement",historical_tender,,,,TRUE
REAL-CLUST-VLV-GATE,INDUSTRIAL GATE VALVE FLANGED / SCREWED,40141607,Oil India Limited,oil-india.com,SSG1032P20/05,,"Bids for the supply of 25 Nos. of Valve Gate, 1.13/16inch multiply 10000 PSI Flanged. R. J. through E-Procurement",historical_tender,,,,TRUE
REAL-CLUST-PIP-SMLS,SEAMLESS STEEL PIPE FOR INDUSTRIAL / LINE CONDUIT,40171501,Oil India Limited,oil-india.com,SSG2149P20/01,,Bids for the supply of 35000 Metres of 2 inch 50 MM API 5L Grade B SEAMLESS STEEL LINE PIPE through E Procurement,historical_tender,,,,TRUE
REAL-CLUST-VLV-GATE,INDUSTRIAL GATE VALVE FLANGED / SCREWED,40141607,Oil India Limited,oil-india.com,SSG3691P20/05,,Bids for the supply of API 6A Gate Valves under RATE CONTRACT through E-Procurement,historical_tender,,,,TRUE
REAL-CLUST-FLG-WN,FORGED STEEL PIPE FLANGE ASME B16.5,40141720,Oil India Limited,oil-india.com,SSG3599P20/03,,Bids for the supply of Double Studded Double Pack off Adapter Flange through E Procurement,historical_tender,,,,TRUE
REAL-CLUST-VLV-GATE,INDUSTRIAL GATE VALVE FLANGED / SCREWED,40141607,Oil India Limited,oil-india.com,SSG3148P20/02,,Bids for the supply of GATE VALVE through E Procurement,historical_tender,,,,TRUE
REAL-CLUST-VLV-GATE,INDUSTRIAL GATE VALVE FLANGED / SCREWED,40141607,Oil India Limited,oil-india.com,SJG1305P20,,Bids for the supply of Gate Valve through its e Procurement site under International Competitive Bidding,historical_tender,,,,TRUE
REAL-CLUST-VLV-GATE,INDUSTRIAL GATE VALVE FLANGED / SCREWED,40141607,Oil India Limited,oil-india.com,SJG3345P20,,Bids for the supply of Gate Valve through its e Procurement site under International Competitive Bidding ICB Single Stage Two Bid System,historical_tender,,,,TRUE
REAL-CLUST-VLV-GATE,INDUSTRIAL GATE VALVE FLANGED / SCREWED,40141607,Oil India Limited,oil-india.com,SSG1964L20/03,,Bids for the supply of Gate Valves and their Spares through E- procurement,historical_tender,,,,TRUE
REAL-CLUST-FLG-WN,FORGED STEEL PIPE FLANGE ASME B16.5,40141720,Oil India Limited,oil-india.com,SSG1907P20/04,,Bids for the supply of Hanger Flange through E-Procurement,historical_tender,,,,TRUE
REAL-CLUST-VLV-GATE,INDUSTRIAL GATE VALVE FLANGED / SCREWED,40141607,Oil India Limited,oil-india.com,SJI9142P19,,Bids for the supply of IBR Gate Valve,historical_tender,,,,TRUE
REAL-CLUST-VLV-GATE,INDUSTRIAL GATE VALVE FLANGED / SCREWED,40141607,Oil India Limited,oil-india.com,SJI1306P20,,Bids for the supply of IBR Gate Valve through its e Procurement site under Local Competitive Bidding (LCB) -Single Stage Two Bid System,historical_tender,,,,TRUE
REAL-CLUST-VLV-GATE,INDUSTRIAL GATE VALVE FLANGED / SCREWED,40141607,Oil India Limited,oil-india.com,SJI2133P20,,Bids for the supply of IBR Gate Valve through its e-Procurement site under Local Competitive Bidding LCB Single Stage Two Bid System,historical_tender,,,,TRUE
REAL-CLUST-VLV-GATE,INDUSTRIAL GATE VALVE FLANGED / SCREWED,40141607,Oil India Limited,oil-india.com,SJI3536P20,,"Bids for the supply of IBR Gate Valve, Check Valve and Globe Valve through its E Procurement site under Local Competitive Bidding LCB Single Stage Two Bid System",historical_tender,,,,TRUE
REAL-CLUST-PIP-SMLS,SEAMLESS STEEL PIPE FOR INDUSTRIAL / LINE CONDUIT,40171501,Oil India Limited,oil-india.com,SSG1082P20/01,,"Bids for the supply of SEAMLESS LINE PIPE S and C OF NOM. SIZES 1/4inch, 1/2inch, 1inch and 2inch FOR TOTAL QUANTITY OF 16,400 METERS through E-Procurement",historical_tender,,,,TRUE
REAL-CLUST-PMP-CENT,CENTRIFUGAL PROCESS PUMP / SPARES,40151503,Oil India Limited,oil-india.com,SSG1536L20/02,,Bids for the supply of SPARES FOR SLUSH PUMP VALVE and PUMP SPARES-BPCL/MISSION/NATIONAL through E-Procurement,historical_tender,,,,TRUE
REAL-CLUST-PIP-SMLS,SEAMLESS STEEL PIPE FOR INDUSTRIAL / LINE CONDUIT,40171501,Oil India Limited,oil-india.com,SSG8036P19/01,,Bids for the supply of Seamless Line Pipe through its e Procurement site under International Competitive Bidding (ICB) - Single Stage Composite Bid System,historical_tender,,,,TRUE
REAL-CLUST-VLV-GATE,INDUSTRIAL GATE VALVE FLANGED / SCREWED,40141607,Oil India Limited,oil-india.com,SJG9387P19,,"Bids for the supply, installation and commissioning of Gate Valve",historical_tender,,,,TRUE
REAL-CLUST-FLG-WN,FORGED STEEL PIPE FLANGE ASME B16.5,40141720,Oil India Limited,oil-india.com,GEM/2023/B/3836782,,"Blind Flange Assy, 2.1/16"" x 10M",historical_tender,,,,TRUE
REAL-CLUST-FLG-WN,FORGED STEEL PIPE FLANGE ASME B16.5,40141720,Oil India Limited,oil-india.com,KID6927L16/05,,"Blind Flange, Forged Carbon Steel, Ring Joint Groove",historical_tender,,,,TRUE
REAL-CLUST-VLV-GATE,INDUSTRIAL GATE VALVE FLANGED / SCREWED,40141607,Oil India Limited,oil-india.com,SDG3502P15/07,,CAST CARBON STEEL API 600 GATE VALVE: 101.6MMx900 CLASS RTJ FLANGED ENDS (QTY: 54 NOS.),historical_tender,,,,TRUE
REAL-CLUST-VLV-GATE,INDUSTRIAL GATE VALVE FLANGED / SCREWED,40141607,Oil India Limited,oil-india.com,GEM/2023/B/3110453,,"CCS GATE VALVE SIZE: 6"" X150 (Q3)",historical_tender,,,,TRUE
REAL-CLUST-FLG-WN,FORGED STEEL PIPE FLANGE ASME B16.5,40141720,Oil India Limited,oil-india.com,GEM/2022/B/1991227,,CHANGE ADAPTER FLANGE AS PER API6B (FOR OIL) (Q3),historical_tender,,,,TRUE
REAL-CLUST-FLG-WN,FORGED STEEL PIPE FLANGE ASME B16.5,40141720,Oil India Limited,oil-india.com,KIS3048L20/05,,"COUPLINGS , ELBOWS , FLANGES , NIPPLES , TEES",historical_tender,,,,TRUE
REAL-CLUST-FLG-WN,FORGED STEEL PIPE FLANGE ASME B16.5,40141720,Oil India Limited,oil-india.com,KIS7375L16/05,,"COUPLINGS, ELBOWS, FLANGE, NIPPLES",historical_tender,,,,TRUE
REAL-CLUST-FLG-WN,FORGED STEEL PIPE FLANGE ASME B16.5,40141720,Oil India Limited,oil-india.com,SSG6682P15/05,,"Casing Head Housing with Hanger Packer, Having Top Flange: 279.40 mm, Casing Size: 244.475 mm , 5000 PSI W.P., Height: 463.55 mm , Nominal Size : 346.08, Size of Casing Sealed: 244.475 mm with Accessories (Qty: 15 sets)",historical_tender,,,,TRUE
REAL-CLUST-FLG-WN,FORGED STEEL PIPE FLANGE ASME B16.5,40141720,Oil India Limited,oil-india.com,SSG6681P15/05,,"Casing Head Housing with Hanger Packer, having Top Flange: 346.08 mm, casing size: 339.73 mm,5000 PSI W.P. height: 508 mm, nominal size : 279.40 mm, Size of Casing Sealed: 139.70 mm with accessories (Qty:15 Sets)",historical_tender,,,,TRUE
REAL-CLUST-FLG-WN,FORGED STEEL PIPE FLANGE ASME B16.5,40141720,Oil India Limited,oil-india.com,GEM/2023/B/3629525,,"Cementing Head, 8 1/4 "" & 12"" flat bottom Junk mills, Double Studded Adaptor Flange",historical_tender,,,,TRUE
REAL-CLUST-PIP-SMLS,SEAMLESS STEEL PIPE FOR INDUSTRIAL / LINE CONDUIT,40171501,Oil India Limited,oil-india.com,SDG5349P15/06,,Centre latch elevator for 127 MM Drill Pipe (350 TON Rated Capacity),historical_tender,,,,TRUE
REAL-CLUST-FLG-WN,FORGED STEEL PIPE FLANGE ASME B16.5,40141720,Oil India Limited,oil-india.com,GEM/2023/B/3194417,,Companion Flange,historical_tender,,,,TRUE
REAL-CLUST-PMP-CENT,CENTRIFUGAL PROCESS PUMP / SPARES,40151503,Oil India Limited,oil-india.com,DCC3122P15,,"Construction of foundation of 10 nos Mud Storage tank,1 no Mixing tank,Overhead water Tank,2nos Gas Driven Pump,2nos Centrifugal Pump,2nos Generator Shed,Construction of Chemical Mixing Ramp with shed, Shed over Gas driven Pump,CentrifugalPump and Generator Shed for New Mud Plant with Recycling facility at existing Mud Plant in Kathalguri including supply of all materials except Cement",historical_tender,,,,TRUE
REAL-CLUST-FLG-WN,FORGED STEEL PIPE FLANGE ASME B16.5,40141720,Oil India Limited,oil-india.com,KIS1578L17/05,,Couplings Elbows Flanges,historical_tender,,,,TRUE
REAL-CLUST-PMP-CENT,CENTRIFUGAL PROCESS PUMP / SPARES,40151503,Oil India Limited,oil-india.com,SSG3404P17/02,,Cryogenic Centrifugal Pump. Qty-02 Nos,historical_tender,,,,TRUE
REAL-CLUST-PMP-CENT,CENTRIFUGAL PROCESS PUMP / SPARES,40151503,Oil India Limited,oil-india.com,SSG0591P16/02,,Cryogenic Centrifugal Pump. Qty:02 Nos,historical_tender,,,,TRUE
REAL-CLUST-PMP-CENT,CENTRIFUGAL PROCESS PUMP / SPARES,40151503,Oil India Limited,oil-india.com,GEM/2021/B/1813859,,DIESEL ENGINE DRIVEN CENTRIFUGAL PUMPSET FOR PONTOON (Q3),historical_tender,,,,TRUE
REAL-CLUST-FLG-WN,FORGED STEEL PIPE FLANGE ASME B16.5,40141720,Oil India Limited,oil-india.com,GEM/2023/B/4190307,,DOUBLE PACK OFF FLANGE,historical_tender,,,,TRUE
REAL-CLUST-ROT-BRG,ANTI-FRICTION INDUSTRIAL ROLLING BEARING,31171504,Oil India Limited,oil-india.com,GEM/2023/B/3325055,,DOUBLE ROW SPHERICAL ROLLER BEARING (QTY.: 20 Nos.),historical_tender,,,,TRUE
REAL-CLUST-FLG-WN,FORGED STEEL PIPE FLANGE ASME B16.5,40141720,Oil India Limited,oil-india.com,SDG2542P20/08,,DOUBLE STUDDED ADAPTER FLANGE,historical_tender,,,,TRUE
REAL-CLUST-FLG-WN,FORGED STEEL PIPE FLANGE ASME B16.5,40141720,Oil India Limited,oil-india.com,GEM/2022/B/2555422,,DOUBLE STUDDED ADAPTER FLANGE (Q3),historical_tender,,,,TRUE
REAL-CLUST-FLG-WN,FORGED STEEL PIPE FLANGE ASME B16.5,40141720,Oil India Limited,oil-india.com,DFD4001L17/09,,"DOUBLE STUDDED ADAPTER FLANGE IN ACCORDANCE WITH API 6A SPECIFICATIONS, LATEST EDITION, MATERIAL CLASS 'EE', TEMPERATURE CLASS 'U', QUALITY LEVEL PSL-2",historical_tender,,,,TRUE
REAL-CLUST-FLG-WN,FORGED STEEL PIPE FLANGE ASME B16.5,40141720,Oil India Limited,oil-india.com,GEM/2023/B/3379412,,Double Pack Off Flange,historical_tender,,,,TRUE
REAL-CLUST-FLG-WN,FORGED STEEL PIPE FLANGE ASME B16.5,40141720,Oil India Limited,oil-india.com,SSG3976P17/03,,"Double Pack Off Flange, Size: 346.075 mm. Qty. 05 sets",historical_tender,,,,TRUE
REAL-CLUST-FLG-WN,FORGED STEEL PIPE FLANGE ASME B16.5,40141720,Oil India Limited,oil-india.com,SSG1704P17/03,,Double Pack Off Flanges. (Qty.: 24 Sets),historical_tender,,,,TRUE
REAL-CLUST-FLG-WN,FORGED STEEL PIPE FLANGE ASME B16.5,40141720,Oil India Limited,oil-india.com,SSG5936P18/01,,Double Studded Adapter Flange; 346.075 mm. Qty.: 20 Nos,historical_tender,,,,TRUE
REAL-CLUST-FLG-WN,FORGED STEEL PIPE FLANGE ASME B16.5,40141720,Oil India Limited,oil-india.com,GEM/2023/B/3463881,,Double Studded Double Pack Off Adapter flange,historical_tender,,,,TRUE
REAL-CLUST-FLG-WN,FORGED STEEL PIPE FLANGE ASME B16.5,40141720,Oil India Limited,oil-india.com,DFD3822L15/07,,Double studded CROSS OVER FLANGE OF SIZE,historical_tender,,,,TRUE
REAL-CLUST-FLG-WN,FORGED STEEL PIPE FLANGE ASME B16.5,40141720,Oil India Limited,oil-india.com,DFS4775L15/03,,"Double studded Double Pack off adapter flange per API SPEC 6A (Latest Edition), U-AA, PSL- 2 with following configuration",historical_tender,,,,TRUE
REAL-CLUST-PIP-SMLS,SEAMLESS STEEL PIPE FOR INDUSTRIAL / LINE CONDUIT,40171501,Oil India Limited,oil-india.com,SDG3018P20/07,,"Drill Pipes Range 2, manufactured and monogrammed as per API 5DP PSL 2, must be 127.00 mm 5 inchs API Grade G 105",historical_tender,,,,TRUE
REAL-CLUST-PIP-SMLS,SEAMLESS STEEL PIPE FOR INDUSTRIAL / LINE CONDUIT,40171501,Oil India Limited,oil-india.com,SDG3017P20/07,,"Drill Pipes Range 2, manufactured and monogrammed as per API 5DP PSL 2, must be 73.02 mm 2.7 8 inchs API Grade S 135",historical_tender,,,,TRUE
REAL-CLUST-FLG-WN,FORGED STEEL PIPE FLANGE ASME B16.5,40141720,Oil India Limited,oil-india.com,SDG2181P17/07,,Drilling Spool; 02 items; Total Qty.: 10 Nos. Double Studded Adapter Flanges; 02 items; Total Qty.: 06 Nos,historical_tender,,,,TRUE
REAL-CLUST-FLG-WN,FORGED STEEL PIPE FLANGE ASME B16.5,40141720,Oil India Limited,oil-india.com,KIS0390L16/05,,ELBOWS & FLANGES,historical_tender,,,,TRUE
REAL-CLUST-FLG-WN,FORGED STEEL PIPE FLANGE ASME B16.5,40141720,Oil India Limited,oil-india.com,KIS6515L15/05,,"ELBOWS, FLANGES, FLANGE, FORGED CARBON STEEL, FLANGE, FORGED CARBON STEEL, NIPPLES",historical_tender,,,,TRUE
REAL-CLUST-PIP-SMLS,SEAMLESS STEEL PIPE FOR INDUSTRIAL / LINE CONDUIT,40171501,Oil India Limited,oil-india.com,DFD6572L15/06,,"ELEVATOR FOR 2.7/8"" SLH-90 DRILL PIPE, 250 TON",historical_tender,,,,TRUE
REAL-CLUST-ROT-BRG,ANTI-FRICTION INDUSTRIAL ROLLING BEARING,31171504,Oil India Limited,oil-india.com,SDG9823P16/07,,Eddy Current Bearing Inspection Equipment. Qty: 01 No,historical_tender,,,,TRUE
REAL-CLUST-PMP-CENT,CENTRIFUGAL PROCESS PUMP / SPARES,40151503,Oil India Limited,oil-india.com,KID3259L20/08,,"Electric Motor Driven Centrifugal Pumpset, Mounted on a common base frame/skid, coupled with flexible coupling (Lovejoy type), complete with coupling guards, foundation bolts & nuts and necessary maintenance tools",historical_tender,,,,TRUE
REAL-CLUST-FLG-WN,FORGED STEEL PIPE FLANGE ASME B16.5,40141720,Oil India Limited,oil-india.com,KIS8399L19,,"F L A N G E S FLANGE, FORGED CARBON STEEL, RF, 150 CLASS, THREAD : NPT DIM.: ANSI B16.5, MATERIAL : ASTM A-105. SCOPE OF INSPECTION - B",historical_tender,,,,TRUE
REAL-CLUST-FLG-WN,FORGED STEEL PIPE FLANGE ASME B16.5,40141720,Oil India Limited,oil-india.com,GEM/2023/B/3203425,,FLANGE (OIL MATERIAL NO - 09220854) (Q3),historical_tender,,,,TRUE
REAL-CLUST-FLG-WN,FORGED STEEL PIPE FLANGE ASME B16.5,40141720,Oil India Limited,oil-india.com,GEM/2022/B/2195444,,"FLANGE SLIP ON SIZE: 10"" (Q3) , FLANGE SLIP ON SIZE: 8"" (Q3) , FLANGE SLIP ON SIZE: 6"" (Q3) , FLANGE SLIP ON SIZE: 4"" (Q3)",historical_tender,,,,TRUE
REAL-CLUST-FLG-WN,FORGED STEEL PIPE FLANGE ASME B16.5,40141720,Oil India Limited,oil-india.com,KIS9715L16/05,,"FLANGE, FORGED CARBON STEEL",historical_tender,,,,TRUE
REAL-CLUST-FLG-WN,FORGED STEEL PIPE FLANGE ASME B16.5,40141720,Oil India Limited,oil-india.com,DFS5786L15/04,,"FLANGE, FORGED CARBON STEEL, RTJ, 5000 PSI, THREAD : API LP, DIM",historical_tender,,,,TRUE
REAL-CLUST-FLG-WN,FORGED STEEL PIPE FLANGE ASME B16.5,40141720,Oil India Limited,oil-india.com,KIS6920L18/05,,FLANGES & NIPPLES,historical_tender,,,,TRUE
REAL-CLUST-FLG-WN,FORGED STEEL PIPE FLANGE ASME B16.5,40141720,Oil India Limited,oil-india.com,SSG3312L20/04,,"FLANGES , RING JOINT GASKETS PRESSURE ENERGISED",historical_tender,,,,TRUE
REAL-CLUST-FLG-WN,FORGED STEEL PIPE FLANGE ASME B16.5,40141720,Oil India Limited,oil-india.com,DFS1732L17/04,,FLANGES AND RING JOINT GASKET,historical_tender,,,,TRUE
REAL-CLUST-FLG-WN,FORGED STEEL PIPE FLANGE ASME B16.5,40141720,Oil India Limited,oil-india.com,KIS2587L17/05,,FLANGES FLANGES,historical_tender,,,,TRUE
REAL-CLUST-FLG-WN,FORGED STEEL PIPE FLANGE ASME B16.5,40141720,Oil India Limited,oil-india.com,KIS3348L20/05,,"FLANGES, NIPPLES, PLUGS",historical_tender,,,,TRUE
REAL-CLUST-FLG-WN,FORGED STEEL PIPE FLANGE ASME B16.5,40141720,Oil India Limited,oil-india.com,CPI1301P20,,FOR PROCUREMENT OF FLANGES AND FITTINGS FOR BAGHJAN – MADHUBAN PIPELINE PROJECT OF M/s OIL INDIA LTD,historical_tender,,,,TRUE
REAL-CLUST-PMP-CENT,CENTRIFUGAL PROCESS PUMP / SPARES,40151503,Oil India Limited,oil-india.com,SKI6201P18/08,,FORMATION WATER DISPOSAL CENTRIFUGAL PUMP,historical_tender,,,,TRUE
REAL-CLUST-PIP-SMLS,SEAMLESS STEEL PIPE FOR INDUSTRIAL / LINE CONDUIT,40171501,Oil India Limited,oil-india.com,SDG9983P19/06,,"FULL OPENING SAFETY VALVE COMPLETE WITH OPERATING & DIS-ASSEMBLING TOOLS FOR USE WITH 5.1/2 INCH (139.70mm, 19.5 PPF) OD DRILL PIPE. ( Qty-06 no)",historical_tender,,,,TRUE
REAL-CLUST-PIP-SMLS,SEAMLESS STEEL PIPE FOR INDUSTRIAL / LINE CONDUIT,40171501,Oil India Limited,oil-india.com,SDG8110P19/08,,FULL OPENING SAFETY VALVE FOR 3.1/2 INCHES DRILL PIPE,historical_tender,,,,TRUE
REAL-CLUST-FLG-WN,FORGED STEEL PIPE FLANGE ASME B16.5,40141720,Oil India Limited,oil-india.com,GEM/2021/B/1226270,,"Flange, Adapter, Hanger, Double studded type, RTJ RX type conforming to API Specifications 6A latest",historical_tender,,,,TRUE
REAL-CLUST-FLG-WN,FORGED STEEL PIPE FLANGE ASME B16.5,40141720,Oil India Limited,oil-india.com,KID3409L15/05,,"Flange, RTJ, 50 mm NB, 2500 Class Flange",historical_tender,,,,TRUE
REAL-CLUST-FLG-WN,FORGED STEEL PIPE FLANGE ASME B16.5,40141720,Oil India Limited,oil-india.com,JID9305L19,,Flanged Flanged,historical_tender,,,,TRUE
REAL-CLUST-VLV-GATE,INDUSTRIAL GATE VALVE FLANGED / SCREWED,40141607,Oil India Limited,oil-india.com,SJI5607P15,,"For supply of 20 Nos. of 2.9/16” SS, API 6A, Gate Valves",historical_tender,,,,TRUE
REAL-CLUST-VLV-GATE,INDUSTRIAL GATE VALVE FLANGED / SCREWED,40141607,Oil India Limited,oil-india.com,SSG5594L21/03,,"GATE VALVE & THEIR SPARES, FLEX SEAL TYPE, WITH HAND WHEEL,FOR MUD SERVICE",historical_tender,,,,TRUE
REAL-CLUST-VLV-GATE,INDUSTRIAL GATE VALVE FLANGED / SCREWED,40141607,Oil India Limited,oil-india.com,DFS3837L15/L2,,GATE VALVE -STEEL,historical_tender,,,,TRUE
REAL-CLUST-VLV-GATE,INDUSTRIAL GATE VALVE FLANGED / SCREWED,40141607,Oil India Limited,oil-india.com,SSG3637L20,,GATE VALVE and THEIR SPARES,historical_tender,,,,TRUE
REAL-CLUST-VLV-GATE,INDUSTRIAL GATE VALVE FLANGED / SCREWED,40141607,Oil India Limited,oil-india.com,SSG2548L20/03,,"GATE VALVE and THEIR SPARES , Stem Packing Valve, Wear Plate Valve, SPARES FOR HIGH PRESSURE MUD VALVE, Retainer",historical_tender,,,,TRUE
REAL-CLUST-VLV-GATE,INDUSTRIAL GATE VALVE FLANGED / SCREWED,40141607,Oil India Limited,oil-india.com,SSG3419L20/04,,"GATE VALVE and THEIR SPARES, FLEX SEAL TYPE, WITH HAND WHEEL,FOR MUD SERVICE",historical_tender,,,,TRUE
REAL-CLUST-VLV-GATE,INDUSTRIAL GATE VALVE FLANGED / SCREWED,40141607,Oil India Limited,oil-india.com,SDG1812P20/06,,"GATE VALVE, CAST CARBON STEEL",historical_tender,,,,TRUE
REAL-CLUST-VLV-GATE,INDUSTRIAL GATE VALVE FLANGED / SCREWED,40141607,Oil India Limited,oil-india.com,DFS4393L15/02,,GATE VALVES,historical_tender,,,,TRUE
REAL-CLUST-VLV-GATE,INDUSTRIAL GATE VALVE FLANGED / SCREWED,40141607,Oil India Limited,oil-india.com,DFS6620L15/02,,GATE VALVES - CAMERON VALVES,historical_tender,,,,TRUE
REAL-CLUST-VLV-GATE,INDUSTRIAL GATE VALVE FLANGED / SCREWED,40141607,Oil India Limited,oil-india.com,DFS4144L15/02,,"GATE VALVES - CAMERON VALVES, API STD. 6A, CAMERON TYPE `F' OR EQUIVA- LENT FOR DRILLING AND PRODUCTION SERVICE, ALLOY STEEL, NON-RISING STEM THROUGH CONDUIT - ROUND OPENING WITH 6BX FLANGED ENDS",historical_tender,,,,TRUE
REAL-CLUST-VLV-GATE,INDUSTRIAL GATE VALVE FLANGED / SCREWED,40141607,Oil India Limited,oil-india.com,KIS1146L17/05,,"GLOBE VALVES, GUN METAL & CAST IRON GATE VALVES - INDIAN MAKE",historical_tender,,,,TRUE
REAL-CLUST-VLV-GATE,INDUSTRIAL GATE VALVE FLANGED / SCREWED,40141607,Oil India Limited,oil-india.com,SJI5673P18,,Gate Valve,historical_tender,,,,TRUE
REAL-CLUST-VLV-GATE,INDUSTRIAL GATE VALVE FLANGED / SCREWED,40141607,Oil India Limited,oil-india.com,SDG9361P19/07,,"Gate Valve, 2"" x 300 Class, API 6D",historical_tender,,,,TRUE
REAL-CLUST-VLV-GATE,INDUSTRIAL GATE VALVE FLANGED / SCREWED,40141607,Oil India Limited,oil-india.com,SSG7975P16/02,,"Gate Valve, 52.39 MMX5000 PSI, API 6A. Qty: 200 Nos",historical_tender,,,,TRUE
REAL-CLUST-VLV-GATE,INDUSTRIAL GATE VALVE FLANGED / SCREWED,40141607,Oil India Limited,oil-india.com,SSG2892P17/02,,"Gate Valve, API 6A,Qty: 65 Nos",historical_tender,,,,TRUE
REAL-CLUST-VLV-GATE,INDUSTRIAL GATE VALVE FLANGED / SCREWED,40141607,Oil India Limited,oil-india.com,SSG6885P16/02,,"Gate Valve, forged or cast steel, as per API 6A latest Edition PSL-1, 52.39 mm - 352 kg/sq.cm. W.P. Qty: 200 nos",historical_tender,,,,TRUE
REAL-CLUST-VLV-GATE,INDUSTRIAL GATE VALVE FLANGED / SCREWED,40141607,Oil India Limited,oil-india.com,SSG6819P16/02,,"Gate Valve, forged or cast steel, as per API 6A latest edition PSL-1, 52.39 mm x 352 kg./cm. sq. W.P. Qty: 150 nos",historical_tender,,,,TRUE
REAL-CLUST-VLV-GATE,INDUSTRIAL GATE VALVE FLANGED / SCREWED,40141607,Oil India Limited,oil-india.com,GFD2986L14/2L,,"Gate Valve, gate through conduit design rising stem type, ends flanged, class",historical_tender,,,,TRUE
REAL-CLUST-VLV-GATE,INDUSTRIAL GATE VALVE FLANGED / SCREWED,40141607,Oil India Limited,oil-india.com,SSG0177P16/02,,Gate Valve; API-6A; 52.39 mm x 352 Kg./Sq cm.(Qty: 200 Nos.) & 65.03 mm x 352 Kg./Sq cm,historical_tender,,,,TRUE
REAL-CLUST-VLV-GATE,INDUSTRIAL GATE VALVE FLANGED / SCREWED,40141607,Oil India Limited,oil-india.com,SSG6820P16/02,,"Gate Valves - API Std. 6A, alloy steel, size: 52.388 mm, API 703 kg./sq.cm. WP, Qty: 50 nos",historical_tender,,,,TRUE
REAL-CLUST-VLV-GATE,INDUSTRIAL GATE VALVE FLANGED / SCREWED,40141607,Oil India Limited,oil-india.com,SSG6405P18/03,,"Gate Valves API 6A, 52.39 mm & 65.03 mm; Qty. 1100 Nos",historical_tender,,,,TRUE
REAL-CLUST-VLV-GATE,INDUSTRIAL GATE VALVE FLANGED / SCREWED,40141607,Oil India Limited,oil-india.com,SDG2893P17/07,,"Gate Valves, API 600. Qty : 415 Nos",historical_tender,,,,TRUE
REAL-CLUST-VLV-GATE,INDUSTRIAL GATE VALVE FLANGED / SCREWED,40141607,Oil India Limited,oil-india.com,SDG2903P17/07,,"Gate Valves, API 6D. Qty: 170 Nos",historical_tender,,,,TRUE
REAL-CLUST-VLV-GATE,INDUSTRIAL GATE VALVE FLANGED / SCREWED,40141607,Oil India Limited,oil-india.com,KIS0218L16/03,,"Globe Valves, Gun Metal – Indian Make & Cast Iron Gate Valves – Indian Make",historical_tender,,,,TRUE
REAL-CLUST-PIP-SMLS,SEAMLESS STEEL PIPE FOR INDUSTRIAL / LINE CONDUIT,40171501,Oil India Limited,oil-india.com,SDG4161P20/07,,HAND SLIP FOR 4.1 2 INCHES OD DRILL PIPE,historical_tender,,,,TRUE
REAL-CLUST-FLG-WN,FORGED STEEL PIPE FLANGE ASME B16.5,40141720,Oil India Limited,oil-india.com,DFS5550L18/04,,HANGER FLANGE & COMPLETION CONTROL EQPT,historical_tender,,,,TRUE
REAL-CLUST-FLG-WN,FORGED STEEL PIPE FLANGE ASME B16.5,40141720,Oil India Limited,oil-india.com,GEM/2022/B/1993838,,HANGER FLANGE AS PER API6A (OIL: 03563118) (Q3),historical_tender,,,,TRUE
REAL-CLUST-FLG-WN,FORGED STEEL PIPE FLANGE ASME B16.5,40141720,Oil India Limited,oil-india.com,DFS0422L16/04,,"HANGER FLANGE, COMPLETION CONTROL EQPT",historical_tender,,,,TRUE
REAL-CLUST-PMP-CENT,CENTRIFUGAL PROCESS PUMP / SPARES,40151503,Oil India Limited,oil-india.com,DID4729L15/L3,,HIGH PRESSURE MULTI/SINGLE STAGE EMD HORIZONTAL FEED WATER CENTRIFUGAL PUMP WITH MOTOR,historical_tender,,,,TRUE
REAL-CLUST-ROT-BRG,ANTI-FRICTION INDUSTRIAL ROLLING BEARING,31171504,Oil India Limited,oil-india.com,GCO9743P22,,"HIRING SERVICES OF REPAIRING AND REWINDING OF ELECTRICAL ITEMS LIKE REWINDING OF ALTERNATORS,FLP MOTORS ,NON FLP MOTOR,EXHAUST FAN,CEILING FAN,FAN MOTOR ,CLOSING COIL,CIRCUIT BREAKER COIL,REPLACEMENT OF DEFECTIVE BEARINGS AND REPAIRING OF KIRLOKAR ENGINE ALTERNATORS SLEEVING UNDER PS8 E&C SECTION OF PIPELINE DEPARTMENT",historical_tender,,,,TRUE
REAL-CLUST-VLV-GATE,INDUSTRIAL GATE VALVE FLANGED / SCREWED,40141607,Oil India Limited,oil-india.com,SDG1343P20,,"HYDRAULICALLY OPERATED, 3-1/8 INCHES X 5000 PSI, GATE VALVE",historical_tender,,,,TRUE
REAL-CLUST-FLG-WN,FORGED STEEL PIPE FLANGE ASME B16.5,40141720,Oil India Limited,oil-india.com,GEM/2021/B/1240319,,"Hammer Lug Union, 2"" x Fig 1502 M & F th , Companion Flange, 2.1/16"" x 10M with 2"" , Companion Flange, 2. /16"" x 10M with 2"" F , Companion Flange, 7.1/16"" x 10M with 2""",historical_tender,,,,TRUE
REAL-CLUST-FLG-WN,FORGED STEEL PIPE FLANGE ASME B16.5,40141720,Oil India Limited,oil-india.com,GEM/2021/B/1238454,,"Hammer Lug Union, 2"" x Fig 1502 M & F threaded ends , HCR Valve Assy, 2.1/16"" x 10M , Companion Flange, 2.1/16"" x 10M with 2"" Fig 1502 M union ends , Companion Flange, 2. /16"" x 10M with 2"" Fig 1502 F union ends , Companion Flange, 7.1/16"" x 10M with 2"" Fig 1502 M union ends , HCR Valve Assy, 7.1/16"" x 10M",historical_tender,,,,TRUE
REAL-CLUST-VLV-GATE,INDUSTRIAL GATE VALVE FLANGED / SCREWED,40141607,Oil India Limited,oil-india.com,SDG0277P19/07,,"Hand wheel operated API 6D, through conduit, Rising Stem Gate Valve complete with necessary companion flanges and RTJ gasket and stud, bolts & nuts etc",historical_tender,,,,TRUE
REAL-CLUST-FLG-WN,FORGED STEEL PIPE FLANGE ASME B16.5,40141720,Oil India Limited,oil-india.com,GEM/2022/B/2076752,,"Hanger Flange, 7.1/16"" x 3.1/8"" x 5000 PSI (03563118) (Q3)",historical_tender,,,,TRUE
REAL-CLUST-PIP-SMLS,SEAMLESS STEEL PIPE FOR INDUSTRIAL / LINE CONDUIT,40171501,Oil India Limited,oil-india.com,SDG3263P17/09,,Heavy Weight Drill Pipe. Qty: 100 Nos,historical_tender,,,,TRUE
REAL-CLUST-FLG-WN,FORGED STEEL PIPE FLANGE ASME B16.5,40141720,Oil India Limited,oil-india.com,GEM/2021/B/1677497,,"High Pressure Flanges (Q3) , Hydraulic Hose (Q3)",historical_tender,,,,TRUE
REAL-CLUST-VLV-GATE,INDUSTRIAL GATE VALVE FLANGED / SCREWED,40141607,Oil India Limited,oil-india.com,DFD4726L15/07,,"High Pressure Gate Valve , Class 1500 , 25 MM NB Size, Forged Carbon",historical_tender,,,,TRUE
REAL-CLUST-ROT-BRG,ANTI-FRICTION INDUSTRIAL ROLLING BEARING,31171504,Oil India Limited,oil-india.com,GCO4566P21,,"Hire the services of repairing and rewinding of electrical items like rewinding of alternators, flap motors ,non flap motor, exhaust fan, ceiling fan, fan motor ,closing coil, circuit breaker coil, replacement of defective bearings and repairing of kirlokar engine alternators sleeving under ps8 etc. section",historical_tender,,,,TRUE
REAL-CLUST-PMP-CENT,CENTRIFUGAL PROCESS PUMP / SPARES,40151503,Oil India Limited,oil-india.com,CDO4451P21,,"Hiring Services of 09 (Nine) nos. of 09 KL capacity bowsers, mounted with new tank and brand new centrifugal pump along with all accessories, for transportation of work over fluid/Liquid Mud/ Saline Water/WOF by road (w/o fluid density in the range of 1.0 to 1.45 gm/cc) to transport fluids to any place of OIL’s operational activities in Assam and Arunachal Pradesh for a period of 03 (three) years with a provision to extend the same by another 01 (One) year with same terms and conditions",historical_tender,,,,TRUE
REAL-CLUST-PMP-CENT,CENTRIFUGAL PROCESS PUMP / SPARES,40151503,Oil India Limited,oil-india.com,CDO9519P19,,Hiring of Services for Repairing and Servicing of Centrifugal Pumps of various production installations in Assam field for a period of 06 (Six) months with a provision for extension by another 06 (Six) months,historical_tender,,,,TRUE
REAL-CLUST-PMP-CENT,CENTRIFUGAL PROCESS PUMP / SPARES,40151503,Oil India Limited,oil-india.com,CDO1270P20,,Hiring of services for Repairing and Servicing of Centrifugal Pumps of various Production Installations in Assam Field for a period of 02 (Two) years with a provision of extension of another 01 (One) year,historical_tender,,,,TRUE
REAL-CLUST-PMP-CENT,CENTRIFUGAL PROCESS PUMP / SPARES,40151503,Oil India Limited,oil-india.com,CDO7043P18,,Hiring of services for Repairing and Servicing of centrifugal pumps of various production installations in Assam field for a period of 02 (Two) years extendable by another 01 (One) year,historical_tender,,,,TRUE
REAL-CLUST-VLV-GATE,INDUSTRIAL GATE VALVE FLANGED / SCREWED,40141607,Oil India Limited,oil-india.com,GCO1338P23,,"Hiring of services for laying of a 4"" Inch (100 mm) Galvanized Iron Pipe (medium grade) from NH Gate to Water Treatment Facilities at PS-3, Jorhat including supply of only necessary pipe fittings like gate valve, flanges, Tee, nipple and requisite supports, etc",historical_tender,,,,TRUE
REAL-CLUST-ROT-BRG,ANTI-FRICTION INDUSTRIAL ROLLING BEARING,31171504,Oil India Limited,oil-india.com,GCO0070P19,,"Hiring services of repairing and rewinding of electrical items like rewinding of Alternators, FLP Motors , Non FLP Motor, Exhaust Fan, Ceiling Fan, Fan Motor, Closing Coil, Circuit Breaker Coil, replacement of defective bearings and repairing of Kirloskar Engine Alternators Sleeving Under E&C Section, PS-8 Sonapur, West Bengal",historical_tender,,,,TRUE
REAL-CLUST-ROT-BRG,ANTI-FRICTION INDUSTRIAL ROLLING BEARING,31171504,Oil India Limited,oil-india.com,GEM/2023/B/3507046,,Hydraulic Bearing Puller Set with accessories (Q3),historical_tender,,,,TRUE
REAL-CLUST-VLV-GATE,INDUSTRIAL GATE VALVE FLANGED / SCREWED,40141607,Oil India Limited,oil-india.com,SDG9750P16/06,,Hydraulically Operated Gate Valve; 77.787 mm x 703.23 Kg/Sq cm (Qty: 02Nos.) & 79.375 mm x 351.62 Kg/Sq cm,historical_tender,,,,TRUE
REAL-CLUST-VLV-GATE,INDUSTRIAL GATE VALVE FLANGED / SCREWED,40141607,Oil India Limited,oil-india.com,GEM/2021/B/962194,,Hydraulically Operated Gate Valves,historical_tender,,,,TRUE
REAL-CLUST-ROT-BRG,ANTI-FRICTION INDUSTRIAL ROLLING BEARING,31171504,Oil India Limited,oil-india.com,SDG7773P19/09,,"KELLY: HEXAGONAL KELLY CONFORMING TO API SPEC 7-1 BEARING THE API MONOGRAM MARK, MANUFACTURED FROM AISI 4145 H API MODIFIED ALLOY STEEL FROM SPECIALLY STRAIGHTENED KELLY BARS, FULL LENGTH QUENCHED AND TEMPERED, BRINELL HARDNESS: 285-341",historical_tender,,,,TRUE
REAL-CLUST-PIP-SMLS,SEAMLESS STEEL PIPE FOR INDUSTRIAL / LINE CONDUIT,40171501,Oil India Limited,oil-india.com,SSG9662P16/01,,"Line Pipe 101.60 mm Seamless, B/E, 12.66 PPF. Qty: 248,000 Mtr",historical_tender,,,,TRUE
REAL-CLUST-PIP-SMLS,SEAMLESS STEEL PIPE FOR INDUSTRIAL / LINE CONDUIT,40171501,Oil India Limited,oil-india.com,SSG9663P16/01,,"Line Pipe 101.60 mm Seamless, B/E, 19 PPF. Qty:40,000 Mtr",historical_tender,,,,TRUE
REAL-CLUST-PIP-SMLS,SEAMLESS STEEL PIPE FOR INDUSTRIAL / LINE CONDUIT,40171501,Oil India Limited,oil-india.com,SSG3850P17/01,,"Line Pipe, 100mm, Seamless, API 5L. Qty. : 10 KM",historical_tender,,,,TRUE
REAL-CLUST-PIP-SMLS,SEAMLESS STEEL PIPE FOR INDUSTRIAL / LINE CONDUIT,40171501,Oil India Limited,oil-india.com,SSG1203P17/01,,"Line Pipe, 101.6 mm, Seamless, BE, 12.66 PPF. Qty: 63.50KM",historical_tender,,,,TRUE
REAL-CLUST-PIP-SMLS,SEAMLESS STEEL PIPE FOR INDUSTRIAL / LINE CONDUIT,40171501,Oil India Limited,oil-india.com,SSG1205P17/01,,"Line Pipe, 101.6 mm, Seamless, BE, 19 PPF, Qty: 50 KM",historical_tender,,,,TRUE
REAL-CLUST-PIP-SMLS,SEAMLESS STEEL PIPE FOR INDUSTRIAL / LINE CONDUIT,40171501,Oil India Limited,oil-india.com,SSG1166P17/01,,"Line Pipe, 114.3 mm, Seamless. Qty: 50 KM",historical_tender,,,,TRUE
REAL-CLUST-PIP-SMLS,SEAMLESS STEEL PIPE FOR INDUSTRIAL / LINE CONDUIT,40171501,Oil India Limited,oil-india.com,SSG1198P17/01,,"Line Pipe, 12.7mm, Seamless, Qty: 3 KM",historical_tender,,,,TRUE
REAL-CLUST-PIP-SMLS,SEAMLESS STEEL PIPE FOR INDUSTRIAL / LINE CONDUIT,40171501,Oil India Limited,oil-india.com,GEM/2023/B/3222068,,"Line Pipe, 2"" , Seamless, B/E (09018376) (Q3)",historical_tender,,,,TRUE
REAL-CLUST-PIP-SMLS,SEAMLESS STEEL PIPE FOR INDUSTRIAL / LINE CONDUIT,40171501,Oil India Limited,oil-india.com,SSG1167P17/01,,"Line Pipe, 2,114.3 mm, Seamless. Qty: 50 KM",historical_tender,,,,TRUE
REAL-CLUST-PIP-SMLS,SEAMLESS STEEL PIPE FOR INDUSTRIAL / LINE CONDUIT,40171501,Oil India Limited,oil-india.com,SSG1197P17/01,,"Line Pipe, 25.4 mm, Seamless. Qty: 3.5 KM",historical_tender,,,,TRUE
REAL-CLUST-PIP-SMLS,SEAMLESS STEEL PIPE FOR INDUSTRIAL / LINE CONDUIT,40171501,Oil India Limited,oil-india.com,GEM/2022/B/2538485,,"Line Pipe, 4"" , Seamless, B/E, 12.66 PPF (09019712) (Q3)",historical_tender,,,,TRUE
REAL-CLUST-PIP-SMLS,SEAMLESS STEEL PIPE FOR INDUSTRIAL / LINE CONDUIT,40171501,Oil India Limited,oil-india.com,SSG1204P17/01,,"Line Pipe, 50.8 mm, Seamless, XXS. Qty: 7.20KM",historical_tender,,,,TRUE
REAL-CLUST-PIP-SMLS,SEAMLESS STEEL PIPE FOR INDUSTRIAL / LINE CONDUIT,40171501,Oil India Limited,oil-india.com,SSG1199P17/01,,"Line Pipe, 50.8 mm, Seamless,Qty: 6 KM",historical_tender,,,,TRUE
REAL-CLUST-ROT-BRG,ANTI-FRICTION INDUSTRIAL ROLLING BEARING,31171504,Oil India Limited,oil-india.com,DIS5281L15,,"MILD STEEL MATERIALS Serrated Flooring, Size : 1 meter wide x 3 meter long Specification : a) Steel Serrated Flooring Slip Proof for oil rigs and mud system plateform of 100 mm pitch of twisted cross bars of size 8 mm and 40 mm pitch of load bearing bars of size 25 mm x 5mm. b) Grating manufactured with electronic controlled automatic pressure welding process machine with no slag & should have homogenous appearence on weld joints. c) All Grating to be painted with a coat of redoxide",historical_tender,,,,TRUE
REAL-CLUST-PMP-CENT,CENTRIFUGAL PROCESS PUMP / SPARES,40151503,Oil India Limited,oil-india.com,GEM/2021/B/1220417,,Multistage Centrifugal Pump,historical_tender,,,,TRUE
REAL-CLUST-PIP-SMLS,SEAMLESS STEEL PIPE FOR INDUSTRIAL / LINE CONDUIT,40171501,Oil India Limited,oil-india.com,DFS8569L19,,"N I P P L E S NIPPLE, SWADGE, CONCENTRIC, SEAMLESS PIPE, THREAD : API LP, MATERIAL : ASTM A234 WPB, SCOPE OF INSPECTION - B",historical_tender,,,,TRUE
REAL-CLUST-PIP-SMLS,SEAMLESS STEEL PIPE FOR INDUSTRIAL / LINE CONDUIT,40171501,Oil India Limited,oil-india.com,KIS1560L17/05,,"NIPPLE, STRAIGHT, SEAMLESS PIPE",historical_tender,,,,TRUE
REAL-CLUST-PIP-SMLS,SEAMLESS STEEL PIPE FOR INDUSTRIAL / LINE CONDUIT,40171501,Oil India Limited,oil-india.com,SDG1656P20/08,,PNEUMATICALLY OPERATED DRILL PIPE SPINNER,historical_tender,,,,TRUE
REAL-CLUST-PIP-SMLS,SEAMLESS STEEL PIPE FOR INDUSTRIAL / LINE CONDUIT,40171501,Oil India Limited,oil-india.com,SDG3226P15/08,,PNEUMATICALLY OPERATED DRILL PIPE SPINNER FOR HANDLING 127MM OD DRILL PIPE. QTY: 8 NOS,historical_tender,,,,TRUE
REAL-CLUST-PIP-SMLS,SEAMLESS STEEL PIPE FOR INDUSTRIAL / LINE CONDUIT,40171501,Oil India Limited,oil-india.com,SDG7041P18/09,,POOR BOY SWIVEL (CIRCULATING HEAD) FOR 3.1/2 INCHES DRILL PIPE,historical_tender,,,,TRUE
REAL-CLUST-VLV-GATE,INDUSTRIAL GATE VALVE FLANGED / SCREWED,40141607,Oil India Limited,oil-india.com,SDH5242P21/07,,"PROCUREMENT OF API 600, GATE VALVES",historical_tender,,,,TRUE
REAL-CLUST-VLV-BALL,INDUSTRIAL BALL VALVE FLOATING / TRUNNION,40141611,Oil India Limited,oil-india.com,SDG3580P20/06,,PROCUREMENT OF API 6D BALL VALVES,historical_tender,,,,TRUE
REAL-CLUST-ROT-BRG,ANTI-FRICTION INDUSTRIAL ROLLING BEARING,31171504,Oil India Limited,oil-india.com,SSI5420P21,,PROCUREMENT OF BEARINGS,historical_tender,,,,TRUE
REAL-CLUST-PIP-SMLS,SEAMLESS STEEL PIPE FOR INDUSTRIAL / LINE CONDUIT,40171501,Oil India Limited,oil-india.com,SDG4267P21/09,,PROCUREMENT OF HEAVY WEIGHT DRILL PIPES,historical_tender,,,,TRUE
REAL-CLUST-FLG-WN,FORGED STEEL PIPE FLANGE ASME B16.5,40141720,Oil India Limited,oil-india.com,SDG2417P20/06,,"PROCUREMENT OF PLUG VALVE, 100 MM 4 inch NB X 900 CLASS, REGULAR PATTERN, RTJ FLANGED, API 6D MONOGRAMMED, FIRE SAFE TO API 6FA",historical_tender,,,,TRUE
REAL-CLUST-PMP-CENT,CENTRIFUGAL PROCESS PUMP / SPARES,40151503,Oil India Limited,oil-india.com,DID6968L18,,PUMP : Single stage Horizontal Axially Split Centrifugal Pump,historical_tender,,,,TRUE
REAL-CLUST-FLG-WN,FORGED STEEL PIPE FLANGE ASME B16.5,40141720,Oil India Limited,oil-india.com,SKI2804P20/05,,Pipe Fitting (Flange),historical_tender,,,,TRUE
REAL-CLUST-FLG-WN,FORGED STEEL PIPE FLANGE ASME B16.5,40141720,Oil India Limited,oil-india.com,SDG8503P19/08,,"Plug valve API Monogrammed, fire safe to API 6FA, Cast Steel, operated, along with a pair of Forged companion weld neck flanges with requisite quantity High Tensile Stud Nuts & Gaskets",historical_tender,,,,TRUE
REAL-CLUST-PIP-SMLS,SEAMLESS STEEL PIPE FOR INDUSTRIAL / LINE CONDUIT,40171501,Oil India Limited,oil-india.com,SDG9799P16/07,,Poor Boy Swivel for 125mm Drill Pipe. Qty: 05 Nos,historical_tender,,,,TRUE
REAL-CLUST-PIP-SMLS,SEAMLESS STEEL PIPE FOR INDUSTRIAL / LINE CONDUIT,40171501,Oil India Limited,oil-india.com,SDG9796P16/07,,Poor Boy Swivel for 87.5 mm Drill Pipe. Qty: 03 Nos,historical_tender,,,,TRUE
REAL-CLUST-VLV-GATE,INDUSTRIAL GATE VALVE FLANGED / SCREWED,40141607,Oil India Limited,oil-india.com,SJI7549P16,,"Procurement of 2.1/16""X 5000 PSI API 6A SS Gate Valves Qty : 20 Nos",historical_tender,,,,TRUE
REAL-CLUST-VLV-GATE,INDUSTRIAL GATE VALVE FLANGED / SCREWED,40141607,Oil India Limited,oil-india.com,SJI7548P16,,"Procurement of 2.9/16""X5000 PSI, SS, API 6A, Gate Valves, Qty : 20 Nos",historical_tender,,,,TRUE
REAL-CLUST-PIP-SMLS,SEAMLESS STEEL PIPE FOR INDUSTRIAL / LINE CONDUIT,40171501,Oil India Limited,oil-india.com,SDG0038P22,,Procurement of 5 inch and 4-1/2 inch Heavy Weight Drill Pipe,historical_tender,,,,TRUE
REAL-CLUST-ROT-BRG,ANTI-FRICTION INDUSTRIAL ROLLING BEARING,31171504,Oil India Limited,oil-india.com,SSI8904L22,,Procurement of BEARINGS (QTY- 101 NOS),historical_tender,,,,TRUE
REAL-CLUST-FLG-WN,FORGED STEEL PIPE FLANGE ASME B16.5,40141720,Oil India Limited,oil-india.com,SDH5139P21/06,,Procurement of Double Studded Hanger Flange,historical_tender,,,,TRUE
REAL-CLUST-VLV-GATE,INDUSTRIAL GATE VALVE FLANGED / SCREWED,40141607,Oil India Limited,oil-india.com,SSH4949P24,,Procurement of Gate Valve,historical_tender,,,,TRUE
REAL-CLUST-ROT-BRG,ANTI-FRICTION INDUSTRIAL ROLLING BEARING,31171504,Oil India Limited,oil-india.com,CDI6106P21,,"Providing Watch and Ward duty by Listed WCLs round the clock in OIL operational area in Dibrgarh, Tinsukia, Charaideo and Sivasagar districts for 5 years",historical_tender,,,,TRUE
REAL-CLUST-ROT-BRG,ANTI-FRICTION INDUSTRIAL ROLLING BEARING,31171504,Oil India Limited,oil-india.com,CDI6060P21,,"Providing Watch and Ward duty by Listed WCLs round the clock in OIL operational area in Dibrgarh,Tinsukia,Charaideo and Sivasagar districts for 5 years",historical_tender,,,,TRUE
REAL-CLUST-VLV-GATE,INDUSTRIAL GATE VALVE FLANGED / SCREWED,40141607,Oil India Limited,oil-india.com,G024167L17,,Providing shed over Valve No. 1701 and walkway towards emergency exit gates and Fire hydrants,historical_tender,,,,TRUE
REAL-CLUST-PMP-CENT,CENTRIFUGAL PROCESS PUMP / SPARES,40151503,Oil India Limited,oil-india.com,DID5430L18/L5,,Pump :: Single stage Horizontal Centrifugal Pump,historical_tender,,,,TRUE
REAL-CLUST-ROT-BRG,ANTI-FRICTION INDUSTRIAL ROLLING BEARING,31171504,Oil India Limited,oil-india.com,CDI0103P16,,REFURBISHMENT/REPAIRING OF WORN OUT MAIN BEARING JOURNAL HOUSING OF WAUKESHA GAS ENGINE BLOCKS,historical_tender,,,,TRUE
REAL-CLUST-ROT-BRG,ANTI-FRICTION INDUSTRIAL ROLLING BEARING,31171504,Oil India Limited,oil-india.com,CDI7661P16,,REFURBISHMENT/REPAIRING OF WORN-OUT MAIN BEARING JOURNAL HOUSING OF WAUKESHA ENGINE BLOCKS,historical_tender,,,,TRUE
REAL-CLUST-PMP-CENT,CENTRIFUGAL PROCESS PUMP / SPARES,40151503,Oil India Limited,oil-india.com,CDI5653P15,,REPAIRING AND SERVICING OF CENTRIFUGAL PUMPS OF VARIOUS PRODUCTION INSTALLATIONS IN ASSAM FIELD FOR A PERIOD OF 2 (TWO) YEARS and extendable by another 1(one) year,historical_tender,,,,TRUE
REAL-CLUST-FLG-WN,FORGED STEEL PIPE FLANGE ASME B16.5,40141720,Oil India Limited,oil-india.com,SSH5593L21/04,,"RING JOINT GASKETS PRESSURE ENERGISED API TYPE ""RX"" SOFT IRON FOR USE ON TYPE 6B FLANGES",historical_tender,,,,TRUE
REAL-CLUST-ROT-BRG,ANTI-FRICTION INDUSTRIAL ROLLING BEARING,31171504,Oil India Limited,oil-india.com,SSG5700L15/05,,"ROCK BIT, MEDIUM FORMATION, JET CIRCULATION, TRI CONE, JOURNAL BEARING, HEEL PAC, MILLED TOOTH TYPE BEARING API MONOGRAM AS PER APISPEC 7",historical_tender,,,,TRUE
REAL-CLUST-ROT-BRG,ANTI-FRICTION INDUSTRIAL ROLLING BEARING,31171504,Oil India Limited,oil-india.com,SSG6999L16,,"ROCK BIT, MEDIUM FORMATION, JET CIRCULATION, TRI-CONE, SEALED JOURNAL BEARING WITH GAUGE PROTECTION, INSERT TYPE",historical_tender,,,,TRUE
REAL-CLUST-ROT-BRG,ANTI-FRICTION INDUSTRIAL ROLLING BEARING,31171504,Oil India Limited,oil-india.com,SNG6213L15,,"ROCK BIT, MEDIUM FORMATION, JET CIRCULATION, TRICONE, FRICTION SEALED BEARING WITH GAUGE PROTECTION INSERT TYPE, BEARING API MONOGRAM AS PER API SPEC.7",historical_tender,,,,TRUE
REAL-CLUST-ROT-BRG,ANTI-FRICTION INDUSTRIAL ROLLING BEARING,31171504,Oil India Limited,oil-india.com,SSG6998L16/05,,"ROCK BIT, MEDIUM FORMATION, TRICONE, NON -SEALED BEARING, MILLED TOOTH TYPE WITH CENTRE PORT (FIXED)FOR CIRCULATION",historical_tender,,,,TRUE
REAL-CLUST-ROT-BRG,ANTI-FRICTION INDUSTRIAL ROLLING BEARING,31171504,Oil India Limited,oil-india.com,SSG6946L16/05,,"ROCK BIT, MEDIUM HARD FORMATION, JET CIRCULATION,TRI-CONE, JOURNAL BEARING, INSERT TYPE MAKERS' TYPE DESIGNATION - APPROX. EQUIVALENTS",historical_tender,,,,TRUE
REAL-CLUST-ROT-BRG,ANTI-FRICTION INDUSTRIAL ROLLING BEARING,31171504,Oil India Limited,oil-india.com,SSG6948L16/05,,"ROCK BIT, SOFT FORMATION, JET CIRCULATION,TRI-CONE, NON-SEALED BEARING, MILLED TOOTH TYPE, BEARING API MONOGRAM AS PER API SPEC.7-1",historical_tender,,,,TRUE
REAL-CLUST-ROT-BRG,ANTI-FRICTION INDUSTRIAL ROLLING BEARING,31171504,Oil India Limited,oil-india.com,SSG7035L18/10,,"ROCK BIT, SOFT FORMATION,JET CIRCULATION TRI-CONE, SEALED JOURNAL BEARING WITH GAUGE PROTECTION, INSERT TYPE BEARING API MONOGRAM AS PER API SPEC. 7",historical_tender,,,,TRUE
REAL-CLUST-PIP-SMLS,SEAMLESS STEEL PIPE FOR INDUSTRIAL / LINE CONDUIT,40171501,Oil India Limited,oil-india.com,DFD6569L15/06,,ROTARY HAND SLIP FOR 2.7/8&quot; OD DRILL PIPE,historical_tender,,,,TRUE
REAL-CLUST-PIP-SMLS,SEAMLESS STEEL PIPE FOR INDUSTRIAL / LINE CONDUIT,40171501,Oil India Limited,oil-india.com,DFD3683L15/07,,"ROTARY HAND SLIP FOR 5"" DRILL PIPE",historical_tender,,,,TRUE
REAL-CLUST-PIP-SMLS,SEAMLESS STEEL PIPE FOR INDUSTRIAL / LINE CONDUIT,40171501,Oil India Limited,oil-india.com,SDG9876P16/07,,Rotary Hand Slip for Drill Pipe. Qty: 08 Nos,historical_tender,,,,TRUE
REAL-CLUST-PIP-SMLS,SEAMLESS STEEL PIPE FOR INDUSTRIAL / LINE CONDUIT,40171501,Oil India Limited,oil-india.com,SSH4927P21/01,,"SEAMLESS LINE PIPES OF VARIOUS SIZES, API-5L",historical_tender,,,,TRUE
REAL-CLUST-PIP-SMLS,SEAMLESS STEEL PIPE FOR INDUSTRIAL / LINE CONDUIT,40171501,Oil India Limited,oil-india.com,DFS4917L18/01,,SEAMLESS STEEL LINE PIPE,historical_tender,,,,TRUE
REAL-CLUST-PIP-SMLS,SEAMLESS STEEL PIPE FOR INDUSTRIAL / LINE CONDUIT,40171501,Oil India Limited,oil-india.com,SSG4326P21,,"SEAMLESS STEEL LINE PIPE Steel Line Pipe, seamless, nom. size : 80 mm (3""),O.D. 88.9 mm (3.1/2""), wall thickness 5.49 mm(0.216""), plain end weight : 11.31 Kg/m (7.58 lb/ft), API std. 5L, Grade A, Screwed & coupled,length of each joint in 9/10 mtrs., Mill testpressure (Hydraulic) under screwed and coupled condition with couplings power tight - 154 Kg/cm.sqr. (2220 Psi)",historical_tender,,,,TRUE
REAL-CLUST-PIP-SMLS,SEAMLESS STEEL PIPE FOR INDUSTRIAL / LINE CONDUIT,40171501,Oil India Limited,oil-india.com,DFS5437L15/05,,"SEAMLESS STEEL LINE PIPE: Steel Line Pipe, Seamless extra strong, nom. Size : 8 mm (1/4""), O.D.13.7 mm (0.540""), wall thickness 3.02 mm ( 0.119""),Plain end weight 0.80 kg./m (0.54 lb/ft.)screwed and coupled API std. 5L Grade A, length of each joint in 6/7 mtr.Mill test pressure (Hydraulic ) under serewed and coupled condition :59kg./cm.sq.(850 psi)",historical_tender,,,,TRUE
REAL-CLUST-FLG-WN,FORGED STEEL PIPE FLANGE ASME B16.5,40141720,Oil India Limited,oil-india.com,SSG7141L22,,"SPARES FOR HIGH PRESSURE MUD VALVE (2"", 3"" & 4"")5000 PSI W.P. & 10,000 PSI TP OF AUDCO INDIA LTD. SPARES FOR 2"",3"" & 4"" VALVE, COMPLETE WITH FLANGED RTJ CONNECTION",historical_tender,,,,TRUE
REAL-CLUST-PMP-CENT,CENTRIFUGAL PROCESS PUMP / SPARES,40151503,Oil India Limited,oil-india.com,SSG3310L20/02,,SPARES FOR TRW MISSION CENTRIFUGAL PUMPS,historical_tender,,,,TRUE
REAL-CLUST-ROT-BRG,ANTI-FRICTION INDUSTRIAL ROLLING BEARING,31171504,Oil India Limited,oil-india.com,SSG3921L20/05,,"SPARES FOR TRW MISSION CENTRIFUGAL PUMPS Frame,Pump Seal, Diflector, Seal, bearing housing,Pump",historical_tender,,,,TRUE
REAL-CLUST-PMP-CENT,CENTRIFUGAL PROCESS PUMP / SPARES,40151503,Oil India Limited,oil-india.com,SSH5290L21/02,,SPARES FOR TRW MISSION CENTRIFUGAL PUMPS SIZE : 8 X 6 X 14 Casing Assy. for Pump,historical_tender,,,,TRUE
REAL-CLUST-PMP-CENT,CENTRIFUGAL PROCESS PUMP / SPARES,40151503,Oil India Limited,oil-india.com,SSG2541L20/02,,"SPARES FOR TRW MISSION CENTRIFUGAL PUMPS, SPARES FOR OILWELL",historical_tender,,,,TRUE
REAL-CLUST-VLV-GATE,INDUSTRIAL GATE VALVE FLANGED / SCREWED,40141607,Oil India Limited,oil-india.com,SJI5672P18,,SS Gate Valve,historical_tender,,,,TRUE
REAL-CLUST-FLG-WN,FORGED STEEL PIPE FLANGE ASME B16.5,40141720,Oil India Limited,oil-india.com,GEM/2022/B/2731948,,"STEAM LINE (IBR) (Q3) , BOILER TUBE (IBR) (Q3) , IBR FLANGE (Q3)",historical_tender,,,,TRUE
REAL-CLUST-PIP-SMLS,SEAMLESS STEEL PIPE FOR INDUSTRIAL / LINE CONDUIT,40171501,Oil India Limited,oil-india.com,SSG3377P15/05,,"STEEL LINE PIPE, SEAMLESS, SCREWED & COUPLED, NOMINAL SIZE: 100 MM, O.D. 114.3 MM, WALL THICKNESS: 11.13 MM, WEIGHT: 28.30 KG/M, API 5L, GRADE B, PLAIN END. QTY: 5 KMS",historical_tender,,,,TRUE
REAL-CLUST-PIP-SMLS,SEAMLESS STEEL PIPE FOR INDUSTRIAL / LINE CONDUIT,40171501,Oil India Limited,oil-india.com,SSG3379P15/05,,"STEEL LINE PIPE, SEAMLESS, SCREWED & COUPLED, NOMINAL SIZE: 50 MM, O.D. 60.3 MM, WALL THICKNESS: 11.07 MM, WEIGHT: 13.45 KG/M, API STD. 5L, GRADE B, PLAIN END. QTY: 6 KMS",historical_tender,,,,TRUE
REAL-CLUST-PIP-SMLS,SEAMLESS STEEL PIPE FOR INDUSTRIAL / LINE CONDUIT,40171501,Oil India Limited,oil-india.com,SDG4697P15/09,,"SUPPLY OF 127 MM O.D. HEAVY WEIGHT DRILL PIPE (NON-INTEGRAL TYPE, I.E. WELDED TYPE BY FRICTION / INERTIA WELDING). (QTY : 50 NOS)",historical_tender,,,,TRUE
REAL-CLUST-PIP-SMLS,SEAMLESS STEEL PIPE FOR INDUSTRIAL / LINE CONDUIT,40171501,Oil India Limited,oil-india.com,SDG7496P18/09,,SUPPLY OF 3.1/2” API GRADE G DRILL PIPE,historical_tender,,,,TRUE
REAL-CLUST-VLV-GATE,INDUSTRIAL GATE VALVE FLANGED / SCREWED,40141607,Oil India Limited,oil-india.com,SDG9291L19,,SUPPLY OF API GATE VALVES,historical_tender,,,,TRUE
REAL-CLUST-VLV-BALL,INDUSTRIAL BALL VALVE FLOATING / TRUNNION,40141611,Oil India Limited,oil-india.com,SDG3135P20/06,,"SUPPLY OF BALL VALVE, API 6D, FULL BORE, TOTAL QUANTITY 51 NOS",historical_tender,,,,TRUE
REAL-CLUST-PIP-SMLS,SEAMLESS STEEL PIPE FOR INDUSTRIAL / LINE CONDUIT,40171501,Oil India Limited,oil-india.com,SDG0800P19/09,,SUPPLY OF DRILL PIPES & PUP JOINTS,historical_tender,,,,TRUE
REAL-CLUST-PMP-CENT,CENTRIFUGAL PROCESS PUMP / SPARES,40151503,Oil India Limited,oil-india.com,SDG2986P20/09,,"SUPPLY OF ELECTRIC MOTOR DRIVEN, INTEGRAL GEAR BOX, HIGH RPM, FRAME MOUNTED, SINGLE STAGE, SPLIT RADIAL CENTRIFUGAL PUMP",historical_tender,,,,TRUE
REAL-CLUST-VLV-GATE,INDUSTRIAL GATE VALVE FLANGED / SCREWED,40141607,Oil India Limited,oil-india.com,SJG7643P19,,"SUPPLY OF GATE VALVE, HAND WHEEL OPERATED, 50 MM (2"") NB, ANSI 900 CLASS",historical_tender,,,,TRUE
REAL-CLUST-VLV-GATE,INDUSTRIAL GATE VALVE FLANGED / SCREWED,40141607,Oil India Limited,oil-india.com,SJG6860P18,,"SUPPLY OF GATE VALVE, HAND WHEEL OPERATED, 50 MM (2"") NB, W.P 210 KG/SQ.CM, ANSI 900 CLASS",historical_tender,,,,TRUE
REAL-CLUST-PIP-SMLS,SEAMLESS STEEL PIPE FOR INDUSTRIAL / LINE CONDUIT,40171501,Oil India Limited,oil-india.com,SDG3257P20/09,,SUPPLY OF HIGH PRESSURE SEAMLESS LINE PIPES,historical_tender,,,,TRUE
REAL-CLUST-PIP-SMLS,SEAMLESS STEEL PIPE FOR INDUSTRIAL / LINE CONDUIT,40171501,Oil India Limited,oil-india.com,SDG1487P20/07,,SUPPLY OF IBOP FOR 5 INCH OD DRILL PIPES TOTAL QUANTITY 8 NUMBERS,historical_tender,,,,TRUE
REAL-CLUST-PIP-SMLS,SEAMLESS STEEL PIPE FOR INDUSTRIAL / LINE CONDUIT,40171501,Oil India Limited,oil-india.com,SDG3380L20/09,,SUPPLY OF SPEAR FOR DRILL PIPE AND TUBING,historical_tender,,,,TRUE
REAL-CLUST-VLV-GATE,INDUSTRIAL GATE VALVE FLANGED / SCREWED,40141607,Oil India Limited,oil-india.com,SJI4641P21,,"SUPPLY OF(API 6A, 5000 PSI) GATE VALVE",historical_tender,,,,TRUE
REAL-CLUST-ROT-BRG,ANTI-FRICTION INDUSTRIAL ROLLING BEARING,31171504,Oil India Limited,oil-india.com,SDG1720P20/09,,"SUPPLY, INSTALLATION and COMMISSIONING OF ONE NUMBER BEARING INSPECTION SYSTEM BASED ON EDDY CURRENT TECHNOLOGY",historical_tender,,,,TRUE
REAL-CLUST-FLG-WN,FORGED STEEL PIPE FLANGE ASME B16.5,40141720,Oil India Limited,oil-india.com,KID7214L16/03,,"Safety relief valve, Spring Loaded, Angle design, bottom inlet and side outlet, Flanged ends drilled as per ANSI B-16.5 complete with necessary companion flange",historical_tender,,,,TRUE
REAL-CLUST-FLG-WN,FORGED STEEL PIPE FLANGE ASME B16.5,40141720,Oil India Limited,oil-india.com,KID6315L18/03,,"Safety relief valve, spring loaded, angle design, bottom inlet and side outlet, flanged ends drilled as per ANSI B-16.5",historical_tender,,,,TRUE
REAL-CLUST-ROT-BRG,ANTI-FRICTION INDUSTRIAL ROLLING BEARING,31171504,Oil India Limited,oil-india.com,SDG0042P16/07,,"Sealed Bearing Roller Reamer, 02 items, Qty: 06 Nos",historical_tender,,,,TRUE
REAL-CLUST-PMP-CENT,CENTRIFUGAL PROCESS PUMP / SPARES,40151503,Oil India Limited,oil-india.com,JID3621L17,,Single stage Horizontal centrifugal pump for Condensate loading,historical_tender,,,,TRUE
REAL-CLUST-FLG-WN,FORGED STEEL PIPE FLANGE ASME B16.5,40141720,Oil India Limited,oil-india.com,KID3908L20/03,,"Spares for portable loco boiler, steam operated injector self-starting Type having gunmetal construction and flanged ends. Working temperature 210 degree centigrade of Neatly and Gresham of specification5mm injector with 25 mm diameter flanged end having pressure25 to 100psia",historical_tender,,,,TRUE
REAL-CLUST-PIP-SMLS,SEAMLESS STEEL PIPE FOR INDUSTRIAL / LINE CONDUIT,40171501,Oil India Limited,oil-india.com,DFS5438L15/05,,"Steel line pipe, seamless, extra strong, nom. size15 mm (1/2""), O.D. - 21.3 mm (0.840""), Wall thickness - 3.73 mm (0.147""), plain end weight - 1.62 kg/m (1.09 lb/ft), API Std. 5L Grade B, screwed and coupled length of each joint in 6/7 mtrs. mill test pressure (Hydraulic) under screwed and coupled condition - 59 kg/cm.sq (850 PSI)",historical_tender,,,,TRUE
REAL-CLUST-FLG-WN,FORGED STEEL PIPE FLANGE ASME B16.5,40141720,Oil India Limited,oil-india.com,DID2809L14/L6,,"Strainer basket type with companion flange, 4"" (600 Class)",historical_tender,,,,TRUE
REAL-CLUST-PMP-CENT,CENTRIFUGAL PROCESS PUMP / SPARES,40151503,Oil India Limited,oil-india.com,SKI0965P19/08,,"Supply , Installation and Commissioning of EMD Centrifugal PUMP ( capacity 40-45 KLPH)",historical_tender,,,,TRUE
REAL-CLUST-PMP-CENT,CENTRIFUGAL PROCESS PUMP / SPARES,40151503,Oil India Limited,oil-india.com,SKI0974P19/08,,"Supply , Installation and Commissioning of EMD Centrifugal PUMP (capacity 100-105 KLPH)",historical_tender,,,,TRUE
REAL-CLUST-PMP-CENT,CENTRIFUGAL PROCESS PUMP / SPARES,40151503,Oil India Limited,oil-india.com,JID4958L18,,Supply of 2 nos. of Centrifugal Pump & FLP Motor. Qty.: Two (02) Nos,historical_tender,,,,TRUE
REAL-CLUST-FLG-WN,FORGED STEEL PIPE FLANGE ASME B16.5,40141720,Oil India Limited,oil-india.com,SDG6012P15/09,,Supply of 346.075 mm x 5M Annular BOP with Adapter Flange and accessories,historical_tender,,,,TRUE
REAL-CLUST-PIP-SMLS,SEAMLESS STEEL PIPE FOR INDUSTRIAL / LINE CONDUIT,40171501,Oil India Limited,oil-india.com,SSG7399L16,,Supply of 4 INCH SEAMLESS LINE PIPE,historical_tender,,,,TRUE
REAL-CLUST-PIP-SMLS,SEAMLESS STEEL PIPE FOR INDUSTRIAL / LINE CONDUIT,40171501,Oil India Limited,oil-india.com,SDG7153P16/09,,Supply of 88.90 mm OD heavy weight drill pipe. Qty. – 45 nos,historical_tender,,,,TRUE
REAL-CLUST-VLV-GATE,INDUSTRIAL GATE VALVE FLANGED / SCREWED,40141607,Oil India Limited,oil-india.com,SSG6405P18,,Supply of API 6A Gate Valves under RATE CONTRACT,historical_tender,,,,TRUE
REAL-CLUST-FLG-WN,FORGED STEEL PIPE FLANGE ASME B16.5,40141720,Oil India Limited,oil-india.com,SJI8852P19,,"Supply of Flange , Adapter , Hanger, RTJ RX type, Tubing Head Spool, Ring Joint Gasket, RX-46 SS316 & Ring Joint Gasket, RX-35 SS316",historical_tender,,,,TRUE
REAL-CLUST-FLG-WN,FORGED STEEL PIPE FLANGE ASME B16.5,40141720,Oil India Limited,oil-india.com,SKI5525L21/05,,Supply of Flanges,historical_tender,,,,TRUE
REAL-CLUST-VLV-GATE,INDUSTRIAL GATE VALVE FLANGED / SCREWED,40141607,Oil India Limited,oil-india.com,SJI5236P18,,Supply of Gate Valve,historical_tender,,,,TRUE
REAL-CLUST-VLV-GATE,INDUSTRIAL GATE VALVE FLANGED / SCREWED,40141607,Oil India Limited,oil-india.com,SSH8706P22,,Supply of Gate valves through E-Procurement,historical_tender,,,,TRUE
REAL-CLUST-FLG-WN,FORGED STEEL PIPE FLANGE ASME B16.5,40141720,Oil India Limited,oil-india.com,SKI9324P19/05,,Supply of Pipe flanges,historical_tender,,,,TRUE
REAL-CLUST-FLG-WN,FORGED STEEL PIPE FLANGE ASME B16.5,40141720,Oil India Limited,oil-india.com,SKI5491P21/05,,Supply of flanges,historical_tender,,,,TRUE
REAL-CLUST-ROT-BRG,ANTI-FRICTION INDUSTRIAL ROLLING BEARING,31171504,Oil India Limited,oil-india.com,DID9684L16,,TAPERED ROLLER BEARING,historical_tender,,,,TRUE
REAL-CLUST-VLV-GATE,INDUSTRIAL GATE VALVE FLANGED / SCREWED,40141607,Oil India Limited,oil-india.com,SGI5504P21,,"THROUGH-CONDUIT, RISING-STEM GATE VALVE",historical_tender,,,,TRUE
REAL-CLUST-ROT-BRG,ANTI-FRICTION INDUSTRIAL ROLLING BEARING,31171504,Oil India Limited,oil-india.com,SSG7745L16/05,,"TRI-CONE, MILLED TOOTH, SOFT FORMATION, JET CIRCULATION, FRICTION SEALED BEARING TYPE ROLLER BIT WITH GAUGE PROTECTION AND HAVING API MONOGRAM",historical_tender,,,,TRUE
REAL-CLUST-ROT-BRG,ANTI-FRICTION INDUSTRIAL ROLLING BEARING,31171504,Oil India Limited,oil-india.com,SSG5698L15/05,,"TRI-CONE, MILLED TOOTH, SOFT FORMATION, JET CIRCULATION, FRICTION SEALED BEARING TYPE ROLLER BIT WITH GAUGE PROTECTION AND HAVING API MONOGRAM AS PER API SPEC 7-1",historical_tender,,,,TRUE
REAL-CLUST-ROT-BRG,ANTI-FRICTION INDUSTRIAL ROLLING BEARING,31171504,Oil India Limited,oil-india.com,SSG7000L16/05,,"TRI-CONE, MILLED TOOTH, SOFT FORMATION, JET CIRCULATION, FRICTION SEALED BEARING TYPE ROLLER BIT WITH GAUGE PROTECTION AND HAVING API MONOGRAM AS PER API SPEC. 7-1",historical_tender,,,,TRUE
REAL-CLUST-VLV-BALL,INDUSTRIAL BALL VALVE FLOATING / TRUNNION,40141611,Oil India Limited,oil-india.com,KID5736L15/04,,Tender for Ball Valve,historical_tender,,,,TRUE
REAL-CLUST-VLV-GATE,INDUSTRIAL GATE VALVE FLANGED / SCREWED,40141607,Oil India Limited,oil-india.com,SGG0601P19,,"Through Conduit Gate Valve, DN 200 (8 inch), 600 Class",historical_tender,,,,TRUE
REAL-CLUST-FLG-WN,FORGED STEEL PIPE FLANGE ASME B16.5,40141720,Oil India Limited,oil-india.com,SSG6679P15/05,,"Tubing Head Assembly, 704 kg/sq.cm. W.P. as per API Spec. 6A, Top Flange Size: 179.4 mm, Bottom Flange Size: 279.4 mm with Accessories. (Qty: 15 sets )",historical_tender,,,,TRUE
REAL-CLUST-FLG-WN,FORGED STEEL PIPE FLANGE ASME B16.5,40141720,Oil India Limited,oil-india.com,SSG6452P15/05,,"Tubing Head Spool, 352.1 Kg/Sq.cm. W.P., Forged Alloy/ Cast Steel, Conforming to API Std. 6A, Top Flange Size: 179.4 mm, Bottom Flange Size: 279.4 mm Including Accessories (Qty: 20 Nos.)",historical_tender,,,,TRUE
REAL-CLUST-ROT-BRG,ANTI-FRICTION INDUSTRIAL ROLLING BEARING,31171504,Oil India Limited,oil-india.com,GEM/2021/B/1367160,,Ultrasonic leak detector and bearing monitoring device,historical_tender,,,,TRUE
REAL-CLUST-VLV-GATE,INDUSTRIAL GATE VALVE FLANGED / SCREWED,40141607,Oil India Limited,oil-india.com,GEM/2021/B/1154983,,"Valve Gate 1.13/16"" x10000 PSI Flgd. R. J",historical_tender,,,,TRUE
REAL-CLUST-VLV-GATE,INDUSTRIAL GATE VALVE FLANGED / SCREWED,40141607,Oil India Limited,oil-india.com,GEM/2021/B/1155017,,"Valve Gate 2.1/16"" x 5000 PSI, API 6A , Valve Gate 2.1/16"" x 10000 PSI, API 6A , Valve Gate 2.9/16"" x 5000 PSI, API 6A",historical_tender,,,,TRUE
REAL-CLUST-VLV-GATE,INDUSTRIAL GATE VALVE FLANGED / SCREWED,40141607,Oil India Limited,oil-india.com,GEM/2021/B/950732,,"Valve Gate 2.1/16""x5000 PSI API 6A Trim U-A",historical_tender,,,,TRUE
REAL-CLUST-VLV-GATE,INDUSTRIAL GATE VALVE FLANGED / SCREWED,40141607,Oil India Limited,oil-india.com,: GEM/2021/B/1327241,,"Valve, Check, 1/4"" x125 PSI , Valve, Gate, API LPT, 2"" , Valve, Gate, NPT Threads , Valve, Globe, Size: 1/4"" (8.45 mm)",historical_tender,,,,TRUE
REAL-CLUST-VLV-GATE,INDUSTRIAL GATE VALVE FLANGED / SCREWED,40141607,Oil India Limited,oil-india.com,GEM/2024/B/4451800,,"Valve, Gate, 2.1/16"" x 10000PSI Flngd. R. J. (10015864)",historical_tender,,,,TRUE
REAL-CLUST-VLV-GATE,INDUSTRIAL GATE VALVE FLANGED / SCREWED,40141607,Oil India Limited,oil-india.com,SSH2280P23,,"Valve,Gate,1.13/16""x10000 PSI Flgd.R.J",historical_tender,,,,TRUE
REAL-CLUST-FLG-WN,FORGED STEEL PIPE FLANGE ASME B16.5,40141720,Oil India Limited,oil-india.com,GEM/2023/B/3807045,,Various kinds of Companion Flange,historical_tender,,,,TRUE
REAL-CLUST-FLG-WN,FORGED STEEL PIPE FLANGE ASME B16.5,40141720,Oil India Limited,oil-india.com,KID7452L16/05,,"WP, API 6B type RTJ Flange grooved with R-44 ring joint gasket",historical_tender,,,,TRUE
REAL-CLUST-FLG-WN,FORGED STEEL PIPE FLANGE ASME B16.5,40141720,Oil India Limited,oil-india.com,JID9901L19,,"Weld neck Flanges and 4"" NB x 12"" Long Nipple",historical_tender,,,,TRUE
REAL-CLUST-PMP-CENT,CENTRIFUGAL PROCESS PUMP / SPARES,40151503,Oil India Limited,oil-india.com,GEM/2021/B/1238253,,centrifugal pump of discharge flow 60 KL/Hr,historical_tender,,,,TRUE
REAL-CLUST-VLV-GATE,INDUSTRIAL GATE VALVE FLANGED / SCREWED,40141607,Oil India Limited,oil-india.com,SDG3698P15/07,,"i) HAND WHEEL OPERATED API 6D, THROUGH CONDUIT, API MONOGRAMMED, FIRE SAFE TO API 6FA, PRESSURE BALANCED TYPE, RISING STEM GATE VALVE COMPLETE WITH NECESSARY COMPANION WELD NECK FLANGES AND RTJ GASKET AND STUD, BOLTS & NUTS ETC- 50 MM NB X 600 CLASS (QTY : 6 NOS); 75 MM NB X 600 CLASS (QTY :54 NOS);101.6MM NB X 600 CLASS (QTY : 34 NOS);200 MM NB X 600 CLASS (QTY : 2 NOS) ii) BALL VALVES FOR NATURAL GAS SERVICE, FULL BORE, THROUGH CONDUIT CONFIGURATION, CAST CARBON STEEL FLANGED, VALVE DE",historical_tender,,,,TRUE
REAL-CLUST-VLV-GATE,INDUSTRIAL GATE VALVE FLANGED / SCREWED,40141607,Oil India Limited,oil-india.com,SJI4256P21,,"supply of IBR GATE VALVE, CHECK VALVES AND OTHER FITTINGS FOR FABRICATION OF STEAM LINES FOR INJECTING STEAM IN TANKS AND FLOWLINES through its e-Procurement site under Local Competitive Bidding (LCB) - Single Stage Two Bid System",historical_tender,,,,TRUE
REAL-CLUST-FLG-WN,FORGED STEEL PIPE FLANGE ASME B16.5,40141720,Oil India Limited,oil-india.com,GEM/2026/B/7972746,,"PIPE FITTINGS. (BENDS, COUPLINGS, ELBOW, FLANGE, ALLOY STEEL STUD BOLT AND RIGN JOINT GASKET)",live_tender,,,,TRUE
REAL-CLUST-PIP-SMLS,SEAMLESS STEEL PIPE FOR INDUSTRIAL / LINE CONDUIT,40171501,Oil India Limited,oil-india.com,GEM/2026/B/7925276,,"Pneumatic Drill Pipe Spinner , Hydraulic Pressure Recorder 6000psi",live_tender,,,,TRUE
REAL-CLUST-FLG-WN,FORGED STEEL PIPE FLANGE ASME B16.5,40141720,Oil India Limited,oil-india.com,GEM/2026/B/7979988,,Procurement of Studs & Nuts as per ASMEB16.5 flanges for Project & Tank Farm Section,live_tender,,,,TRUE
