original_material_code,cpse,source_system,original_description,material_type,material_group,commodity_class,material,material_grade,standard,nominal_size,size_unit,pressure_class,pressure_unit,schedule,thickness,thickness_unit,voltage,voltage_unit,temperature_rating,temperature_unit,thread_type,face_type,connection_type,outer_diameter,outer_diameter_unit,cross_section,cross_section_unit,cores,length,length_unit,weight,weight_unit,manufacturer,manufacturer_part_number,canonical_uom,criticality,source_type,source_record_id,source_file,source_row,ingestion_timestamp,processing_version
,,iocl.com,1236/1231,,,,,,,,,,,,,,,,,,,,,,,,,,,,,,,,nan,,REAL_PUBLIC_SOURCE,M000001,cpse_material_corpus.csv,0,2026-09-19T00:42:48.205395,1.0
,,iocl.com,14.2 Kg Cylinders (Including New & Replacement),,,,,,,,,,,,,,,,,,,,,,,,,,,,,,,,Nos.,,REAL_PUBLIC_SOURCE,M000002,cpse_material_corpus.csv,1,2026-09-19T00:42:48.205395,1.0
,,iocl.com,1415/1417/1418,,,,,,,,,,,,,,,,,,,,,,,,,,,,,,,,nan,,REAL_PUBLIC_SOURCE,M000003,cpse_material_corpus.csv,2,2026-09-19T00:42:48.205395,1.0
,,iocl.com,1507/1534,,,,,,,,,,,,,,,,,,,,,,,,,,,,,,,,nan,,REAL_PUBLIC_SOURCE,M000004,cpse_material_corpus.csv,3,2026-09-19T00:42:48.205395,1.0
,,iocl.com,1599+3001/1543+460 1,,,,,,,,,,,,,,,,,,,,,,,,,,,,,,,,nan,,REAL_PUBLIC_SOURCE,M000005,cpse_material_corpus.csv,4,2026-09-19T00:42:48.205395,1.0
,,iocl.com,1599+3001/1543+4601,,,,,,,,,,,,,,,,,,,,,,,,,,,,,,,,nan,,REAL_PUBLIC_SOURCE,M000006,cpse_material_corpus.csv,5,2026-09-19T00:42:48.205395,1.0
,,iocl.com,1599/1613,,,,,,,,,,,,,,,,,,,,,,,,,,,,,,,,nan,,REAL_PUBLIC_SOURCE,M000007,cpse_material_corpus.csv,6,2026-09-19T00:42:48.205395,1.0
,,iocl.com,1617/1585+1621,,,,,,,,,,,,,,,,,,,,,,,,,,,,,,,,nan,,REAL_PUBLIC_SOURCE,M000008,cpse_material_corpus.csv,7,2026-09-19T00:42:48.205395,1.0
,,iocl.com,1617/1772+4574,,,,,,,,,,,,,,,,,,,,,,,,,,,,,,,,nan,,REAL_PUBLIC_SOURCE,M000009,cpse_material_corpus.csv,8,2026-09-19T00:42:48.205395,1.0
,,iocl.com,1666/1756,,,,,,,,,,,,,,,,,,,,,,,,,,,,,,,,nan,,REAL_PUBLIC_SOURCE,M000010,cpse_material_corpus.csv,9,2026-09-19T00:42:48.205395,1.0
,,iocl.com,1712/1714,,,,,,,,,,,,,,,,,,,,,,,,,,,,,,,,nan,,REAL_PUBLIC_SOURCE,M000011,cpse_material_corpus.csv,10,2026-09-19T00:42:48.205395,1.0
,,iocl.com,1738/1770,,,,,,,,,,,,,,,,,,,,,,,,,,,,,,,,nan,,REAL_PUBLIC_SOURCE,M000012,cpse_material_corpus.csv,11,2026-09-19T00:42:48.205395,1.0
,,iocl.com,1756/1758,,,,,,,,,,,,,,,,,,,,,,,,,,,,,,,,nan,,REAL_PUBLIC_SOURCE,M000013,cpse_material_corpus.csv,12,2026-09-19T00:42:48.205395,1.0
,,iocl.com,1774/1772,,,,,,,,,,,,,,,,,,,,,,,,,,,,,,,,nan,,REAL_PUBLIC_SOURCE,M000014,cpse_material_corpus.csv,13,2026-09-19T00:42:48.205395,1.0
,,iocl.com,19 Kg Cylinders (Including New & Replacement),,,,,,,,,,,,,,,,,,,,,,,,,,,,,,,,Nos.,,REAL_PUBLIC_SOURCE,M000015,cpse_material_corpus.csv,14,2026-09-19T00:42:48.205395,1.0
,,iocl.com,2-Hydroxy-4-n- octoxybenzophenone (Cyasorb 531/ UV-1),,,,,,,,,,,,,,,,,,,,,,,,,,,,,,,,MT,,REAL_PUBLIC_SOURCE,M000016,cpse_material_corpus.csv,15,2026-09-19T00:42:48.205395,1.0
,,iocl.com,2004/20042,,,,,,,,,,,,,,,,,,,,,,,,,,,,,,,,nan,,REAL_PUBLIC_SOURCE,M000017,cpse_material_corpus.csv,16,2026-09-19T00:42:48.205395,1.0
,,iocl.com,20L Automatic Rotary Evaporation System,,,,,,,,,,,,,,,,,,,,,,,,,,,,,,,,No,,REAL_PUBLIC_SOURCE,M000018,cpse_material_corpus.csv,17,2026-09-19T00:42:48.205395,1.0
,,iocl.com,425 KG Cylinders,,,,,,,,,,,,,,,,,,,,,,,,,,,,,,,,Nos.,,REAL_PUBLIC_SOURCE,M000019,cpse_material_corpus.csv,18,2026-09-19T00:42:48.205395,1.0
,,iocl.com,47.5 Kg Cylinders (Including New & Replacement),,,,,,,,,,,,,,,,,,,,,,,,,,,,,,,,Nos.,,REAL_PUBLIC_SOURCE,M000020,cpse_material_corpus.csv,19,2026-09-19T00:42:48.205395,1.0
,,iocl.com,5 Kg Cylinders (Including New & Replacement),,,,,,,,,,,,,,,,,,,,,,,,,,,,,,,,Nos.,,REAL_PUBLIC_SOURCE,M000021,cpse_material_corpus.csv,20,2026-09-19T00:42:48.205395,1.0
,,iocl.com,6012/6015,,,,,,,,,,,,,,,,,,,,,,,,,,,,,,,,nan,,REAL_PUBLIC_SOURCE,M000022,cpse_material_corpus.csv,21,2026-09-19T00:42:48.205395,1.0
,,iocl.com,6038/6017,,,,,,,,,,,,,,,,,,,,,,,,,,,,,,,,nan,,REAL_PUBLIC_SOURCE,M000023,cpse_material_corpus.csv,22,2026-09-19T00:42:48.205395,1.0
,,iocl.com,6038/6102,,,,,,,,,,,,,,,,,,,,,,,,,,,,,,,,nan,,REAL_PUBLIC_SOURCE,M000024,cpse_material_corpus.csv,23,2026-09-19T00:42:48.205395,1.0
,,iocl.com,608 test bearings,,,,,,,,,,,,,,,,,,,,,,,,,,,,,,,,Lot,,REAL_PUBLIC_SOURCE,M000025,cpse_material_corpus.csv,24,2026-09-19T00:42:48.205395,1.0
,,iocl.com,65684/65682,,,,,,,,,,,,,,,,,,,,,,,,,,,,,,,,nan,,REAL_PUBLIC_SOURCE,M000026,cpse_material_corpus.csv,25,2026-09-19T00:42:48.205395,1.0
,,iocl.com,8133/8120,,,,,,,,,,,,,,,,,,,,,,,,,,,,,,,,nan,,REAL_PUBLIC_SOURCE,M000027,cpse_material_corpus.csv,26,2026-09-19T00:42:48.205395,1.0
,,iocl.com,81621/81622/81623,,,,,,,,,,,,,,,,,,,,,,,,,,,,,,,,nan,,REAL_PUBLIC_SOURCE,M000028,cpse_material_corpus.csv,27,2026-09-19T00:42:48.205395,1.0
,,iocl.com,A3 Printer,,,,,,,,,,,,,,,,,,,,,,,,,,,,,,,,No.,,REAL_PUBLIC_SOURCE,M000029,cpse_material_corpus.csv,28,2026-09-19T00:42:48.205395,1.0
,,iocl.com,ACDB Panel (Nos),,,,,,,,,,,,,,,,,,,,,,,,,,,,,,,,Nos.,,REAL_PUBLIC_SOURCE,M000030,cpse_material_corpus.csv,29,2026-09-19T00:42:48.205395,1.0
,,iocl.com,AMC for micro gas chromatograph,,,,,,,,,,,,,,,,,,,,,,,,,,,,,,,,Lot,,REAL_PUBLIC_SOURCE,M000031,cpse_material_corpus.csv,30,2026-09-19T00:42:48.205395,1.0
,,iocl.com,AMC of BELSORP HP instrument,,,,,,,,,,,,,,,,,,,,,,,,,,,,,,,,Lot,,REAL_PUBLIC_SOURCE,M000032,cpse_material_corpus.csv,31,2026-09-19T00:42:48.205395,1.0
,,iocl.com,AMC of BET Surface area Analyzer,,,,,,,,,,,,,,,,,,,,,,,,,,,,,,,,Lot,,REAL_PUBLIC_SOURCE,M000033,cpse_material_corpus.csv,32,2026-09-19T00:42:48.205395,1.0
,,iocl.com,AMC of DCN Analyzer,,,,,,,,,,,,,,,,,,,,,,,,,,,,,,,,nan,,REAL_PUBLIC_SOURCE,M000034,cpse_material_corpus.csv,33,2026-09-19T00:42:48.205395,1.0
,,iocl.com,AMC of Hydrogen Infrastructure,,,,,,,,,,,,,,,,,,,,,,,,,,,,,,,,Lot,,REAL_PUBLIC_SOURCE,M000035,cpse_material_corpus.csv,34,2026-09-19T00:42:48.205395,1.0
,,iocl.com,AMC of MATLAB software,,,,,,,,,,,,,,,,,,,,,,,,,,,,,,,,nan,,REAL_PUBLIC_SOURCE,M000036,cpse_material_corpus.csv,35,2026-09-19T00:42:48.205395,1.0
,,iocl.com,"AO1076 (Octadecyl β – (3,5-di- tert - butyl-4-hydroxy phenyl)-propionate",,,,,,,,,,,,,,,,,,,,,,,,,,,,,,,,MT,,REAL_PUBLIC_SOURCE,M000037,cpse_material_corpus.csv,36,2026-09-19T00:42:48.205395,1.0
,,iocl.com,"AO1076 (Octadecyl β – (3,5-di- tert -butyl-4- hydroxy phenyl)- propionate",,,,,,,,,,,,,,,,,,,,,,,,,,,,,,,,MT,,REAL_PUBLIC_SOURCE,M000038,cpse_material_corpus.csv,37,2026-09-19T00:42:48.205395,1.0
,,iocl.com,"AO1076 (Octadecyl β – (3,5-di- tert -butyl-4-hydroxy phenyl)- propionate",,,,,,,,,,,,,,,,,,,,,,,,,,,,,,,,MT,,REAL_PUBLIC_SOURCE,M000039,cpse_material_corpus.csv,38,2026-09-19T00:42:48.205395,1.0
,,iocl.com,API 579 Software,,,,,,,,,,,,,,,,,,,,,,,,,,,,,,,,nan,,REAL_PUBLIC_SOURCE,M000040,cpse_material_corpus.csv,39,2026-09-19T00:42:48.205395,1.0
,,iocl.com,API 610 Centrifugal Pump,,,,,,,,,,,,,,,,,,,,,,,,,,,,,,,,No.,,REAL_PUBLIC_SOURCE,M000041,cpse_material_corpus.csv,40,2026-09-19T00:42:48.205395,1.0
,,iocl.com,API 6D Ball Valves (Nos),,,Valve,,,,,,,,,,,,,,,,,,,,,,,,,,,,,Nos.,,REAL_PUBLIC_SOURCE,M000042,cpse_material_corpus.csv,41,2026-09-19T00:42:48.205395,1.0
,,iocl.com,API 6D Valves (Nos),,,Valve,,,,,,,,,,,,,,,,,,,,,,,,,,,,,Nos.,,REAL_PUBLIC_SOURCE,M000043,cpse_material_corpus.csv,42,2026-09-19T00:42:48.205395,1.0
,,iocl.com,ATF (Aviation Turbine fuel) Merox catalyst – Pre impregnated activated charcoal,,,,,,,,,,,,,,,,,,,,,,,,,,,,,,,,nan,,REAL_PUBLIC_SOURCE,M000044,cpse_material_corpus.csv,43,2026-09-19T00:42:48.205395,1.0
,,iocl.com,ATF Merox Catalyst - Pre impregnated activated charcoal,,,,,,,,,,,,,,,,,,,,,,,,,,,,,,,,nan,,REAL_PUBLIC_SOURCE,M000045,cpse_material_corpus.csv,44,2026-09-19T00:42:48.205395,1.0
,,iocl.com,Abel flash point apparatus,,,,,,,,,,,,,,,,,,,,,,,,,,,,,,,,nan,,REAL_PUBLIC_SOURCE,M000046,cpse_material_corpus.csv,45,2026-09-19T00:42:48.205395,1.0
,,iocl.com,Acrylic plates,,,,,,,,,,,,,,,,,,,,,,,,,,,,,,,,nan,,REAL_PUBLIC_SOURCE,M000047,cpse_material_corpus.csv,46,2026-09-19T00:42:48.205395,1.0
,,iocl.com,Additive dosing machines,,,,,,,,,,,,,,,,,,,,,,,,,,,,,,,,Nos.,,REAL_PUBLIC_SOURCE,M000048,cpse_material_corpus.csv,47,2026-09-19T00:42:48.205395,1.0
,,iocl.com,Advanced Metallurgical Microscope,,,,,,,,,,,,,,,,,,,,,,,,,,,,,,,,nan,,REAL_PUBLIC_SOURCE,M000049,cpse_material_corpus.csv,48,2026-09-19T00:42:48.205395,1.0
,,iocl.com,Agitator & Mixer Spares,,,,,,,,,,,,,,,,,,,,,,,,,,,,,,,,Lot,,REAL_PUBLIC_SOURCE,M000050,cpse_material_corpus.csv,49,2026-09-19T00:42:48.205395,1.0
,,iocl.com,Air Compressor,,,,,,,,,,,,,,,,,,,,,,,,,,,,,,,,Nos.,,REAL_PUBLIC_SOURCE,M000051,cpse_material_corpus.csv,50,2026-09-19T00:42:48.205395,1.0
,,iocl.com,Air Conditioner Spares,,,,,,,,,,,,,,,,,,,,,,,,,,,,,,,,Lot,,REAL_PUBLIC_SOURCE,M000052,cpse_material_corpus.csv,51,2026-09-19T00:42:48.205395,1.0
,,iocl.com,Air Dryer,,,,,,,,,,,,,,,,,,,,,,,,,,,,,,,,Nos.,,REAL_PUBLIC_SOURCE,M000053,cpse_material_corpus.csv,52,2026-09-19T00:42:48.205395,1.0
,,iocl.com,Air Ends of Screw Compressors,,,,,,,,,,,,,,,,,,,,,,,,,,,,,,,,Nos.,,REAL_PUBLIC_SOURCE,M000054,cpse_material_corpus.csv,53,2026-09-19T00:42:48.205395,1.0
,,iocl.com,Alkyl Amine Ethoxylate ( ATMER 163 ) - for neutralization of Catalyst & Co catalyst and works as anti- static agent,,,,,,,,,,,,,,,,,,,,,,,,,,,,,,,,MT,,REAL_PUBLIC_SOURCE,M000055,cpse_material_corpus.csv,54,2026-09-19T00:42:48.205395,1.0
,,iocl.com,Analyser in Stack & ambient air quality measurement for PM2.5 / PM10,,,,,,,,,,,,,,,,,,,,,,,,,,,,,,,,Nos.,,REAL_PUBLIC_SOURCE,M000056,cpse_material_corpus.csv,55,2026-09-19T00:42:48.205395,1.0
,,iocl.com,Analytical balance,,,,,,,,,,,,,,,,,,,,,,,,,,,,,,,,Nos,,REAL_PUBLIC_SOURCE,M000057,cpse_material_corpus.csv,56,2026-09-19T00:42:48.205395,1.0
,,iocl.com,"Anitoxidant AO 3114(1,3,5- Tris(3,5-di-tert-butyl-4- hydroxy benzyl)-s-triazine- 2,4,6-(1H,3H,5H)trione) - specialized vis- breaking chemical used for speci fic PP grade",,,,,,,,,,,,,,,,,,,,,,,,,,,,,,,,MT,,REAL_PUBLIC_SOURCE,M000058,cpse_material_corpus.csv,57,2026-09-19T00:42:48.205395,1.0
,,iocl.com,"Anitoxidant AO 3114(1,3,5-Tris(3,5-di- tert-butyl-4-hydroxy benzyl)-s-triazine-2,4,6- (1H,3H,5H)trione) - specialized vis- breaking chemical used for speci fic PP grade",,,,,,,,,,,,,,,,,,,,,,,,,,,,,,,,MT,,REAL_PUBLIC_SOURCE,M000059,cpse_material_corpus.csv,58,2026-09-19T00:42:48.205395,1.0
,,iocl.com,"Anti Oxidant (AO 1010) Pentaerythritol tetrakis(3- (3,5-di-tert- butyl-4- hydroxyphenyl)propionat e)",,,,,,,,,,,,,,,,,,,,,,,,,,,,,,,,MT,,REAL_PUBLIC_SOURCE,M000060,cpse_material_corpus.csv,59,2026-09-19T00:42:48.205395,1.0
,,iocl.com,"Anti Oxidant (AO 1010) Pentaerythritol tetrakis(3- (3,5-di-tert- butyl-4- hydroxyphenyl)propionate)",,,,,,,,,,,,,,,,,,,,,,,,,,,,,,,,MT,,REAL_PUBLIC_SOURCE,M000061,cpse_material_corpus.csv,60,2026-09-19T00:42:48.205395,1.0
,,iocl.com,"Anti Oxidant (AO 1010) Pentaerythritol tetrakis(3-(3,5- di-tert- butyl-4- hydroxyphenyl)propionate)",,,,,,,,,,,,,,,,,,,,,,,,,,,,,,,,MT,,REAL_PUBLIC_SOURCE,M000062,cpse_material_corpus.csv,61,2026-09-19T00:42:48.205395,1.0
,,iocl.com,"Anti Oxidant (AO 1010) Pentaerythritol tetrakis(3-(3,5-di- tert-butyl-4- hydroxyphenyl)propionate)",,,,,,,,,,,,,,,,,,,,,,,,,,,,,,,,MT,,REAL_PUBLIC_SOURCE,M000063,cpse_material_corpus.csv,62,2026-09-19T00:42:48.205395,1.0
,,iocl.com,Anti Oxidant AO 168/ AO9,,,,,,,,,,,,,,,,,,,,,,,,,,,,,,,,MT,,REAL_PUBLIC_SOURCE,M000064,cpse_material_corpus.csv,63,2026-09-19T00:42:48.205395,1.0
,,iocl.com,Anti chafe Chain,,,,,,,,,,,,,,,,,,,,,,,,,,,,,,,,Nos.,,REAL_PUBLIC_SOURCE,M000065,cpse_material_corpus.csv,64,2026-09-19T00:42:48.205395,1.0
,,iocl.com,Anti-Chafe Chains for Vadinar,,,,,,,,,,,,,,,,,,,,,,,,,,,,,,,,No,,REAL_PUBLIC_SOURCE,M000066,cpse_material_corpus.csv,65,2026-09-19T00:42:48.205395,1.0
,,iocl.com,"Antioxidant (AO-1330 ) - prevents polymer from degradation caused by exposure to heat, ultraviolet radiation (UV) and mechanical shear",,,,,,,,,,,,,,,,,,,,,,,,,,,,,,,,MT,,REAL_PUBLIC_SOURCE,M000067,cpse_material_corpus.csv,66,2026-09-19T00:42:48.205395,1.0
,,iocl.com,"Antioxidant (AO-1330 ) -prevents polymer from degradation caused by exposure to heat, ultraviolet radiation (UV) and mechanical shear",,,,,,,,,,,,,,,,,,,,,,,,,,,,,,,,MT,,REAL_PUBLIC_SOURCE,M000068,cpse_material_corpus.csv,67,2026-09-19T00:42:48.205395,1.0
,,iocl.com,"Antioxidant AO 3114(1,3,5-Tris(3,5- di-tert-butyl-4-hydroxy benzyl)-s- triazine-2,4,6-(1H,3H,5H)trione) - specialized vis- breaking chemical used for speci fic PP grade",,,,,,,,,,,,,,,,,,,,,,,,,,,,,,,,MT,,REAL_PUBLIC_SOURCE,M000069,cpse_material_corpus.csv,68,2026-09-19T00:42:48.205395,1.0
,,iocl.com,Asphaltene Extraction system,,,,,,,,,,,,,,,,,,,,,,,,,,,,,,,,nan,,REAL_PUBLIC_SOURCE,M000070,cpse_material_corpus.csv,69,2026-09-19T00:42:48.205395,1.0
,,iocl.com,Assay analysis of Fresh & Spent catalyst,,,,,,,,,,,,,,,,,,,,,,,,,,,,,,,,No.,,REAL_PUBLIC_SOURCE,M000071,cpse_material_corpus.csv,70,2026-09-19T00:42:48.205395,1.0
,,iocl.com,Assay analysis of spent catalyst - required to quantify precious metal i.e. Palladium content in Spent catalyst for settlement of quantity of recovery of precious metal from spent catalyst,,,,,,,,,,,,,,,,,,,,,,,,,,,,,,,,Lot,,REAL_PUBLIC_SOURCE,M000072,cpse_material_corpus.csv,71,2026-09-19T00:42:48.205395,1.0
,,iocl.com,Automatic Multipurpose Reactor System,,,,,,,,,,,,,,,,,,,,,,,,,,,,,,,,No,,REAL_PUBLIC_SOURCE,M000073,cpse_material_corpus.csv,72,2026-09-19T00:42:48.205395,1.0
,,iocl.com,Automatic Storage & Retrieval System for Petrochemical Warehouse,,,,,,,,,,,,,,,,,,,,,,,,,,,,,,,,Set,,REAL_PUBLIC_SOURCE,M000074,cpse_material_corpus.csv,73,2026-09-19T00:42:48.205395,1.0
,,iocl.com,Automatic Titrator with KF,,,,,,,,,,,,,,,,,,,,,,,,,,,,,,,,No,,REAL_PUBLIC_SOURCE,M000075,cpse_material_corpus.csv,74,2026-09-19T00:42:48.205395,1.0
,,iocl.com,Automatic smoke point,,,,,,,,,,,,,,,,,,,,,,,,,,,,,,,,nan,,REAL_PUBLIC_SOURCE,M000076,cpse_material_corpus.csv,75,2026-09-19T00:42:48.205395,1.0
,,iocl.com,"BALL VALVES of Duplex, Alloy 276",,,Valve,,,,,,,,,,,,,,,,,,,,,,,,,,,,,Nos.,,REAL_PUBLIC_SOURCE,M000077,cpse_material_corpus.csv,76,2026-09-19T00:42:48.205395,1.0
,,iocl.com,Bagging and Pelletizing Plant,,,,,,,,,,,,,,,,,,,,,,,,,,,,,,,,Nos.,,REAL_PUBLIC_SOURCE,M000078,cpse_material_corpus.csv,77,2026-09-19T00:42:48.205395,1.0
,,iocl.com,Bale Film wrapper,,,,,,,,,,,,,,,,,,,,,,,,,,,,,,,,Package,,REAL_PUBLIC_SOURCE,M000079,cpse_material_corpus.csv,78,2026-09-19T00:42:48.205395,1.0
,,iocl.com,Bale Moisture Analyzer,,,,,,,,,,,,,,,,,,,,,,,,,,,,,,,,No.,,REAL_PUBLIC_SOURCE,M000080,cpse_material_corpus.csv,79,2026-09-19T00:42:48.205395,1.0
,,iocl.com,Baler Package,,,,,,,,,,,,,,,,,,,,,,,,,,,,,,,,Package,,REAL_PUBLIC_SOURCE,M000081,cpse_material_corpus.csv,80,2026-09-19T00:42:48.205395,1.0
,,iocl.com,Ball Valve (Nos),,,Valve,,,,,,,,,,,,,,,,,,,,,,,,,,,,,Nos.,,REAL_PUBLIC_SOURCE,M000082,cpse_material_corpus.csv,81,2026-09-19T00:42:48.205395,1.0
,,iocl.com,Balls and plates for tribometer,,,,,,,,,,,,,,,,,,,,,,,,,,,,,,,,nan,,REAL_PUBLIC_SOURCE,M000083,cpse_material_corpus.csv,82,2026-09-19T00:42:48.205395,1.0
,,iocl.com,Basket Strainer (Nos),,,,,,,,,,,,,,,,,,,,,,,,,,,,,,,,Nos.,,REAL_PUBLIC_SOURCE,M000084,cpse_material_corpus.csv,83,2026-09-19T00:42:48.205395,1.0
,,iocl.com,Bearings,,,,,,,,,,,,,,,,,,,,,,,,,,,,,,,,Lot,,REAL_PUBLIC_SOURCE,M000085,cpse_material_corpus.csv,84,2026-09-19T00:42:48.205395,1.0
,,iocl.com,Benchmarking study for P-25 Project,,,,,,,,,,,,,,,,,,,,,,,,,,,,,,,,No,,REAL_PUBLIC_SOURCE,M000086,cpse_material_corpus.csv,85,2026-09-19T00:42:48.205395,1.0
,,iocl.com,Benchtop Automatic Rotary Evaporation System,,,,,,,,,,,,,,,,,,,,,,,,,,,,,,,,No,,REAL_PUBLIC_SOURCE,M000087,cpse_material_corpus.csv,86,2026-09-19T00:42:48.205395,1.0
,,iocl.com,Benzene hydrogenation catalyst for ISOM unit,,,,,,,,,,,,,,,,,,,,,,,,,,,,,,,,MT,,REAL_PUBLIC_SOURCE,M000088,cpse_material_corpus.csv,87,2026-09-19T00:42:48.205395,1.0
,,iocl.com,Biodiesel-Analyser,,,,,,,,,,,,,,,,,,,,,,,,,,,,,,,,No,,REAL_PUBLIC_SOURCE,M000089,cpse_material_corpus.csv,88,2026-09-19T00:42:48.205395,1.0
,,iocl.com,Biomass Shredder,,,,,,,,,,,,,,,,,,,,,,,,,,,,,,,,nan,,REAL_PUBLIC_SOURCE,M000090,cpse_material_corpus.csv,89,2026-09-19T00:42:48.205395,1.0
,,iocl.com,Biomass gasification based hydrogen production demo plant,,,,,,,,,,,,,,,,,,,,,,,,,,,,,,,,nan,,REAL_PUBLIC_SOURCE,M000091,cpse_material_corpus.csv,90,2026-09-19T00:42:48.205395,1.0
,,iocl.com,Bottom mounted constant spring support,,,,,,,,,,,,,,,,,,,,,,,,,,,,,,,,Nos,,REAL_PUBLIC_SOURCE,M000092,cpse_material_corpus.csv,91,2026-09-19T00:42:48.205395,1.0
,,iocl.com,Bulk (Pipe/Fittings/Flanges/Valve),,,Valve,,,,,,,,,,,,,,,,,,,,,,,,,,,,,LOT,,REAL_PUBLIC_SOURCE,M000093,cpse_material_corpus.csv,92,2026-09-19T00:42:48.205395,1.0
,,iocl.com,Bulk(Pipe/Fittings/Flanges/Va lve),,,Pipe,,,,,,,,,,,,,,,,,,,,,,,,,,,,,LOT,,REAL_PUBLIC_SOURCE,M000094,cpse_material_corpus.csv,93,2026-09-19T00:42:48.205395,1.0
,,iocl.com,Bulk(Pipe/Fittings/Flanges/Valve),,,Valve,,,,,,,,,,,,,,,,,,,,,,,,,,,,,LOT,,REAL_PUBLIC_SOURCE,M000095,cpse_material_corpus.csv,94,2026-09-19T00:42:48.205395,1.0
,,iocl.com,Burner for Process heaters,,,,,,,,,,,,,,,,,,,,,,,,,,,,,,,,Set,,REAL_PUBLIC_SOURCE,M000096,cpse_material_corpus.csv,95,2026-09-19T00:42:48.205395,1.0
,,iocl.com,Business Analytics Software,,,,,,,,,,,,,,,,,,,,,,,,,,,,,,,,nan,,REAL_PUBLIC_SOURCE,M000097,cpse_material_corpus.csv,96,2026-09-19T00:42:48.205395,1.0
,,iocl.com,C-S Analyser,,,,,,,,,,,,,,,,,,,,,,,,,,,,,,,,nan,,REAL_PUBLIC_SOURCE,M000098,cpse_material_corpus.csv,97,2026-09-19T00:42:48.205395,1.0
,,iocl.com,CAB catalyst,,,,,,,,,,,,,,,,,,,,,,,,,,,,,,,,MT,,REAL_PUBLIC_SOURCE,M000099,cpse_material_corpus.csv,98,2026-09-19T00:42:48.205395,1.0
,,iocl.com,CAB-2 catalyst (Blend of vanadium oxytrichloride & titanium tetrachloride 50/50),,,,,,,,,,,,,,,,,,,,,,,,,,,,,,,,MT,,REAL_PUBLIC_SOURCE,M000100,cpse_material_corpus.csv,99,2026-09-19T00:42:48.205395,1.0
,,iocl.com,CCTV spares / modules,,,,,,,,,,,,,,,,,,,,,,,,,,,,,,,,Nos.,,REAL_PUBLIC_SOURCE,M000101,cpse_material_corpus.csv,100,2026-09-19T00:42:48.205395,1.0
,,iocl.com,CENTRIFUGAL COMPRESSOR SPP,,,,,,,,,,,,,,,,,,,,,,,,,,,,,,,,Nos.,,REAL_PUBLIC_SOURCE,M000102,cpse_material_corpus.csv,101,2026-09-19T00:42:48.205395,1.0
,,iocl.com,CHNS Analyser,,,,,,,,,,,,,,,,,,,,,,,,,,,,,,,,nan,,REAL_PUBLIC_SOURCE,M000103,cpse_material_corpus.csv,102,2026-09-19T00:42:48.205395,1.0
,,iocl.com,CLARIANT OleMax 101 (8mm Spheres),,,,,,,8MM,,,,,,,,,,,,,,,,,,,,,,,,,nan,,REAL_PUBLIC_SOURCE,M000104,cpse_material_corpus.csv,103,2026-09-19T00:42:48.205395,1.0
,,iocl.com,CLO Filter package,,,,,,,,,,,,,,,,,,,,,,,,,,,,,,,,Package,,REAL_PUBLIC_SOURCE,M000105,cpse_material_corpus.csv,104,2026-09-19T00:42:48.205395,1.0
,,iocl.com,Cables (Control / Power) in RMs,,,Cable,,,,,,,,,,,,,,,,,,,,,,,,,,,,,Nos.,,REAL_PUBLIC_SOURCE,M000106,cpse_material_corpus.csv,105,2026-09-19T00:42:48.205395,1.0
,,iocl.com,Carbon Monoxide (CO) promoter catalyst additive for FCC Unit,,,,,,,,,,,,,,,,,,,,,,,,,,,,,,,,MT,,REAL_PUBLIC_SOURCE,M000107,cpse_material_corpus.csv,106,2026-09-19T00:42:48.205395,1.0
,,iocl.com,Carousal Cards in Nos,,,,,,,,,,,,,,,,,,,,,,,,,,,,,,,,Nos.,,REAL_PUBLIC_SOURCE,M000108,cpse_material_corpus.csv,107,2026-09-19T00:42:48.205395,1.0
,,iocl.com,Carousel,,,,,,,,,,,,,,,,,,,,,,,,,,,,,,,,Nos.,,REAL_PUBLIC_SOURCE,M000109,cpse_material_corpus.csv,108,2026-09-19T00:42:48.205395,1.0
,,iocl.com,Catalyst Metering Unit Package along with Catalyst transfer syringes,,,,,,,,,,,,,,,,,,,,,,,,,,,,,,,,Package,,REAL_PUBLIC_SOURCE,M000110,cpse_material_corpus.csv,109,2026-09-19T00:42:48.205395,1.0
,,iocl.com,Catalyst Slurry,,,,,,,,,,,,,,,,,,,,,,,,,,,,,,,,no,,REAL_PUBLIC_SOURCE,M000111,cpse_material_corpus.csv,110,2026-09-19T00:42:48.205395,1.0
,,iocl.com,Catalyst for DCU LPG Merox Unit,,,,,,,,,,,,,,,,,,,,,,,,,,,,,,,,nan,,REAL_PUBLIC_SOURCE,M000112,cpse_material_corpus.csv,111,2026-09-19T00:42:48.205395,1.0
,,iocl.com,Centering Arms of carousals,,,,,,,,,,,,,,,,,,,,,,,,,,,,,,,,Nos.,,REAL_PUBLIC_SOURCE,M000113,cpse_material_corpus.csv,112,2026-09-19T00:42:48.205395,1.0
,,iocl.com,Centrifugal Pump,,,,,,,,,,,,,,,,,,,,,,,,,,,,,,,,EA,,REAL_PUBLIC_SOURCE,M000114,cpse_material_corpus.csv,113,2026-09-19T00:42:48.205395,1.0
,,iocl.com,Centrifuge,,,,,,,,,,,,,,,,,,,,,,,,,,,,,,,,nan,,REAL_PUBLIC_SOURCE,M000115,cpse_material_corpus.csv,114,2026-09-19T00:42:48.205395,1.0
,,iocl.com,"Check Valves (exotic metallurgy, dual plate, swing type, duplex)",,,Valve,,,,,,,,,,,,,,,,,,,,,,,,,,,,,Nos.,,REAL_PUBLIC_SOURCE,M000116,cpse_material_corpus.csv,115,2026-09-19T00:42:48.205395,1.0
,,iocl.com,"Chemicals, Catalyst & Additives",,,,,,,,,,,,,,,,,,,,,,,,,,,,,,,,MT,,REAL_PUBLIC_SOURCE,M000117,cpse_material_corpus.csv,116,2026-09-19T00:42:48.205395,1.0
,,iocl.com,"Chemicals, Catalyst & additives",,,,,,,,,,,,,,,,,,,,,,,,,,,,,,,,MT,,REAL_PUBLIC_SOURCE,M000118,cpse_material_corpus.csv,117,2026-09-19T00:42:48.205395,1.0
,,iocl.com,Chemisorption,,,,,,,,,,,,,,,,,,,,,,,,,,,,,,,,no,,REAL_PUBLIC_SOURCE,M000119,cpse_material_corpus.csv,118,2026-09-19T00:42:48.205395,1.0
,,iocl.com,Chloride Guard Bed Adsorbent,,,,,,,,,,,,,,,,,,,,,,,,,,,,,,,,Lot,,REAL_PUBLIC_SOURCE,M000120,cpse_material_corpus.csv,119,2026-09-19T00:42:48.205395,1.0
,,iocl.com,Chloride guard adsorbent for Continuous Catalytic Reforming Unit (CCRU) stabilizer feed,,,,,,,,,,,,,,,,,,,,,,,,,,,,,,,,MT,,REAL_PUBLIC_SOURCE,M000121,cpse_material_corpus.csv,120,2026-09-19T00:42:48.205395,1.0
,,iocl.com,Claus Catalyst (Al based),,,,,,,,,,,,,,,,,,,,,,,,,,,,,,,,nan,,REAL_PUBLIC_SOURCE,M000122,cpse_material_corpus.csv,121,2026-09-19T00:42:48.205395,1.0
,,iocl.com,Claus Catalyst charge for Sulphur Recovery Unit (SRU),,,,,,,,,,,,,,,,,,,,,,,,,,,,,,,,nan,,REAL_PUBLIC_SOURCE,M000123,cpse_material_corpus.csv,122,2026-09-19T00:42:48.205395,1.0
,,iocl.com,Coke cutting system for delayed Coker unit,,,,,,,,,,,,,,,,,,,,,,,,,,,,,,,,Nos.,,REAL_PUBLIC_SOURCE,M000124,cpse_material_corpus.csv,123,2026-09-19T00:42:48.205395,1.0
,,iocl.com,Colloidal mill,,,,,,,,,,,,,,,,,,,,,,,,,,,,,,,,nan,,REAL_PUBLIC_SOURCE,M000125,cpse_material_corpus.csv,124,2026-09-19T00:42:48.205395,1.0
,,iocl.com,Color Spectrophotometer (Based on reflectance),,,,,,,,,,,,,,,,,,,,,,,,,,,,,,,,No.,,REAL_PUBLIC_SOURCE,M000126,cpse_material_corpus.csv,125,2026-09-19T00:42:48.205395,1.0
,,iocl.com,Column/ Reactor Spares,,,,,,,,,,,,,,,,,,,,,,,,,,,,,,,,Lot,,REAL_PUBLIC_SOURCE,M000127,cpse_material_corpus.csv,126,2026-09-19T00:42:48.205395,1.0
,,iocl.com,Column/Column Internals/Column Modification,,,,,,,,,,,,,,,,,,,,,,,,,,,,,,,,Nos.,,REAL_PUBLIC_SOURCE,M000128,cpse_material_corpus.csv,127,2026-09-19T00:42:48.205395,1.0
,,iocl.com,Compressor Spares,,,,,,,,,,,,,,,,,,,,,,,,,,,,,,,,Lot,,REAL_PUBLIC_SOURCE,M000129,cpse_material_corpus.csv,128,2026-09-19T00:42:48.205395,1.0
,,iocl.com,Compressors/Blowers/Fans,,,,,,,,,,,,,,,,,,,,,,,,,,,,,,,,Nos.,,REAL_PUBLIC_SOURCE,M000130,cpse_material_corpus.csv,129,2026-09-19T00:42:48.205395,1.0
,,iocl.com,Computers,,,,,,,,,,,,,,,,,,,,,,,,,,,,,,,,Nos.,,REAL_PUBLIC_SOURCE,M000131,cpse_material_corpus.csv,130,2026-09-19T00:42:48.205395,1.0
,,iocl.com,Continuous Flow Reactor System,,,,,,,,,,,,,,,,,,,,,,,,,,,,,,,,No,,REAL_PUBLIC_SOURCE,M000132,cpse_material_corpus.csv,131,2026-09-19T00:42:48.205395,1.0
,,iocl.com,Control valve (Nos),,,Valve,,,,,,,,,,,,,,,,,,,,,,,,,,,,,Nos.,,REAL_PUBLIC_SOURCE,M000133,cpse_material_corpus.csv,132,2026-09-19T00:42:48.205395,1.0
,,iocl.com,Control valve trims,,,Valve,,,,,,,,,,,,,,,,,,,,,,,,,,,,,Nos,,REAL_PUBLIC_SOURCE,M000134,cpse_material_corpus.csv,133,2026-09-19T00:42:48.205395,1.0
,,iocl.com,Conveyor Chain in RM,,,,,,,,,,,,,,,,,,,,,,,,,,,,,,,,Nos.,,REAL_PUBLIC_SOURCE,M000135,cpse_material_corpus.csv,134,2026-09-19T00:42:48.205395,1.0
,,iocl.com,Cu corrosion apparatus,,,,,,,,,,,,,,,,,,,,,,,,,,,,,,,,nan,,REAL_PUBLIC_SOURCE,M000136,cpse_material_corpus.csv,135,2026-09-19T00:42:48.205395,1.0
,,iocl.com,Cu strip corrosion for LPG (D1838),,,,,,,,,,,,,,,,,,,,,,,,,,,,,,,,nan,,REAL_PUBLIC_SOURCE,M000137,cpse_material_corpus.csv,136,2026-09-19T00:42:48.205395,1.0
,,iocl.com,Cutter Blades of Extruder,,,,,,,,,,,,,,,,,,,,,,,,,,,,,,,,No,,REAL_PUBLIC_SOURCE,M000138,cpse_material_corpus.csv,137,2026-09-19T00:42:48.205395,1.0
,,iocl.com,Cyclo-Hexyl Methyl Methoxysilane (DONOR C),,,,,,,,,,,,,,,,,,,,,,,,,,,,,,,,MT,,REAL_PUBLIC_SOURCE,M000139,cpse_material_corpus.csv,138,2026-09-19T00:42:48.205395,1.0
,,iocl.com,DCS card,,,,,,,,,,,,,,,,,,,,,,,,,,,,,,,,No.,,REAL_PUBLIC_SOURCE,M000140,cpse_material_corpus.csv,139,2026-09-19T00:42:48.205395,1.0
,,iocl.com,DSTDP (distearyl thiodipropionate) - acts as a secondary antioxidant for PP polymers,,,,,,,,,,,,,,,,,,,,,,,,,,,,,,,,MT,,REAL_PUBLIC_SOURCE,M000141,cpse_material_corpus.csv,140,2026-09-19T00:42:48.205395,1.0
,,iocl.com,Deep freezer,,,,,,,,,,,,,,,,,,,,,,,,,,,,,,,,No,,REAL_PUBLIC_SOURCE,M000142,cpse_material_corpus.csv,141,2026-09-19T00:42:48.205395,1.0
,,iocl.com,Density for LPG,,,,,,,,,,,,,,,,,,,,,,,,,,,,,,,,nan,,REAL_PUBLIC_SOURCE,M000143,cpse_material_corpus.csv,142,2026-09-19T00:42:48.205395,1.0
,,iocl.com,Density meter,,,,,,,,,,,,,,,,,,,,,,,,,,,,,,,,No,,REAL_PUBLIC_SOURCE,M000144,cpse_material_corpus.csv,143,2026-09-19T00:42:48.205395,1.0
,,iocl.com,Desalter System,,,,,,,,,,,,,,,,,,,,,,,,,,,,,,,,Set,,REAL_PUBLIC_SOURCE,M000145,cpse_material_corpus.csv,144,2026-09-19T00:42:48.205395,1.0
,,iocl.com,"Desiccant for ethylene guard bed (Fixed bed for ethylene purification) - used for removal of Carbon monoxide, carbon dioxide, moisture from Ethylene feed in Swing unit to Ultra low levels",,,,,,,,,,,,,,,,,,,,,,,,,,,,,,,,MT,,REAL_PUBLIC_SOURCE,M000146,cpse_material_corpus.csv,145,2026-09-19T00:42:48.205395,1.0
,,iocl.com,Design of Experiment (DOE) Software,,,,,,,,,,,,,,,,,,,,,,,,,,,,,,,,Nos,,REAL_PUBLIC_SOURCE,M000147,cpse_material_corpus.csv,146,2026-09-19T00:42:48.205395,1.0
,,iocl.com,Development of oxy-steam biomass gasification process,,,,,,,,,,,,,,,,,,,,,,,,,,,,,,,,Lot,,REAL_PUBLIC_SOURCE,M000148,cpse_material_corpus.csv,147,2026-09-19T00:42:48.205395,1.0
,,iocl.com,Dewatering Screens,,,,,,,,,,,,,,,,,,,,,,,,,,,,,,,,No.,,REAL_PUBLIC_SOURCE,M000149,cpse_material_corpus.csv,148,2026-09-19T00:42:48.205395,1.0
,,iocl.com,Di-ICyclo-Pentyl-Di- Methoxy-Silane (DONOR D),,,,,,,,,,,,,,,,,,,,,,,,,,,,,,,,MT,,REAL_PUBLIC_SOURCE,M000150,cpse_material_corpus.csv,149,2026-09-19T00:42:48.205395,1.0
,,iocl.com,Dialometer,,,,,,,,,,,,,,,,,,,,,,,,,,,,,,,,no,,REAL_PUBLIC_SOURCE,M000151,cpse_material_corpus.csv,150,2026-09-19T00:42:48.205395,1.0
,,iocl.com,Diesel / Fire Engine Spares / filters / glands,,,,,,,,,,,,,,,,,,,,,,,,,,,,,,,,Nos.,,REAL_PUBLIC_SOURCE,M000152,cpse_material_corpus.csv,151,2026-09-19T00:42:48.205395,1.0
,,iocl.com,Diesel analyzer,,,,,,,,,,,,,,,,,,,,,,,,,,,,,,,,nan,,REAL_PUBLIC_SOURCE,M000153,cpse_material_corpus.csv,152,2026-09-19T00:42:48.205395,1.0
,,iocl.com,Distillation D86 apparatus,,,,,,,,,,,,,,,,,,,,,,,,,,,,,,,,No,,REAL_PUBLIC_SOURCE,M000154,cpse_material_corpus.csv,153,2026-09-19T00:42:48.205395,1.0
,,iocl.com,Double Block & Bleed Valve (DBBV),,,Valve,,,,,,,,,,,,,,,,,,,,,,,,,,,,,EA,,REAL_PUBLIC_SOURCE,M000155,cpse_material_corpus.csv,154,2026-09-19T00:42:48.205395,1.0
,,iocl.com,Dryer spares,,,,,,,,,,,,,,,,,,,,,,,,,,,,,,,,Nos.,,REAL_PUBLIC_SOURCE,M000156,cpse_material_corpus.csv,155,2026-09-19T00:42:48.205395,1.0
,,iocl.com,Dryer treater Adsorbent,,,,,,,,,,,,,,,,,,,,,,,,,,,,,,,,Lot,,REAL_PUBLIC_SOURCE,M000157,cpse_material_corpus.csv,156,2026-09-19T00:42:48.205395,1.0
,,iocl.com,Dual Beam UV-Vis Spectrophotometer,,,,,,,,,,,,,,,,,,,,,,,,,,,,,,,,No,,REAL_PUBLIC_SOURCE,M000158,cpse_material_corpus.csv,157,2026-09-19T00:42:48.205395,1.0
,,iocl.com,EEE (Nos),,,,,,,,,,,,,,,,,,,,,,,,,,,,,,,,Nos.,,REAL_PUBLIC_SOURCE,M000159,cpse_material_corpus.csv,158,2026-09-19T00:42:48.205395,1.0
,,iocl.com,ER Probe(Nos),,,,,,,,,,,,,,,,,,,,,,,,,,,,,,,,Nos.,,REAL_PUBLIC_SOURCE,M000160,cpse_material_corpus.csv,159,2026-09-19T00:42:48.205395,1.0
,,iocl.com,"ETP, LPG Plant Equipment Spares",,,,,,,,,,,,,,,,,,,,,,,,,,,,,,,,Lot,,REAL_PUBLIC_SOURCE,M000161,cpse_material_corpus.csv,160,2026-09-19T00:42:48.205395,1.0
,,iocl.com,"ETP,LPG Plant Equipment Spares",,,,,,,,,,,,,,,,,,,,,,,,,,,,,,,,Lot,,REAL_PUBLIC_SOURCE,M000162,cpse_material_corpus.csv,161,2026-09-19T00:42:48.205395,1.0
,,iocl.com,ETV-ICP for Graphite,,,,,,,,,,,,,,,,,,,,,,,,,,,,,,,,no,,REAL_PUBLIC_SOURCE,M000163,cpse_material_corpus.csv,162,2026-09-19T00:42:48.205395,1.0
,,iocl.com,EXTRUSION AND PELLETIZING UNIT (22-PK-3851),,,,,,,,,,,,,,,,,,,,,,,,,,,,,,,,Package,,REAL_PUBLIC_SOURCE,M000164,cpse_material_corpus.csv,163,2026-09-19T00:42:48.205395,1.0
,,iocl.com,Electrical Cables,,,Cable,,,,,,,,,,,,,,,,,,,,,,,,,,,,,LOT,,REAL_PUBLIC_SOURCE,M000165,cpse_material_corpus.csv,164,2026-09-19T00:42:48.205395,1.0
,,iocl.com,"Electrical Items (Transformer, Switchboard,Switch gears, HV/MV Boards,Motors,Hoist,PFIC Panel,VFD,Genset)",,,,,,,,,,,,,,,,,,,,,,,,,,,,,,,,LOT,,REAL_PUBLIC_SOURCE,M000166,cpse_material_corpus.csv,165,2026-09-19T00:42:48.205395,1.0
,,iocl.com,Eluent Generator for IC,,,,,,,,,,,,,,,,,,,,,,,,,,,,,,,,lot,,REAL_PUBLIC_SOURCE,M000167,cpse_material_corpus.csv,166,2026-09-19T00:42:48.205395,1.0
,,iocl.com,Emergency evacuation equipment (Nos),,,,,,,,,,,,,,,,,,,,,,,,,,,,,,,,Nos.,,REAL_PUBLIC_SOURCE,M000168,cpse_material_corpus.csv,167,2026-09-19T00:42:48.205395,1.0
,,iocl.com,Engine Spares,,,,,,,,,,,,,,,,,,,,,,,,,,,,,,,,Lot,,REAL_PUBLIC_SOURCE,M000169,cpse_material_corpus.csv,168,2026-09-19T00:42:48.205395,1.0
,,iocl.com,Equipment,,,,,,,,,,,,,,,,,,,,,,,,,,,,,,,,Set,,REAL_PUBLIC_SOURCE,M000170,cpse_material_corpus.csv,169,2026-09-19T00:42:48.205395,1.0
,,iocl.com,Ethylene drying and CO2 removal bed (Adsorbant),,,,,,,,,,,,,,,,,,,,,,,,,,,,,,,,MT,,REAL_PUBLIC_SOURCE,M000171,cpse_material_corpus.csv,170,2026-09-19T00:42:48.205395,1.0
,,iocl.com,Ethylene drying and CO2 removal bed (Foxed) for PP Unit,,,,,,,,,,,,,,,,,,,,,,,,,,,,,,,,MT,,REAL_PUBLIC_SOURCE,M000172,cpse_material_corpus.csv,171,2026-09-19T00:42:48.205395,1.0
,,iocl.com,Explosion Proof Freezers,,,,,,,,,,,,,,,,,,,,,,,,,,,,,,,,nan,,REAL_PUBLIC_SOURCE,M000173,cpse_material_corpus.csv,172,2026-09-19T00:42:48.205395,1.0
,,iocl.com,Explosion Proof Refrigerators,,,,,,,,,,,,,,,,,,,,,,,,,,,,,,,,nan,,REAL_PUBLIC_SOURCE,M000174,cpse_material_corpus.csv,173,2026-09-19T00:42:48.205395,1.0
,,iocl.com,"F/F PUMP, Jockey pumps, water filling pumps(Nos)",,,,,,,,,,,,,,,,,,,,,,,,,,,,,,,,nan,,REAL_PUBLIC_SOURCE,M000175,cpse_material_corpus.csv,174,2026-09-19T00:42:48.205395,1.0
,,iocl.com,FT-IR Spectrometer,,,,,,,,,,,,,,,,,,,,,,,,,,,,,,,,NO,,REAL_PUBLIC_SOURCE,M000176,cpse_material_corpus.csv,175,2026-09-19T00:42:48.205395,1.0
,,iocl.com,FT-NIR Spectrometer,,,,,,,,,,,,,,,,,,,,,,,,,,,,,,,,No,,REAL_PUBLIC_SOURCE,M000177,cpse_material_corpus.csv,176,2026-09-19T00:42:48.205395,1.0
,,iocl.com,FT-Raman Spectrometer,,,,,,,,,,,,,,,,,,,,,,,,,,,,,,,,lot,,REAL_PUBLIC_SOURCE,M000178,cpse_material_corpus.csv,177,2026-09-19T00:42:48.205395,1.0
,,iocl.com,Fan & Blower Spares,,,,,,,,,,,,,,,,,,,,,,,,,,,,,,,,Lot,,REAL_PUBLIC_SOURCE,M000179,cpse_material_corpus.csv,178,2026-09-19T00:42:48.205395,1.0
,,iocl.com,Fire / SCADA / GMS Panel Spares / MIMIC / sensors / transmitter,,,,,,,,,,,,,,,,,,,,,,,,,,,,,,,,Nos.,,REAL_PUBLIC_SOURCE,M000180,cpse_material_corpus.csv,179,2026-09-19T00:42:48.205395,1.0
,,iocl.com,Fire Engine,,,,,,,,,,,,,,,,,,,,,,,,,,,,,,,,Nos.,,REAL_PUBLIC_SOURCE,M000181,cpse_material_corpus.csv,180,2026-09-19T00:42:48.205395,1.0
,,iocl.com,Fire Engine / DG / DC Batteries in Nos,,,,,,,,,,,,,,,,,,,,,,,,,,,,,,,,Nos.,,REAL_PUBLIC_SOURCE,M000182,cpse_material_corpus.csv,181,2026-09-19T00:42:48.205395,1.0
,,iocl.com,Fire Fighting Pipes (km),,,Pipe,,,,,,,,,,,,,,,,,,,,,,,,,,,,,Km,,REAL_PUBLIC_SOURCE,M000183,cpse_material_corpus.csv,182,2026-09-19T00:42:48.205395,1.0
,,iocl.com,Fire Fighting Pump (Nos),,,,,,,,,,,,,,,,,,,,,,,,,,,,,,,,Nos.,,REAL_PUBLIC_SOURCE,M000184,cpse_material_corpus.csv,183,2026-09-19T00:42:48.205395,1.0
,,iocl.com,"Fire Fighting system/equipment/package , Foam Concentrate, Manual & Remote Operated High Volume Longe Range Monitor with Accessories",,,,,,,,,,,,,,,,,,,,,,,,,,,,,,,,LOT,,REAL_PUBLIC_SOURCE,M000185,cpse_material_corpus.csv,184,2026-09-19T00:42:48.205395,1.0
,,iocl.com,Fire Pump,,,,,,,,,,,,,,,,,,,,,,,,,,,,,,,,EA,,REAL_PUBLIC_SOURCE,M000186,cpse_material_corpus.csv,185,2026-09-19T00:42:48.205395,1.0
,,iocl.com,Fixed bed reactor cum adsorption setup,,,,,,,,,,,,,,,,,,,,,,,,,,,,,,,,no,,REAL_PUBLIC_SOURCE,M000187,cpse_material_corpus.csv,186,2026-09-19T00:42:48.205395,1.0
,,iocl.com,Flow Tee (Nos),,,,,,,,,,,,,,,,,,,,,,,,,,,,,,,,Nos.,,REAL_PUBLIC_SOURCE,M000188,cpse_material_corpus.csv,187,2026-09-19T00:42:48.205395,1.0
,,iocl.com,Fluidized Catalytic Cracking Catalyst,,,,,,,,,,,,,,,,,,,,,,,,,,,,,,,,MT,,REAL_PUBLIC_SOURCE,M000189,cpse_material_corpus.csv,188,2026-09-19T00:42:48.205395,1.0
,,iocl.com,Freeze Dryer,,,,,,,,,,,,,,,,,,,,,,,,,,,,,,,,no,,REAL_PUBLIC_SOURCE,M000190,cpse_material_corpus.csv,189,2026-09-19T00:42:48.205395,1.0
,,iocl.com,Fuel analyzer for higher alcohol blended gasoline,,,,,,,,,,,,,,,,,,,,,,,,,,,,,,,,nan,,REAL_PUBLIC_SOURCE,M000191,cpse_material_corpus.csv,190,2026-09-19T00:42:48.205395,1.0
,,iocl.com,Fuel cell stack assembly,,,,,,,,,,,,,,,,,,,,,,,,,,,,,,,,nan,,REAL_PUBLIC_SOURCE,M000192,cpse_material_corpus.csv,191,2026-09-19T00:42:48.205395,1.0
,,iocl.com,Fume hood,,,,,,,,,,,,,,,,,,,,,,,,,,,,,,,,nan,,REAL_PUBLIC_SOURCE,M000193,cpse_material_corpus.csv,192,2026-09-19T00:42:48.205395,1.0
,,iocl.com,Furnace Spares,,,,,,,,,,,,,,,,,,,,,,,,,,,,,,,,Lot,,REAL_PUBLIC_SOURCE,M000194,cpse_material_corpus.csv,193,2026-09-19T00:42:48.205395,1.0
,,iocl.com,GC-FID/TCD,,,,,,,,,,,,,,,,,,,,,,,,,,,,,,,,lot,,REAL_PUBLIC_SOURCE,M000195,cpse_material_corpus.csv,194,2026-09-19T00:42:48.205395,1.0
,,iocl.com,GPC with multiple detector,,,,,,,,,,,,,,,,,,,,,,,,,,,,,,,,lot,,REAL_PUBLIC_SOURCE,M000196,cpse_material_corpus.csv,195,2026-09-19T00:42:48.205395,1.0
,,iocl.com,Gas Chromatograph,,,,,,,,,,,,,,,,,,,,,,,,,,,,,,,,No.,,REAL_PUBLIC_SOURCE,M000197,cpse_material_corpus.csv,196,2026-09-19T00:42:48.205395,1.0
,,iocl.com,Gas Distribution System Upgradation,,,,,,,,,,,,,,,,,,,,,,,,,,,,,,,,No,,REAL_PUBLIC_SOURCE,M000198,cpse_material_corpus.csv,197,2026-09-19T00:42:48.205395,1.0
,,iocl.com,Gasket fabrication machine for stack,,,,,,,,,,,,,,,,,,,,,,,,,,,,,,,,nan,,REAL_PUBLIC_SOURCE,M000199,cpse_material_corpus.csv,198,2026-09-19T00:42:48.205395,1.0
,,iocl.com,Gear Box Spares,,,,,,,,,,,,,,,,,,,,,,,,,,,,,,,,Lot,,REAL_PUBLIC_SOURCE,M000200,cpse_material_corpus.csv,199,2026-09-19T00:42:48.205395,1.0
,,iocl.com,Glassware washers,,,,,,,,,,,,,,,,,,,,,,,,,,,,,,,,lot,,REAL_PUBLIC_SOURCE,M000201,cpse_material_corpus.csv,200,2026-09-19T00:42:48.205395,1.0
,,iocl.com,Globe Valve (Nos),,,Valve,,,,,,,,,,,,,,,,,,,,,,,,,,,,,Nos.,,REAL_PUBLIC_SOURCE,M000202,cpse_material_corpus.csv,201,2026-09-19T00:42:48.205395,1.0
,,iocl.com,Grease (VASELINE),,,,,,,,,,,,,,,,,,,,,,,,,,,,,,,,MT,,REAL_PUBLIC_SOURCE,M000203,cpse_material_corpus.csv,202,2026-09-19T00:42:48.205395,1.0
,,iocl.com,H2 cylinder bank,,,,,,,,,,,,,,,,,,,,,,,,,,,,,,,,lot,,REAL_PUBLIC_SOURCE,M000204,cpse_material_corpus.csv,203,2026-09-19T00:42:48.205395,1.0
,,iocl.com,H2S Analyser in Sulphur recovery Tail Gas Analyser in Sulphur recovery unit Analyser in Stack & Ambient air quality measurement for Sox,,,,,,,,,,,,,,,,,,,,,,,,,,,,,,,,No.,,REAL_PUBLIC_SOURCE,M000205,cpse_material_corpus.csv,204,2026-09-19T00:42:48.205395,1.0
,,iocl.com,"H2S Analyser, H2/COS Analyser",,,,,,,,,,,,,,,,,,,,,,,,,,,,,,,,No.,,REAL_PUBLIC_SOURCE,M000206,cpse_material_corpus.csv,205,2026-09-19T00:42:48.205395,1.0
,,iocl.com,HDPE consumable polymerization Catalyst - used for polymerization reaction for production of specific grade of High density polyethylene from Ethylene,,,,,,,,,,,,,,,,,,,,,,,,,,,,,,,,MT,,REAL_PUBLIC_SOURCE,M000207,cpse_material_corpus.csv,206,2026-09-19T00:42:48.205395,1.0
,,iocl.com,HOT crane (Nos),,,,,,,,,,,,,,,,,,,,,,,,,,,,,,,,Nos.,,REAL_PUBLIC_SOURCE,M000208,cpse_material_corpus.csv,207,2026-09-19T00:42:48.205395,1.0
,,iocl.com,HPLC with PDA/RI,,,,,,,,,,,,,,,,,,,,,,,,,,,,,,,,lot,,REAL_PUBLIC_SOURCE,M000209,cpse_material_corpus.csv,208,2026-09-19T00:42:48.205395,1.0
,,iocl.com,HPLC with RI/PDA/CAD,,,,,,,,,,,,,,,,,,,,,,,,,,,,,,,,lot,,REAL_PUBLIC_SOURCE,M000210,cpse_material_corpus.csv,209,2026-09-19T00:42:48.205395,1.0
,,iocl.com,HT Capacitor Panel(Nos),,,,,,,,,,,,,,,,,,,,,,,,,,,,,,,,Nos.,,REAL_PUBLIC_SOURCE,M000211,cpse_material_corpus.csv,210,2026-09-19T00:42:48.205395,1.0
,,iocl.com,HT Panel(Nos),,,,,,,,,,,,,,,,,,,,,,,,,,,,,,,,Nos.,,REAL_PUBLIC_SOURCE,M000212,cpse_material_corpus.csv,211,2026-09-19T00:42:48.205395,1.0
,,iocl.com,HT/LT/Control cables(km),,,Cable,,,,,,,,,,,,,,,,,,,,,,,,,,,,,Km,,REAL_PUBLIC_SOURCE,M000213,cpse_material_corpus.csv,212,2026-09-19T00:42:48.205395,1.0
,,iocl.com,Heat Ex/Air coolers/Fin Fan Coolers,,,,,,,,,,,,,,,,,,,,,,,,,,,,,,,,Nos.,,REAL_PUBLIC_SOURCE,M000214,cpse_material_corpus.csv,213,2026-09-19T00:42:48.205395,1.0
,,iocl.com,Heat Exchanger Spares,,,,,,,,,,,,,,,,,,,,,,,,,,,,,,,,Lot,,REAL_PUBLIC_SOURCE,M000215,cpse_material_corpus.csv,214,2026-09-19T00:42:48.205395,1.0
,,iocl.com,Heaters & Stacks,,,,,,,,,,,,,,,,,,,,,,,,,,,,,,,,Nos.,,REAL_PUBLIC_SOURCE,M000216,cpse_material_corpus.csv,215,2026-09-19T00:42:48.205395,1.0
,,iocl.com,Heavy End Hydroprocessing Pilot Plant (part),,,,,,,,,,,,,,,,,,,,,,,,,,,,,,,,No.,,REAL_PUBLIC_SOURCE,M000217,cpse_material_corpus.csv,216,2026-09-19T00:42:48.205395,1.0
,,iocl.com,Heavy duty access Mats,,,,,,,,,,,,,,,,,,,,,,,,,,,,,,,,Lot,,REAL_PUBLIC_SOURCE,M000218,cpse_material_corpus.csv,217,2026-09-19T00:42:48.205395,1.0
,,iocl.com,High Mast(Nos),,,,,,,,,,,,,,,,,,,,,,,,,,,,,,,,Nos.,,REAL_PUBLIC_SOURCE,M000219,cpse_material_corpus.csv,218,2026-09-19T00:42:48.205395,1.0
,,iocl.com,High Pressure Autoclaves,,,,,,,,,,,,,,,,,,,,,,,,,,,,,,,,No,,REAL_PUBLIC_SOURCE,M000220,cpse_material_corpus.csv,219,2026-09-19T00:42:48.205395,1.0
,,iocl.com,High Pressure Reactor,,,,,,,,,,,,,,,,,,,,,,,,,,,,,,,,No,,REAL_PUBLIC_SOURCE,M000221,cpse_material_corpus.csv,220,2026-09-19T00:42:48.205395,1.0
,,iocl.com,High temperature furnace,,,,,,,,,,,,,,,,,,,,,,,,,,,,,,,,nan,,REAL_PUBLIC_SOURCE,M000222,cpse_material_corpus.csv,221,2026-09-19T00:42:48.205395,1.0
,,iocl.com,Hindered amine light stabilizer (HALS) - Chimassorb 944,,,,,,,,,,,,,,,,,,,,,,,,,,,,,,,,MT,,REAL_PUBLIC_SOURCE,M000223,cpse_material_corpus.csv,222,2026-09-19T00:42:48.205395,1.0
,,iocl.com,Hindered amine light stabilizer(HALS),,,,,,,,,,,,,,,,,,,,,,,,,,,,,,,,MT,,REAL_PUBLIC_SOURCE,M000224,cpse_material_corpus.csv,223,2026-09-19T00:42:48.205395,1.0
,,iocl.com,Hindered amine light stabilizer(HALS) - Chimassorb 944,,,,,,,,,,,,,,,,,,,,,,,,,,,,,,,,MT,,REAL_PUBLIC_SOURCE,M000225,cpse_material_corpus.csv,224,2026-09-19T00:42:48.205395,1.0
,,iocl.com,Homogernizer Lab Scale,,,,,,,,,,,,,,,,,,,,,,,,,,,,,,,,no,,REAL_PUBLIC_SOURCE,M000226,cpse_material_corpus.csv,225,2026-09-19T00:42:48.205395,1.0
,,iocl.com,Hot air oven,,,,,,,,,,,,,,,,,,,,,,,,,,,,,,,,Nos,,REAL_PUBLIC_SOURCE,M000227,cpse_material_corpus.csv,226,2026-09-19T00:42:48.205395,1.0
,,iocl.com,Hot filtration tester,,,,,,,,,,,,,,,,,,,,,,,,,,,,,,,,nan,,REAL_PUBLIC_SOURCE,M000228,cpse_material_corpus.csv,227,2026-09-19T00:42:48.205395,1.0
,,iocl.com,Hot plate magnetic stirrer,,,,,,,,,,,,,,,,,,,,,,,,,,,,,,,,Nos,,REAL_PUBLIC_SOURCE,M000229,cpse_material_corpus.csv,228,2026-09-19T00:42:48.205395,1.0
,,iocl.com,Hybrid Vacuum Ejector Package,,,,,,,,,,,,,,,,,,,,,,,,,,,,,,,,Package,,REAL_PUBLIC_SOURCE,M000230,cpse_material_corpus.csv,229,2026-09-19T00:42:48.205395,1.0
,,iocl.com,Hydraulic Platform,,,,,,,,,,,,,,,,,,,,,,,,,,,,,,,,Nos,,REAL_PUBLIC_SOURCE,M000231,cpse_material_corpus.csv,230,2026-09-19T00:42:48.205395,1.0
,,iocl.com,Hydrogen Generation Plants (Electrolyzer),,,,,,,,,,,,,,,,,,,,,,,,,,,,,,,,nan,,REAL_PUBLIC_SOURCE,M000232,cpse_material_corpus.csv,231,2026-09-19T00:42:48.205395,1.0
,,iocl.com,Hydrogen Tubular Reformer Catalyst Tubes,,,,,,,,,,,,,,,,,,,,,,,,,,,,,,,,No,,REAL_PUBLIC_SOURCE,M000233,cpse_material_corpus.csv,232,2026-09-19T00:42:48.205395,1.0
,,iocl.com,Hydrogen compressors,,,,,,,,,,,,,,,,,,,,,,,,,,,,,,,,No.,,REAL_PUBLIC_SOURCE,M000234,cpse_material_corpus.csv,233,2026-09-19T00:42:48.205395,1.0
,,iocl.com,Hydrogen determinator,,,,,,,,,,,,,,,,,,,,,,,,,,,,,,,,nan,,REAL_PUBLIC_SOURCE,M000235,cpse_material_corpus.csv,234,2026-09-19T00:42:48.205395,1.0
,,iocl.com,Hydrogenated Terphenyl (ST58606) - approved additive Packages required for manufacturing of Servotherm SHT 32 required by IOCL Refinery,,,,,,,,,,,,,,,,,,,,,,,,,,,,,,,,MT,,REAL_PUBLIC_SOURCE,M000236,cpse_material_corpus.csv,235,2026-09-19T00:42:48.205395,1.0
,,iocl.com,Hydrogenated Terphenyl (ST58606) -approved additive Packages required for manufacturing of Servotherm SHT 32 required by IOCL Refinery,,,,,,,,,,,,,,,,,,,,,,,,,,,,,,,,MT,,REAL_PUBLIC_SOURCE,M000237,cpse_material_corpus.csv,236,2026-09-19T00:42:48.205395,1.0
,,iocl.com,Hydrotreating Catalyst for DHDT unit,,,,,,,,,,,,,,,,,,,,,,,,,,,,,,,,MT,,REAL_PUBLIC_SOURCE,M000238,cpse_material_corpus.csv,237,2026-09-19T00:42:48.205395,1.0
,,iocl.com,Hydrotreating and Hydrocracking catalyst for Hydrocracking unit,,,,,,,,,,,,,,,,,,,,,,,,,,,,,,,,MT,,REAL_PUBLIC_SOURCE,M000239,cpse_material_corpus.csv,238,2026-09-19T00:42:48.205395,1.0
,,iocl.com,ISO-Octane,,,,,,,,,,,,,,,,,,,,,,,,,,,,,,,,MT,,REAL_PUBLIC_SOURCE,M000240,cpse_material_corpus.csv,239,2026-09-19T00:42:48.205395,1.0
,,iocl.com,ISOM catalyst,,,,,,,,,,,,,,,,,,,,,,,,,,,,,,,,MT,,REAL_PUBLIC_SOURCE,M000241,cpse_material_corpus.csv,240,2026-09-19T00:42:48.205395,1.0
,,iocl.com,Incinerator & Instr. Components,,,,,,,,,,,,,,,,,,,,,,,,,,,,,,,,Nos.,,REAL_PUBLIC_SOURCE,M000242,cpse_material_corpus.csv,241,2026-09-19T00:42:48.205395,1.0
,,iocl.com,Inert Ceramic balls,,,,,,,,,,,,,,,,,,,,,,,,,,,,,,,,LOT,,REAL_PUBLIC_SOURCE,M000243,cpse_material_corpus.csv,242,2026-09-19T00:42:48.205395,1.0
,,iocl.com,Information technology,,,,,,,,,,,,,,,,,,,,,,,,,,,,,,,,No.,,REAL_PUBLIC_SOURCE,M000244,cpse_material_corpus.csv,243,2026-09-19T00:42:48.205395,1.0
,,iocl.com,Instrument Cables,,,Cable,,,,,,,,,,,,,,,,,,,,,,,,,,,,,LOT,,REAL_PUBLIC_SOURCE,M000245,cpse_material_corpus.csv,244,2026-09-19T00:42:48.205395,1.0
,,iocl.com,Instrumentation Spares for pilot plant,,,,,,,,,,,,,,,,,,,,,,,,,,,,,,,,Lot,,REAL_PUBLIC_SOURCE,M000246,cpse_material_corpus.csv,245,2026-09-19T00:42:48.205395,1.0
,,iocl.com,"Instrumentation items (DCS, PLC, Analyser,,sensors, Flowmeter,Transmitter etc.)",,,,,,,,,,,,,,,,,,,,,,,,,,,,,,,,LOT,,REAL_PUBLIC_SOURCE,M000247,cpse_material_corpus.csv,246,2026-09-19T00:42:48.205395,1.0
,,iocl.com,"Instrumentation items (DCS, PLC, Analyser,,sensors,, Flowmeter,Transmitter etc.)",,,,,,,,,,,,,,,,,,,,,,,,,,,,,,,,LOT,,REAL_PUBLIC_SOURCE,M000248,cpse_material_corpus.csv,247,2026-09-19T00:42:48.205395,1.0
,,iocl.com,"Instrumentation, Control & SCADA System (Nos)",,,,,,,,,,,,,,,,,,,,,,,,,,,,,,,,Nos.,,REAL_PUBLIC_SOURCE,M000249,cpse_material_corpus.csv,248,2026-09-19T00:42:48.205395,1.0
,,iocl.com,Insulating coupling (Nos),,,,,,,,,,,,,,,,,,,,,,,,,,,,,,,,Nos.,,REAL_PUBLIC_SOURCE,M000250,cpse_material_corpus.csv,249,2026-09-19T00:42:48.205395,1.0
,,iocl.com,Integrated Gasification Plant,,,,,,,,,,,,,,,,,,,,,,,,,,,,,,,,nan,,REAL_PUBLIC_SOURCE,M000251,cpse_material_corpus.csv,250,2026-09-19T00:42:48.205395,1.0
,,iocl.com,Jockey pump (Nos),,,,,,,,,,,,,,,,,,,,,,,,,,,,,,,,Nos.,,REAL_PUBLIC_SOURCE,M000252,cpse_material_corpus.csv,251,2026-09-19T00:42:48.205395,1.0
,,iocl.com,"Know-how, Process Package, Proprietary Equipment (if any) and other services for the Bitumen Manufacturing Unit",,,,,,,,,,,,,,,,,,,,,,,,,,,,,,,,No.,,REAL_PUBLIC_SOURCE,M000253,cpse_material_corpus.csv,252,2026-09-19T00:42:48.205395,1.0
,,iocl.com,LPG Compressor,,,,,,,,,,,,,,,,,,,,,,,,,,,,,,,,Nos.,,REAL_PUBLIC_SOURCE,M000254,cpse_material_corpus.csv,253,2026-09-19T00:42:48.205395,1.0
,,iocl.com,LPG Loading arm,,,,,,,,,,,,,,,,,,,,,,,,,,,,,,,,Nos.,,REAL_PUBLIC_SOURCE,M000255,cpse_material_corpus.csv,254,2026-09-19T00:42:48.205395,1.0
,,iocl.com,LPG Pump,,,,,,,,,,,,,,,,,,,,,,,,,,,,,,,,Nos.,,REAL_PUBLIC_SOURCE,M000256,cpse_material_corpus.csv,255,2026-09-19T00:42:48.205395,1.0
,,iocl.com,LPG Vap Comp Seals / valves / Plates,,,Valve,,,,,,,,,,,,,,,,,,,,,,,,,,,,,Nos.,,REAL_PUBLIC_SOURCE,M000257,cpse_material_corpus.csv,256,2026-09-19T00:42:48.205395,1.0
,,iocl.com,LT DG(Nos),,,,,,,,,,,,,,,,,,,,,,,,,,,,,,,,Nos.,,REAL_PUBLIC_SOURCE,M000258,cpse_material_corpus.csv,257,2026-09-19T00:42:48.205395,1.0
,,iocl.com,LT Panel(Nos),,,,,,,,,,,,,,,,,,,,,,,,,,,,,,,,Nos.,,REAL_PUBLIC_SOURCE,M000259,cpse_material_corpus.csv,258,2026-09-19T00:42:48.205395,1.0
,,iocl.com,Lab Equipment,,,,,,,,,,,,,,,,,,,,,,,,,,,,,,,,Nos.,,REAL_PUBLIC_SOURCE,M000260,cpse_material_corpus.csv,259,2026-09-19T00:42:48.205395,1.0
,,iocl.com,Lab Equipments - Flow pressure test equipment (DIN Method) Grease Workers (02 Nos.) Oxidation stability test apparatus Lincoln Ventimeter apparatus,,,,,,,,,,,,,,,,,,,,,,,,,,,,,,,,nan,,REAL_PUBLIC_SOURCE,M000261,cpse_material_corpus.csv,260,2026-09-19T00:42:48.205395,1.0
,,iocl.com,Lab Equipments - Grease Kettle – 2Kg and 5 Kg Automatic Penetrometer Drop point apparatus Wheel bearing leakage tester( variable RPM ),,,,,,,,,,,,,,,,,,,,,,,,,,,,,,,,nan,,REAL_PUBLIC_SOURCE,M000262,cpse_material_corpus.csv,261,2026-09-19T00:42:48.205395,1.0
,,iocl.com,Lab Equipments - Grease kettle – 10 Kg Water spray off test apparatus Refractometer Distilled water plant,,,,,,,,,,,,,,,,,,,,,,,,,,,,,,,,nan,,REAL_PUBLIC_SOURCE,M000263,cpse_material_corpus.csv,262,2026-09-19T00:42:48.205395,1.0
,,iocl.com,Lab Equipments - Microwave reactor Microwave furnace Salt spray machine,,,,,,,,,,,,,,,,,,,,,,,,,,,,,,,,nan,,REAL_PUBLIC_SOURCE,M000264,cpse_material_corpus.csv,263,2026-09-19T00:42:48.205395,1.0
,,iocl.com,Lab Scale Hydrogen Furnace (with Scrubber & Gas Suction),,,,,,,,,,,,,,,,,,,,,,,,,,,,,,,,no,,REAL_PUBLIC_SOURCE,M000265,cpse_material_corpus.csv,264,2026-09-19T00:42:48.205395,1.0
,,iocl.com,Lab equipment,,,,,,,,,,,,,,,,,,,,,,,,,,,,,,,,No.,,REAL_PUBLIC_SOURCE,M000266,cpse_material_corpus.csv,265,2026-09-19T00:42:48.205395,1.0
,,iocl.com,Lab furniture (F&A block),,,,,,,,,,,,,,,,,,,,,,,,,,,,,,,,lot,,REAL_PUBLIC_SOURCE,M000267,cpse_material_corpus.csv,266,2026-09-19T00:42:48.205395,1.0
,,iocl.com,Lab furniture(syn block),,,,,,,,,,,,,,,,,,,,,,,,,,,,,,,,lot,,REAL_PUBLIC_SOURCE,M000268,cpse_material_corpus.csv,267,2026-09-19T00:42:48.205395,1.0
,,iocl.com,"Laboratory Equipments (Muffle furnace, Vacuum Oven, pH Meter, Hot Plate, Refrigerator)",,,,,,,,,,,,,,,,,,,,,,,,,,,,,,,,lot,,REAL_PUBLIC_SOURCE,M000269,cpse_material_corpus.csv,268,2026-09-19T00:42:48.205395,1.0
,,iocl.com,"License, Know-How, Process package, Catalyst(s), Proprietary equipment (if any) for production of Polyester Melt",,,,,,,,,,,,,,,,,,,,,,,,,,,,,,,,nan,,REAL_PUBLIC_SOURCE,M000270,cpse_material_corpus.csv,269,2026-09-19T00:42:48.205395,1.0
,,iocl.com,Licensor selection for compounded HDPE Unit at Panipat,,,,,,,,,,,,,,,,,,,,,,,,,,,,,,,,No.,,REAL_PUBLIC_SOURCE,M000271,cpse_material_corpus.csv,270,2026-09-19T00:42:48.205395,1.0
,,iocl.com,Lights and Fixtures / Bulbs / glands / JBs / Switches,,,,,,,,,,,,,,,,,,,,,,,,,,,,,,,,Nos.,,REAL_PUBLIC_SOURCE,M000272,cpse_material_corpus.csv,271,2026-09-19T00:42:48.205395,1.0
,,iocl.com,Lining up of agency for platinum/palladium umpire analysis on limited global tender basis,,,,,,,,,,,,,,,,,,,,,,,,,,,,,,,,Lot,,REAL_PUBLIC_SOURCE,M000273,cpse_material_corpus.csv,272,2026-09-19T00:42:48.205395,1.0
,,iocl.com,Liquid GC,,,,,,,,,,,,,,,,,,,,,,,,,,,,,,,,nan,,REAL_PUBLIC_SOURCE,M000274,cpse_material_corpus.csv,273,2026-09-19T00:42:48.205395,1.0
,,iocl.com,Liquid oxidation Catalyst for spent,,,,,,,,,,,,,,,,,,,,,,,,,,,,,,,,MT,,REAL_PUBLIC_SOURCE,M000275,cpse_material_corpus.csv,274,2026-09-19T00:42:48.205395,1.0
,,iocl.com,Liquid oxidation Catalyst for spent caustic regeneration,,,,,,,,,,,,,,,,,,,,,,,,,,,,,,,,MT,,REAL_PUBLIC_SOURCE,M000276,cpse_material_corpus.csv,275,2026-09-19T00:42:48.205395,1.0
,,iocl.com,Load cells for weigh bridges / weighing scales / carousals,,,,,,,,,,,,,,,,,,,,,,,,,,,,,,,,Nos.,,REAL_PUBLIC_SOURCE,M000277,cpse_material_corpus.csv,276,2026-09-19T00:42:48.205395,1.0
,,iocl.com,Loss On Ignition (%) and Platinum content (%) testing in Continuous Catalytic Reformer (CCR) fresh catalyst,,,,,,,,,,,,,,,,,,,,,,,,,,,,,,,,No,,REAL_PUBLIC_SOURCE,M000278,cpse_material_corpus.csv,277,2026-09-19T00:42:48.205395,1.0
,,iocl.com,Low temp. hydrogenation catalyst (Tail Gas Treatment Unit),,,,,,,,,,,,,,,,,,,,,,,,,,,,,,,,MT,,REAL_PUBLIC_SOURCE,M000279,cpse_material_corpus.csv,278,2026-09-19T00:42:48.205395,1.0
,,iocl.com,Low temperature bath,,,,,,,,,,,,,,,,,,,,,,,,,,,,,,,,No,,REAL_PUBLIC_SOURCE,M000280,cpse_material_corpus.csv,279,2026-09-19T00:42:48.205395,1.0
,,iocl.com,Low temperature impact tester,,,,,,,,,,,,,,,,,,,,,,,,,,,,,,,,No,,REAL_PUBLIC_SOURCE,M000281,cpse_material_corpus.csv,280,2026-09-19T00:42:48.205395,1.0
,,iocl.com,MATLAB Software and associated toolboxes,,,,,,,,,,,,,,,,,,,,,,,,,,,,,,,,Nos,,REAL_PUBLIC_SOURCE,M000282,cpse_material_corpus.csv,281,2026-09-19T00:42:48.205395,1.0
,,iocl.com,Magnesium Aluminium Hydroxide Carbonate Hydrate (DHT 4A/Hycite 713 ) -used in reaction for acid scavenging in polymer production and processing systems,,,,,,,,,,,,,,,,,,,,,,,,,,,,,,,,MT,,REAL_PUBLIC_SOURCE,M000283,cpse_material_corpus.csv,282,2026-09-19T00:42:48.205395,1.0
,,iocl.com,Magnetic Hotplates,,,,,,,,,,,,,,,,,,,,,,,,,,,,,,,,nan,,REAL_PUBLIC_SOURCE,M000284,cpse_material_corpus.csv,283,2026-09-19T00:42:48.205395,1.0
,,iocl.com,Magnetic Stirrer,,,,,,,,,,,,,,,,,,,,,,,,,,,,,,,,nan,,REAL_PUBLIC_SOURCE,M000285,cpse_material_corpus.csv,284,2026-09-19T00:42:48.205395,1.0
,,iocl.com,Mainline pumping Unit (Nos),,,,,,,,,,,,,,,,,,,,,,,,,,,,,,,,Nos.,,REAL_PUBLIC_SOURCE,M000286,cpse_material_corpus.csv,285,2026-09-19T00:42:48.205395,1.0
,,iocl.com,Maintenance for single cell and stack test stations,,,,,,,,,,,,,,,,,,,,,,,,,,,,,,,,Lot,,REAL_PUBLIC_SOURCE,M000287,cpse_material_corpus.csv,286,2026-09-19T00:42:48.205395,1.0
,,iocl.com,Maintenance of Welded Type Plate combine feed Exchanger of CRU,,,,,,,,,,,,,,,,,,,,,,,,,,,,,,,,No,,REAL_PUBLIC_SOURCE,M000288,cpse_material_corpus.csv,287,2026-09-19T00:42:48.205395,1.0
,,iocl.com,Manual Ball / Gate / Butterfly Valves,,,Valve,,,,,,,,,,,,,,,,,,,,,,,,,,,,,EA,,REAL_PUBLIC_SOURCE,M000289,cpse_material_corpus.csv,288,2026-09-19T00:42:48.205395,1.0
,,iocl.com,Marine Hoses,,,,,,,,,,,,,,,,,,,,,,,,,,,,,,,,Nos.,,REAL_PUBLIC_SOURCE,M000290,cpse_material_corpus.csv,289,2026-09-19T00:42:48.205395,1.0
,,iocl.com,Marine Hoses for SPM,,,,,,,,,,,,,,,,,,,,,,,,,,,,,,,,Nos.,,REAL_PUBLIC_SOURCE,M000291,cpse_material_corpus.csv,290,2026-09-19T00:42:48.205395,1.0
,,iocl.com,Marine Loading Arm,,,,,,,,,,,,,,,,,,,,,,,,,,,,,,,,Nos.,,REAL_PUBLIC_SOURCE,M000292,cpse_material_corpus.csv,291,2026-09-19T00:42:48.205395,1.0
,,iocl.com,Mass Flow Meter,,,,,,,,,,,,,,,,,,,,,,,,,,,,,,,,EA,,REAL_PUBLIC_SOURCE,M000293,cpse_material_corpus.csv,292,2026-09-19T00:42:48.205395,1.0
,,iocl.com,Mech Seals (Refurbishing) Nos.for LPG Pump,,,,,,,,,,,,,,,,,,,,,,,,,,,,,,,,Nos.,,REAL_PUBLIC_SOURCE,M000294,cpse_material_corpus.csv,293,2026-09-19T00:42:48.205395,1.0
,,iocl.com,Mech Seals New in Nos. for LPG Pump,,,,,,,,,,,,,,,,,,,,,,,,,,,,,,,,Nos.,,REAL_PUBLIC_SOURCE,M000295,cpse_material_corpus.csv,294,2026-09-19T00:42:48.205395,1.0
,,iocl.com,"Mech items :EOT Crane, Forklift,Weigh Bridge, Industrial Lift, Belt & Screw conveyors/Dock leveller",,,,,,,,,,,,,,,,,,,,,,,,,,,,,,,,Nos.,,REAL_PUBLIC_SOURCE,M000296,cpse_material_corpus.csv,295,2026-09-19T00:42:48.205395,1.0
,,iocl.com,"Mech items :EOT Crane,Forklift,Weigh Bridge,Industrial Lift,Belt &",,,,,,,,,,,,,,,,,,,,,,,,,,,,,,,,Nos.,,REAL_PUBLIC_SOURCE,M000297,cpse_material_corpus.csv,296,2026-09-19T00:42:48.205395,1.0
,,iocl.com,"Mech items :EOT Crane,Forklift,Weigh Bridge,Industrial Lift,Belt & Screw conveyors/Dock leveller",,,,,,,,,,,,,,,,,,,,,,,,,,,,,,,,Nos.,,REAL_PUBLIC_SOURCE,M000298,cpse_material_corpus.csv,297,2026-09-19T00:42:48.205395,1.0
,,iocl.com,Mechanical ARC,,,,,,,,,,,,,,,,,,,,,,,,,,,,,,,,nan,,REAL_PUBLIC_SOURCE,M000299,cpse_material_corpus.csv,298,2026-09-19T00:42:48.205395,1.0
,,iocl.com,Mechanical Pipe End connector+ Standard/Long seal Leak clamps+ Encapsulating Leak Clamps,,,Pipe,,,,,,,,,,,,,,,,,,,,,,,,,,,,,Nos.,,REAL_PUBLIC_SOURCE,M000300,cpse_material_corpus.csv,299,2026-09-19T00:42:48.205395,1.0
,,iocl.com,Mechanical Seal Spares,,,,,,,,,,,,,,,,,,,,,,,,,,,,,,,,Lot,,REAL_PUBLIC_SOURCE,M000301,cpse_material_corpus.csv,300,2026-09-19T00:42:48.205395,1.0
,,iocl.com,Mechanical Stores,,,,,,,,,,,,,,,,,,,,,,,,,,,,,,,,No,,REAL_PUBLIC_SOURCE,M000302,cpse_material_corpus.csv,301,2026-09-19T00:42:48.205395,1.0
,,iocl.com,Melting Point Apparatus,,,,,,,,,,,,,,,,,,,,,,,,,,,,,,,,No,,REAL_PUBLIC_SOURCE,M000303,cpse_material_corpus.csv,302,2026-09-19T00:42:48.205395,1.0
,,iocl.com,Membrane performance evaluation test facility (release of balance 10% payment after installation and commissioning),,,,,,,,,,,,,,,,,,,,,,,,,,,,,,,,Nos,,REAL_PUBLIC_SOURCE,M000304,cpse_material_corpus.csv,303,2026-09-19T00:42:48.205395,1.0
,,iocl.com,Metering Skid Ph-III(Nos),,,,,,,,,,,,,,,,,,,,,,,,,,,,,,,,Nos.,,REAL_PUBLIC_SOURCE,M000305,cpse_material_corpus.csv,304,2026-09-19T00:42:48.205395,1.0
,,iocl.com,Metering Skid(Nos),,,,,,,,,,,,,,,,,,,,,,,,,,,,,,,,Nos.,,REAL_PUBLIC_SOURCE,M000306,cpse_material_corpus.csv,305,2026-09-19T00:42:48.205395,1.0
,,iocl.com,"Metering skid assembly (consisiting of Filtration, Metering and Pressure Reduction units) of various sizes for providing connectivity to CGD Entities from Gas pipelines and augmentation of existing",,,Pipe,,,,,,,,,,,,,,,,,,,,,,,,,,,,,Nos.,,REAL_PUBLIC_SOURCE,M000307,cpse_material_corpus.csv,306,2026-09-19T00:42:48.205395,1.0
,,iocl.com,"Metering skid assembly (consisiting of Filtration, Metering and Pressure Reduction units) of various sizes for providing connectivity to CGD Entities from Gas pipelines and augmentation of existing facilities (Nos)",,,Pipe,,,,,,,,,,,,,,,,,,,,,,,,,,,,,Nos.,,REAL_PUBLIC_SOURCE,M000308,cpse_material_corpus.csv,307,2026-09-19T00:42:48.205395,1.0
,,iocl.com,Micro Reactor Unit,,,,,,,,,,,,,,,,,,,,,,,,,,,,,,,,No.,,REAL_PUBLIC_SOURCE,M000309,cpse_material_corpus.csv,308,2026-09-19T00:42:48.205395,1.0
,,iocl.com,Micro Scale Reactor Unit,,,,,,,,,,,,,,,,,,,,,,,,,,,,,,,,nan,,REAL_PUBLIC_SOURCE,M000310,cpse_material_corpus.csv,309,2026-09-19T00:42:48.205395,1.0
,,iocl.com,Micro distillation apparatus,,,,,,,,,,,,,,,,,,,,,,,,,,,,,,,,nan,,REAL_PUBLIC_SOURCE,M000311,cpse_material_corpus.csv,310,2026-09-19T00:42:48.205395,1.0
,,iocl.com,Micro scale reactor unit,,,,,,,,,,,,,,,,,,,,,,,,,,,,,,,,nan,,REAL_PUBLIC_SOURCE,M000312,cpse_material_corpus.csv,311,2026-09-19T00:42:48.205395,1.0
,,iocl.com,Micropipettes,,,Pipe,,,,,,,,,,,,,,,,,,,,,,,,,,,,,nan,,REAL_PUBLIC_SOURCE,M000313,cpse_material_corpus.csv,312,2026-09-19T00:42:48.205395,1.0
,,iocl.com,Mini Flash point tester,,,,,,,,,,,,,,,,,,,,,,,,,,,,,,,,nan,,REAL_PUBLIC_SOURCE,M000314,cpse_material_corpus.csv,313,2026-09-19T00:42:48.205395,1.0
,,iocl.com,Misc Spares /Car (sensors / connectors / cables etc),,,Cable,,,,,,,,,,,,,,,,,,,,,,,,,,,,,Nos.,,REAL_PUBLIC_SOURCE,M000315,cpse_material_corpus.csv,314,2026-09-19T00:42:48.205395,1.0
,,iocl.com,Misc. fire fighting equipment (Nos),,,,,,,,,,,,,,,,,,,,,,,,,,,,,,,,Nos.,,REAL_PUBLIC_SOURCE,M000316,cpse_material_corpus.csv,315,2026-09-19T00:42:48.205395,1.0
,,iocl.com,Miscellaneous items (including FR approved project),,,,,,,,,,,,,,,,,,,,,,,,,,,,,,,,LOT,,REAL_PUBLIC_SOURCE,M000317,cpse_material_corpus.csv,316,2026-09-19T00:42:48.205395,1.0
,,iocl.com,Mixed Butylated Phenol Antioxidant (ST4064) - used in blending in many lubricants,,,,,,,,,,,,,,,,,,,,,,,,,,,,,,,,MT,,REAL_PUBLIC_SOURCE,M000318,cpse_material_corpus.csv,317,2026-09-19T00:42:48.205395,1.0
,,iocl.com,Mixers & Agitators,,,,,,,,,,,,,,,,,,,,,,,,,,,,,,,,Nos.,,REAL_PUBLIC_SOURCE,M000319,cpse_material_corpus.csv,318,2026-09-19T00:42:48.205395,1.0
,,iocl.com,Molecular Modeling Software & hardware,,,,,,,,,,,,,,,,,,,,,,,,,,,,,,,,nan,,REAL_PUBLIC_SOURCE,M000320,cpse_material_corpus.csv,319,2026-09-19T00:42:48.205395,1.0
,,iocl.com,Molecular sieves-desiccant (sodium-potassium- alumino silicate),,,,,,,,,,,,,,,,,,,,,,,,,,,,,,,,MT,,REAL_PUBLIC_SOURCE,M000321,cpse_material_corpus.csv,320,2026-09-19T00:42:48.205395,1.0
,,iocl.com,Molecular sieves-desiccant (sodium-potassium-alumino silicate),,,,,,,,,,,,,,,,,,,,,,,,,,,,,,,,MT,,REAL_PUBLIC_SOURCE,M000322,cpse_material_corpus.csv,321,2026-09-19T00:42:48.205395,1.0
,,iocl.com,Mooring Bridle,,,,,,,,,,,,,,,,,,,,,,,,,,,,,,,,Nos.,,REAL_PUBLIC_SOURCE,M000323,cpse_material_corpus.csv,322,2026-09-19T00:42:48.205395,1.0
,,iocl.com,Motor Spares,,,,,,,,,,,,,,,,,,,,,,,,,,,,,,,,Lot,,REAL_PUBLIC_SOURCE,M000324,cpse_material_corpus.csv,323,2026-09-19T00:42:48.205395,1.0
,,iocl.com,Motorized Ball / Gate / Butterfly Valves,,,Valve,,,,,,,,,,,,,,,,,,,,,,,,,,,,,EA,,REAL_PUBLIC_SOURCE,M000325,cpse_material_corpus.csv,324,2026-09-19T00:42:48.205395,1.0
,,iocl.com,Mounded Bullet,,,,,,,,,,,,,,,,,,,,,,,,,,,,,,,,Nos.,,REAL_PUBLIC_SOURCE,M000326,cpse_material_corpus.csv,325,2026-09-19T00:42:48.205395,1.0
,,iocl.com,Muffle furnace,,,,,,,,,,,,,,,,,,,,,,,,,,,,,,,,Nos,,REAL_PUBLIC_SOURCE,M000327,cpse_material_corpus.csv,326,2026-09-19T00:42:48.205395,1.0
,,iocl.com,Multi-Purpose Fixed Bed Reactor Unit,,,,,,,,,,,,,,,,,,,,,,,,,,,,,,,,No,,REAL_PUBLIC_SOURCE,M000328,cpse_material_corpus.csv,327,2026-09-19T00:42:48.205395,1.0
,,iocl.com,N/S Analyser,,,,,,,,,,,,,,,,,,,,,,,,,,,,,,,,No,,REAL_PUBLIC_SOURCE,M000329,cpse_material_corpus.csv,328,2026-09-19T00:42:48.205395,1.0
,,iocl.com,NRPL Mainline pumping unit Replacement,,,,,,,,,,,,,,,,,,,,,,,,,,,,,,,,nan,,REAL_PUBLIC_SOURCE,M000330,cpse_material_corpus.csv,329,2026-09-19T00:42:48.205395,1.0
,,iocl.com,Nanometals and Metal oxide Synthesis Facility,,,,,,,,,,,,,,,,,,,,,,,,,,,,,,,,lot,,REAL_PUBLIC_SOURCE,M000331,cpse_material_corpus.csv,330,2026-09-19T00:42:48.205395,1.0
,,iocl.com,Natural gas and bio-CNG reforming based hydrogen infrastructure,,,,,,,,,,,,,,,,,,,,,,,,,,,,,,,,nan,,REAL_PUBLIC_SOURCE,M000332,cpse_material_corpus.csv,331,2026-09-19T00:42:48.205395,1.0
,,iocl.com,Non-Aromatic catalyst batch mineral oil (MINERAL OIL ) - used for diluting Donor in order to have better,,,,,,,,,,,,,,,,,,,,,,,,,,,,,,,,MT,,REAL_PUBLIC_SOURCE,M000333,cpse_material_corpus.csv,332,2026-09-19T00:42:48.205395,1.0
,,iocl.com,Non-Aromatic catalyst batch mineral oil (MINERAL OIL ) - used for diluting Donor in order to have better accuracy of the flow measure and also used for flushi ng in TEAL,,,,,,,,,,,,,,,,,,,,,,,,,,,,,,,,MT,,REAL_PUBLIC_SOURCE,M000334,cpse_material_corpus.csv,333,2026-09-19T00:42:48.205395,1.0
,,iocl.com,Non-Aromatic catalyst batch mineral oil (MINERAL OIL ) - used for diluting Donor in order to have better accuracy of the flow measure and also used for flushi ng in TEAL area,,,,,,,,,,,,,,,,,,,,,,,,,,,,,,,,MT,,REAL_PUBLIC_SOURCE,M000335,cpse_material_corpus.csv,334,2026-09-19T00:42:48.205395,1.0
,,iocl.com,Non-Aromatic catalyst batch mineral oil (MINERAL OIL ) - used for diluting Donor in order to have better accuracy of the flow measure and also used for flushing in TEAL area,,,,,,,,,,,,,,,,,,,,,,,,,,,,,,,,MT,,REAL_PUBLIC_SOURCE,M000336,cpse_material_corpus.csv,335,2026-09-19T00:42:48.205395,1.0
,,iocl.com,"Off the shelf ""Online e-Modules on Leadership Competencies""",,,,,,,,,,,,,,,,,,,,,,,,,,,,,,,,No,,REAL_PUBLIC_SOURCE,M000337,cpse_material_corpus.csv,336,2026-09-19T00:42:48.205395,1.0
,,iocl.com,Oil foaming bath,,,,,,,,,,,,,,,,,,,,,,,,,,,,,,,,No,,REAL_PUBLIC_SOURCE,M000338,cpse_material_corpus.csv,337,2026-09-19T00:42:48.205395,1.0
,,iocl.com,Online PSA,,,,,,,,,,,,,,,,,,,,,,,,,,,,,,,,Nos,,REAL_PUBLIC_SOURCE,M000339,cpse_material_corpus.csv,338,2026-09-19T00:42:48.205395,1.0
,,iocl.com,Optical brightener,,,,,,,,,,,,,,,,,,,,,,,,,,,,,,,,MT,,REAL_PUBLIC_SOURCE,M000340,cpse_material_corpus.csv,339,2026-09-19T00:42:48.205395,1.0
,,iocl.com,Other Marine Spares,,,,,,,,,,,,,,,,,,,,,,,,,,,,,,,,Nos.,,REAL_PUBLIC_SOURCE,M000341,cpse_material_corpus.csv,340,2026-09-19T00:42:48.205395,1.0
,,iocl.com,"Other pilot plant spares like spares of pumps, compressors, heaters, valves, tubing, etc",,,Valve,,,,,,,,,,,,,,,,,,,,,,,,,,,,,lot,,REAL_PUBLIC_SOURCE,M000342,cpse_material_corpus.csv,341,2026-09-19T00:42:48.205395,1.0
,,iocl.com,Over head stirrer,,,,,,,,,,,,,,,,,,,,,,,,,,,,,,,,nan,,REAL_PUBLIC_SOURCE,M000343,cpse_material_corpus.csv,342,2026-09-19T00:42:48.205395,1.0
,,iocl.com,Overhead Digital Stirrers,,,,,,,,,,,,,,,,,,,,,,,,,,,,,,,,nan,,REAL_PUBLIC_SOURCE,M000344,cpse_material_corpus.csv,343,2026-09-19T00:42:48.205395,1.0
,,iocl.com,Oxidation Stability analyzer,,,,,,,,,,,,,,,,,,,,,,,,,,,,,,,,nan,,REAL_PUBLIC_SOURCE,M000345,cpse_material_corpus.csv,344,2026-09-19T00:42:48.205395,1.0
,,iocl.com,Oxygen Analyser,,,,,,,,,,,,,,,,,,,,,,,,,,,,,,,,Nos.,,REAL_PUBLIC_SOURCE,M000346,cpse_material_corpus.csv,345,2026-09-19T00:42:48.205395,1.0
,,iocl.com,PEM fuel cell stack tests station,,,,,,,,,,,,,,,,,,,,,,,,,,,,,,,,nan,,REAL_PUBLIC_SOURCE,M000347,cpse_material_corpus.csv,346,2026-09-19T00:42:48.205395,1.0
,,iocl.com,PEM fuel cell system test station,,,,,,,,,,,,,,,,,,,,,,,,,,,,,,,,nan,,REAL_PUBLIC_SOURCE,M000348,cpse_material_corpus.csv,347,2026-09-19T00:42:48.205395,1.0
,,iocl.com,PEM fuel single cell station along with utilities,,,,,,,,,,,,,,,,,,,,,,,,,,,,,,,,nan,,REAL_PUBLIC_SOURCE,M000349,cpse_material_corpus.csv,348,2026-09-19T00:42:48.205395,1.0
,,iocl.com,"PEPQ (Phosphorous trichloride, reaction products with 1,1- biphenyl and 2,4-bis(1,1- dimethylethyl)phenol) (secondary antioxidant)",,,,,,,,,,,,,,,,,,,,,,,,,,,,,,,,MT,,REAL_PUBLIC_SOURCE,M000350,cpse_material_corpus.csv,349,2026-09-19T00:42:48.205395,1.0
,,iocl.com,"PEPQ (Phosphorous trichloride, reaction products with 1,1-biphenyl and 2,4- bis(1,1- dimethylethyl)phenol) (secondary antioxidant)",,,,,,,,,,,,,,,,,,,,,,,,,,,,,,,,MT,,REAL_PUBLIC_SOURCE,M000351,cpse_material_corpus.csv,350,2026-09-19T00:42:48.205395,1.0
,,iocl.com,PG/Pelargonic acid/ C8- C10 fatty acid,,,,,,,,,,,,,,,,,,,,,,,,,,,,,,,,MT,,REAL_PUBLIC_SOURCE,M000352,cpse_material_corpus.csv,351,2026-09-19T00:42:48.205395,1.0
,,iocl.com,PIB of higher molecular wt.(ST 56032/ST 56036),,,,,,,,,,,,,,,,,,,,,,,,,,,,,,,,MT,,REAL_PUBLIC_SOURCE,M000353,cpse_material_corpus.csv,352,2026-09-19T00:42:48.205395,1.0
,,iocl.com,PMCC flash point,,,,,,,,,,,,,,,,,,,,,,,,,,,,,,,,nan,,REAL_PUBLIC_SOURCE,M000354,cpse_material_corpus.csv,353,2026-09-19T00:42:48.205395,1.0
,,iocl.com,"PP Catalyst. A composition of Magnesium Chloride and 1,2 Benzenedicarboxylic acid, 1,2",,,,,,,,,,,,,,,,,,,,,,,,,,,,,,,,MT,,REAL_PUBLIC_SOURCE,M000355,cpse_material_corpus.csv,354,2026-09-19T00:42:48.205395,1.0
,,iocl.com,PPA (Polymer Processing Additive),,,,,,,,,,,,,,,,,,,,,,,,,,,,,,,,MT,,REAL_PUBLIC_SOURCE,M000356,cpse_material_corpus.csv,355,2026-09-19T00:42:48.205395,1.0
,,iocl.com,"Package Items (HVAC, ETP, Refrigeration ,Cooling Tower, DI Guard, Chlorine Injection, Chemical Injection, Side Stream Filter, Ehylene BOG, TEG Barelling, Flare, Communication Mgmt Sytem, Nitrogen Cooling System, Control Monitoring System, Ambience Air Monitoring system, PCK metering Skid, Cathodic Protection System, FDAS system, CCTV,",,,,,,,,,,,,,,,,,,,,,,,,,,,,,,,,LOT,,REAL_PUBLIC_SOURCE,M000357,cpse_material_corpus.csv,356,2026-09-19T00:42:48.205395,1.0
,,iocl.com,"Package Items(HVAC,ETP,Refigeration,Co oling Tower,DI Guard,Chlorine Injection,Chemical Injection,Side Stream Filter,Ehylene BOG,TEG Barelling,Flare,Communication Mgmt Sytem,Nitrogen Cooling System,Control Monitoring System,Ambience Air Monitoring system,PCK metering Skid,Cathodic Protectin System,FDAS system,CCTV,Custody Transfer Metering Skid,Clean Agent System)",,,,,,,,,,,,,,,,,,,,,,,,,,,,,,,,LOT,,REAL_PUBLIC_SOURCE,M000358,cpse_material_corpus.csv,357,2026-09-19T00:42:48.205395,1.0
,,iocl.com,"Package Items(HVAC,ETP,Refigeration,Cooling Tower,DI Guard,Chlorine Injection,Chemical Injection,Side Stream Filter,Ehylene BOG,TEG Barelling,Flare,Communication Mgmt Sytem,Nitrogen Cooling System,Control Monitoring System,Ambience Air Monitoring system,PCK metering Skid,Cathodic Protectin System,FDAS system,CCTV,Custody Transfer Metering Skid,Clean Agent System)",,,,,,,,,,,,,,,,,,,,,,,,,,,,,,,,LOT,,REAL_PUBLIC_SOURCE,M000359,cpse_material_corpus.csv,358,2026-09-19T00:42:48.205395,1.0
,,iocl.com,Particle Size Analyzer,,,,,,,,,,,,,,,,,,,,,,,,,,,,,,,,No,,REAL_PUBLIC_SOURCE,M000360,cpse_material_corpus.csv,359,2026-09-19T00:42:48.205395,1.0
,,iocl.com,Particle size analyzer,,,,,,,,,,,,,,,,,,,,,,,,,,,,,,,,no,,REAL_PUBLIC_SOURCE,M000361,cpse_material_corpus.csv,360,2026-09-19T00:42:48.205395,1.0
,,iocl.com,"Peroxide-101 (2, 5 Dimethyl-2,5-di (tert- butyl-peroxy) henaxe)",,,,,,,,,,,,,,,,,,,,,,,,,,,,,,,,MT,,REAL_PUBLIC_SOURCE,M000362,cpse_material_corpus.csv,361,2026-09-19T00:42:48.205395,1.0
,,iocl.com,"Peroxide-101 (2, 5 Dimethyl-2,5-di (tert-butyl- peroxy) henaxe)",,,,,,,,,,,,,,,,,,,,,,,,,,,,,,,,MT,,REAL_PUBLIC_SOURCE,M000363,cpse_material_corpus.csv,362,2026-09-19T00:42:48.205395,1.0
,,iocl.com,Pig Launcher & Pig Receiver,,,,,,,,,,,,,,,,,,,,,,,,,,,,,,,,Nos.,,REAL_PUBLIC_SOURCE,M000364,cpse_material_corpus.csv,363,2026-09-19T00:42:48.205395,1.0
,,iocl.com,"Pilot plant spares like spares of check valves, weigh scales, PLC cards, etc",,,Valve,,,,,,,,,,,,,,,,,,,,,,,,,,,,,Lot,,REAL_PUBLIC_SOURCE,M000365,cpse_material_corpus.csv,364,2026-09-19T00:42:48.205395,1.0
,,iocl.com,"Pilot plant spares of level controllers, chillers, pressure gauges, etc",,,,,,,,,,,,,,,,,,,,,,,,,,,,,,,,nan,,REAL_PUBLIC_SOURCE,M000366,cpse_material_corpus.csv,365,2026-09-19T00:42:48.205395,1.0
,,iocl.com,Pipe & Pipe Fittings,,,Pipe,,,,,,,,,,,,,,,,,,,,,,,,,,,,,Lot,,REAL_PUBLIC_SOURCE,M000367,cpse_material_corpus.csv,366,2026-09-19T00:42:48.205395,1.0
,,iocl.com,Pipe (km),,,Pipe,,,,,,,,,,,,,,,,,,,,,,,,,,,,,Nos.,,REAL_PUBLIC_SOURCE,M000368,cpse_material_corpus.csv,367,2026-09-19T00:42:48.205395,1.0
,,iocl.com,Pipeline,,,Pipe,,,,,,,,,,,,,,,,,,,,,,,,,,,,,nan,,REAL_PUBLIC_SOURCE,M000369,cpse_material_corpus.csv,368,2026-09-19T00:42:48.205395,1.0
,,iocl.com,Planetary Mixer & Vibrating table,,,,,,,,,,,,,,,,,,,,,,,,,,,,,,,,no,,REAL_PUBLIC_SOURCE,M000370,cpse_material_corpus.csv,369,2026-09-19T00:42:48.205395,1.0
,,iocl.com,Planetary centrifugal mixture,,,,,,,,,,,,,,,,,,,,,,,,,,,,,,,,Nos.,,REAL_PUBLIC_SOURCE,M000371,cpse_material_corpus.csv,370,2026-09-19T00:42:48.205395,1.0
,,iocl.com,Plant Lift (Hazardous area & Flameproof),,,,,,,,,,,,,,,,,,,,,,,,,,,,,,,,No.,,REAL_PUBLIC_SOURCE,M000372,cpse_material_corpus.csv,371,2026-09-19T00:42:48.205395,1.0
,,iocl.com,Pour point bath apparatus,,,,,,,,,,,,,,,,,,,,,,,,,,,,,,,,nan,,REAL_PUBLIC_SOURCE,M000373,cpse_material_corpus.csv,372,2026-09-19T00:42:48.205395,1.0
,,iocl.com,Pressure / Temp Transmitters/Gauges in Nos,,,,,,,,,,,,,,,,,,,,,,,,,,,,,,,,Nos.,,REAL_PUBLIC_SOURCE,M000374,cpse_material_corpus.csv,373,2026-09-19T00:42:48.205395,1.0
,,iocl.com,Pressure Regulators,,,,,,,,,,,,,,,,,,,,,,,,,,,,,,,,Nos.,,REAL_PUBLIC_SOURCE,M000375,cpse_material_corpus.csv,374,2026-09-19T00:42:48.205395,1.0
,,iocl.com,Primary Reference Fuel (PRF) {ISO-Octane & n heptane},,,,,,,,,,,,,,,,,,,,,,,,,,,,,,,,Kg,,REAL_PUBLIC_SOURCE,M000376,cpse_material_corpus.csv,375,2026-09-19T00:42:48.205395,1.0
,,iocl.com,Printer Cartridges,,,,,,,,,,,,,,,,,,,,,,,,,,,,,,,,Nos.,,REAL_PUBLIC_SOURCE,M000377,cpse_material_corpus.csv,376,2026-09-19T00:42:48.205395,1.0
,,iocl.com,Propylene drying and CO2 removal bed for PP unit (Fixed bed),,,,,,,,,,,,,,,,,,,,,,,,,,,,,,,,MT,,REAL_PUBLIC_SOURCE,M000378,cpse_material_corpus.csv,377,2026-09-19T00:42:48.205395,1.0
,,iocl.com,Pump Spares,,,,,,,,,,,,,,,,,,,,,,,,,,,,,,,,Lot,,REAL_PUBLIC_SOURCE,M000379,cpse_material_corpus.csv,378,2026-09-19T00:42:48.205395,1.0
,,iocl.com,RSSOT analyzer,,,,,,,,,,,,,,,,,,,,,,,,,,,,,,,,nan,,REAL_PUBLIC_SOURCE,M000380,cpse_material_corpus.csv,379,2026-09-19T00:42:48.205395,1.0
,,iocl.com,Rancimat apparatus,,,,,,,,,,,,,,,,,,,,,,,,,,,,,,,,nan,,REAL_PUBLIC_SOURCE,M000381,cpse_material_corpus.csv,380,2026-09-19T00:42:48.205395,1.0
,,iocl.com,Re-circulating Chiller-0.5KW Cooling Capacity,,,,,,,,,,,,,,,,,,,,,,,,,,,,,,,,No,,REAL_PUBLIC_SOURCE,M000382,cpse_material_corpus.csv,381,2026-09-19T00:42:48.205395,1.0
,,iocl.com,"Reactor Internals (of Proprietary profile wire and baffle with MOC - SS 347 for PX-PTA Expansion project, Panipat)",,,Cable,Stainless Steel,,,,,,,,,,,,,,,,,,,,,,,,,,,,Lot,,REAL_PUBLIC_SOURCE,M000383,cpse_material_corpus.csv,382,2026-09-19T00:42:48.205395,1.0
,,iocl.com,Reactors,,,,,,,,,,,,,,,,,,,,,,,,,,,,,,,,Nos.,,REAL_PUBLIC_SOURCE,M000384,cpse_material_corpus.csv,383,2026-09-19T00:42:48.205395,1.0
,,iocl.com,Reactors for 4 MRU,,,,,,,,,,,,,,,,,,,,,,,,,,,,,,,,Nos.,,REAL_PUBLIC_SOURCE,M000385,cpse_material_corpus.csv,384,2026-09-19T00:42:48.205395,1.0
,,iocl.com,Refractive Index apparatus,,,,,,,,,,,,,,,,,,,,,,,,,,,,,,,,nan,,REAL_PUBLIC_SOURCE,M000386,cpse_material_corpus.csv,385,2026-09-19T00:42:48.205395,1.0
,,iocl.com,Refractometer (ATF),,,,,,,,,,,,,,,,,,,,,,,,,,,,,,,,nan,,REAL_PUBLIC_SOURCE,M000387,cpse_material_corpus.csv,386,2026-09-19T00:42:48.205395,1.0
,,iocl.com,Relays / Fuses,,,,,,,,,,,,,,,,,,,,,,,,,,,,,,,,Nos.,,REAL_PUBLIC_SOURCE,M000388,cpse_material_corpus.csv,387,2026-09-19T00:42:48.205395,1.0
,,iocl.com,Remote operated Valve (Nos),,,Valve,,,,,,,,,,,,,,,,,,,,,,,,,,,,,Nos.,,REAL_PUBLIC_SOURCE,M000389,cpse_material_corpus.csv,388,2026-09-19T00:42:48.205395,1.0
,,iocl.com,Renewal of Aspen Engineering Suite Software,,,,,,,,,,,,,,,,,,,,,,,,,,,,,,,,nan,,REAL_PUBLIC_SOURCE,M000390,cpse_material_corpus.csv,389,2026-09-19T00:42:48.205395,1.0
,,iocl.com,Renewal of CFD Software & hardware,,,,,,,,,,,,,,,,,,,,,,,,,,,,,,,,No.,,REAL_PUBLIC_SOURCE,M000391,cpse_material_corpus.csv,390,2026-09-19T00:42:48.205395,1.0
,,iocl.com,Renewal of MATLAB Software,,,,,,,,,,,,,,,,,,,,,,,,,,,,,,,,No.,,REAL_PUBLIC_SOURCE,M000392,cpse_material_corpus.csv,391,2026-09-19T00:42:48.205395,1.0
,,iocl.com,Renewal of Molecular modeling software,,,,,,,,,,,,,,,,,,,,,,,,,,,,,,,,No.,,REAL_PUBLIC_SOURCE,M000393,cpse_material_corpus.csv,392,2026-09-19T00:42:48.205395,1.0
,,iocl.com,Rheotens,,,,,,,,,,,,,,,,,,,,,,,,,,,,,,,,No,,REAL_PUBLIC_SOURCE,M000394,cpse_material_corpus.csv,393,2026-09-19T00:42:48.205395,1.0
,,iocl.com,Rotary Evaporator,,,,,,,,,,,,,,,,,,,,,,,,,,,,,,,,Nos,,REAL_PUBLIC_SOURCE,M000395,cpse_material_corpus.csv,394,2026-09-19T00:42:48.205395,1.0
,,iocl.com,Rotary Tight Shut off Valve,,,Valve,,,,,,,,,,,,,,,,,,,,,,,,,,,,,No,,REAL_PUBLIC_SOURCE,M000396,cpse_material_corpus.csv,395,2026-09-19T00:42:48.205395,1.0
,,iocl.com,Rotary Valves/Safety Valves/Control Valves/On-off Valves/Emergency Vent Valves/Shutdown Valves,,,Valve,,,,,,,,,,,,,,,,,,,,,,,,,,,,,Nos.,,REAL_PUBLIC_SOURCE,M000397,cpse_material_corpus.csv,396,2026-09-19T00:42:48.205395,1.0
,,iocl.com,Rotavapor,,,,,,,,,,,,,,,,,,,,,,,,,,,,,,,,No,,REAL_PUBLIC_SOURCE,M000398,cpse_material_corpus.csv,397,2026-09-19T00:42:48.205395,1.0
,,iocl.com,SOFC/ SOEC cell fabrication facility,,,,,,,,,,,,,,,,,,,,,,,,,,,,,,,,nan,,REAL_PUBLIC_SOURCE,M000399,cpse_material_corpus.csv,398,2026-09-19T00:42:48.205395,1.0
,,iocl.com,SRV (Nos),,,,,,,,,,,,,,,,,,,,,,,,,,,,,,,,Nos.,,REAL_PUBLIC_SOURCE,M000400,cpse_material_corpus.csv,399,2026-09-19T00:42:48.205395,1.0
,,iocl.com,ST5014 (Lithium Hydroxide,,,,,,,,,,,,,,,,,,,,,,,,,,,,,,,,MT,,REAL_PUBLIC_SOURCE,M000401,cpse_material_corpus.csv,400,2026-09-19T00:42:48.205395,1.0
,,iocl.com,ST5014 (Lithium Hydroxide Monohydrate),,,,,,,,,,,,,,,,,,,,,,,,,,,,,,,,MT,,REAL_PUBLIC_SOURCE,M000402,cpse_material_corpus.csv,401,2026-09-19T00:42:48.205395,1.0
,,iocl.com,ST56058 (PIB 1000),,,,,,,,,,,,,,,,,,,,,,,,,,,,,,,,MT,,REAL_PUBLIC_SOURCE,M000403,cpse_material_corpus.csv,402,2026-09-19T00:42:48.205395,1.0
,,iocl.com,ST65692 (Biphenyl) - approved additive Packages required for manufacturing of Servo Duotherm S required at Panipat Refinery,,,,,,,,,,,,,,,,,,,,,,,,,,,,,,,,MT,,REAL_PUBLIC_SOURCE,M000404,cpse_material_corpus.csv,403,2026-09-19T00:42:48.205395,1.0
,,iocl.com,ST65692 (Biphenyl) -approved,,,,,,,,,,,,,,,,,,,,,,,,,,,,,,,,nan,,REAL_PUBLIC_SOURCE,M000405,cpse_material_corpus.csv,404,2026-09-19T00:42:48.205395,1.0
,,iocl.com,ST65692 (Biphenyl) -approved additive Packages required for manufacturing of Servo Duotherm S required at Panipat Refinery,,,,,,,,,,,,,,,,,,,,,,,,,,,,,,,,MT,,REAL_PUBLIC_SOURCE,M000406,cpse_material_corpus.csv,405,2026-09-19T00:42:48.205395,1.0
,,iocl.com,Sample Coolers (PI) & Sample Bombs (PE),,,,,,,,,,,,,,,,,,,,,,,,,,,,,,,,Nos.,,REAL_PUBLIC_SOURCE,M000407,cpse_material_corpus.csv,406,2026-09-19T00:42:48.205395,1.0
,,iocl.com,Sample cutting & modification equipment,,,,,,,,,,,,,,,,,,,,,,,,,,,,,,,,nan,,REAL_PUBLIC_SOURCE,M000408,cpse_material_corpus.csv,407,2026-09-19T00:42:48.205395,1.0
,,iocl.com,Scanning electron microscope,,,,,,,,,,,,,,,,,,,,,,,,,,,,,,,,no,,REAL_PUBLIC_SOURCE,M000409,cpse_material_corpus.csv,408,2026-09-19T00:42:48.205395,1.0
,,iocl.com,Scrapper Barrel,,,,,,,,,,,,,,,,,,,,,,,,,,,,,,,,Nos.,,REAL_PUBLIC_SOURCE,M000410,cpse_material_corpus.csv,409,2026-09-19T00:42:48.205395,1.0
,,iocl.com,Screw Pump,,,,,,,,,,,,,,,,,,,,,,,,,,,,,,,,EA,,REAL_PUBLIC_SOURCE,M000411,cpse_material_corpus.csv,410,2026-09-19T00:42:48.205395,1.0
,,iocl.com,Self Closing Valve,,,Valve,,,,,,,,,,,,,,,,,,,,,,,,,,,,,Nos.,,REAL_PUBLIC_SOURCE,M000412,cpse_material_corpus.csv,411,2026-09-19T00:42:48.205395,1.0
,,iocl.com,Separator Filter (Nos),,,,,,,,,,,,,,,,,,,,,,,,,,,,,,,,Nos.,,REAL_PUBLIC_SOURCE,M000413,cpse_material_corpus.csv,412,2026-09-19T00:42:48.205395,1.0
,,iocl.com,Separators,,,,,,,,,,,,,,,,,,,,,,,,,,,,,,,,Nos.,,REAL_PUBLIC_SOURCE,M000414,cpse_material_corpus.csv,413,2026-09-19T00:42:48.205395,1.0
,,iocl.com,Silica gel-desiccant (Compound of Silicon dioxide),,,,,,,,,,,,,,,,,,,,,,,,,,,,,,,,MT,,REAL_PUBLIC_SOURCE,M000415,cpse_material_corpus.csv,414,2026-09-19T00:42:48.205395,1.0
,,iocl.com,Silver corrosion,,,,,,,,,,,,,,,,,,,,,,,,,,,,,,,,nan,,REAL_PUBLIC_SOURCE,M000416,cpse_material_corpus.csv,415,2026-09-19T00:42:48.205395,1.0
,,iocl.com,Single cell test station for PEM fuel cell with utilities,,,,,,,,,,,,,,,,,,,,,,,,,,,,,,,,nan,,REAL_PUBLIC_SOURCE,M000417,cpse_material_corpus.csv,416,2026-09-19T00:42:48.205395,1.0
,,iocl.com,Slip additives (Erucamide ),,,,,,,,,,,,,,,,,,,,,,,,,,,,,,,,MT,,REAL_PUBLIC_SOURCE,M000418,cpse_material_corpus.csv,417,2026-09-19T00:42:48.205395,1.0
,,iocl.com,Slurry Pumps: Main Fractionator Bottom Pumps – 2 Nos. CLO Product Pumps – 2 Nos,,,,,,,,,,,,,,,,,,,,,,,,,,,,,,,,Package,,REAL_PUBLIC_SOURCE,M000419,cpse_material_corpus.csv,418,2026-09-19T00:42:48.205395,1.0
,,iocl.com,"Small size (<4"") misc. valve (Nos)",,,Valve,,,,,,,,,,,,,,,,,,,,,,,,,,,,,Nos.,,REAL_PUBLIC_SOURCE,M000420,cpse_material_corpus.csv,419,2026-09-19T00:42:48.205395,1.0
,,iocl.com,Solar based Hydrogen Infrastructure,,,,,,,,,,,,,,,,,,,,,,,,,,,,,,,,nan,,REAL_PUBLIC_SOURCE,M000421,cpse_material_corpus.csv,420,2026-09-19T00:42:48.205395,1.0
,,iocl.com,Spare Components (Compressor/Pumps/Feed Coalescer),,,,,,,,,,,,,,,,,,,,,,,,,,,,,,,,Nos.,,REAL_PUBLIC_SOURCE,M000422,cpse_material_corpus.csv,421,2026-09-19T00:42:48.205395,1.0
,,iocl.com,Spares (Filters & Accessories) Air Comp in Nos,,,,,,,,,,,,,,,,,,,,,,,,,,,,,,,,Nos.,,REAL_PUBLIC_SOURCE,M000423,cpse_material_corpus.csv,422,2026-09-19T00:42:48.205395,1.0
,,iocl.com,Spares for Level gauges / transmitters,,,,,,,,,,,,,,,,,,,,,,,,,,,,,,,,Nos.,,REAL_PUBLIC_SOURCE,M000424,cpse_material_corpus.csv,423,2026-09-19T00:42:48.205395,1.0
,,iocl.com,Spares for fuel cell station,,,,,,,,,,,,,,,,,,,,,,,,,,,,,,,,Lot,,REAL_PUBLIC_SOURCE,M000425,cpse_material_corpus.csv,424,2026-09-19T00:42:48.205395,1.0
,,iocl.com,Spares of BELSORP HP instrument,,,,,,,,,,,,,,,,,,,,,,,,,,,,,,,,Lot,,REAL_PUBLIC_SOURCE,M000426,cpse_material_corpus.csv,425,2026-09-19T00:42:48.205395,1.0
,,iocl.com,Spares of BET Surface area Analyzer,,,,,,,,,,,,,,,,,,,,,,,,,,,,,,,,Lot,,REAL_PUBLIC_SOURCE,M000427,cpse_material_corpus.csv,426,2026-09-19T00:42:48.205395,1.0
,,iocl.com,Spares of Electrolroyer and compressor unit,,,,,,,,,,,,,,,,,,,,,,,,,,,,,,,,Lot,,REAL_PUBLIC_SOURCE,M000428,cpse_material_corpus.csv,427,2026-09-19T00:42:48.205395,1.0
,,iocl.com,Spares parts for Fuel cell stations,,,,,,,,,,,,,,,,,,,,,,,,,,,,,,,,nan,,REAL_PUBLIC_SOURCE,M000429,cpse_material_corpus.csv,428,2026-09-19T00:42:48.205395,1.0
,,iocl.com,Speciality Grease - Mixture of higher paraffin hydrocarbon used as catalyst protection in Spheripol PP technology for production of Polypropylene,,,,,,,,,,,,,,,,,,,,,,,,,,,,,,,,MT,,REAL_PUBLIC_SOURCE,M000430,cpse_material_corpus.csv,429,2026-09-19T00:42:48.205395,1.0
,,iocl.com,Specialty Service,,,,,,,,,,,,,,,,,,,,,,,,,,,,,,,,No.,,REAL_PUBLIC_SOURCE,M000431,cpse_material_corpus.csv,430,2026-09-19T00:42:48.205395,1.0
,,iocl.com,Spray Dryer,,,,,,,,,,,,,,,,,,,,,,,,,,,,,,,,no,,REAL_PUBLIC_SOURCE,M000432,cpse_material_corpus.csv,431,2026-09-19T00:42:48.205395,1.0
,,iocl.com,Sprockets / Cylinders / Shafts / wearing strips / Pneumatic tubing / connectors,,,,,,,,,,,,,,,,,,,,,,,,,,,,,,,,Nos.,,REAL_PUBLIC_SOURCE,M000433,cpse_material_corpus.csv,432,2026-09-19T00:42:48.205395,1.0
,,iocl.com,Stability analyzer for residual fuel,,,,,,,,,,,,,,,,,,,,,,,,,,,,,,,,No,,REAL_PUBLIC_SOURCE,M000434,cpse_material_corpus.csv,433,2026-09-19T00:42:48.205395,1.0
,,iocl.com,Station pipes(km),,,Pipe,,,,,,,,,,,,,,,,,,,,,,,,,,,,,Nos.,,REAL_PUBLIC_SOURCE,M000435,cpse_material_corpus.csv,434,2026-09-19T00:42:48.205395,1.0
,,iocl.com,Steam Engine Spares,,,,,,,,,,,,,,,,,,,,,,,,,,,,,,,,Lot,,REAL_PUBLIC_SOURCE,M000436,cpse_material_corpus.csv,435,2026-09-19T00:42:48.205395,1.0
,,iocl.com,Steam Turbine,,,,,,,,,,,,,,,,,,,,,,,,,,,,,,,,Nos.,,REAL_PUBLIC_SOURCE,M000437,cpse_material_corpus.csv,436,2026-09-19T00:42:48.205395,1.0
,,iocl.com,"Steam turbine driven (single stream) Air Blower package (412- K-1001)' along with accessories, auxiliaries, control panel(s), all instrumentation and controls, mandatory spares, commissioning spares and special tools & tackles",,,,,,,,,,,,,,,,,,,,,,,,,,,,,,,,Nos.,,REAL_PUBLIC_SOURCE,M000438,cpse_material_corpus.csv,437,2026-09-19T00:42:48.205395,1.0
,,iocl.com,"Steam turbine driven (single stream) Air Blower package (412-K-1001)' along with accessories, auxiliaries, control panel(s), all instrumentation and controls, mandatory spares, commissioning spares and special tools & tackles",,,,,,,,,,,,,,,,,,,,,,,,,,,,,,,,Package,,REAL_PUBLIC_SOURCE,M000439,cpse_material_corpus.csv,438,2026-09-19T00:42:48.205395,1.0
,,iocl.com,Steel Conveyor Belt,,,,,,,,,,,,,,,,,,,,,,,,,,,,,,,,No.,,REAL_PUBLIC_SOURCE,M000440,cpse_material_corpus.csv,439,2026-09-19T00:42:48.205395,1.0
,,iocl.com,Steel Pipe (KM),,,Pipe,,,,,,,,,,,,,,,,,,,,,,,,,,,,,Km,,REAL_PUBLIC_SOURCE,M000441,cpse_material_corpus.csv,440,2026-09-19T00:42:48.205395,1.0
,,iocl.com,Steel Plate (MT),,,,,,,,,,,,,,,,,,,,,,,,,,,,,,,,Nos.,,REAL_PUBLIC_SOURCE,M000442,cpse_material_corpus.csv,441,2026-09-19T00:42:48.205395,1.0
,,iocl.com,Steel Plates,,,,,,,,,,,,,,,,,,,,,,,,,,,,,,,,nan,,REAL_PUBLIC_SOURCE,M000443,cpse_material_corpus.csv,442,2026-09-19T00:42:48.205395,1.0
,,iocl.com,Strainer (Nos),,,,,,,,,,,,,,,,,,,,,,,,,,,,,,,,nan,,REAL_PUBLIC_SOURCE,M000444,cpse_material_corpus.csv,443,2026-09-19T00:42:48.205395,1.0
,,iocl.com,Structural steel for Conv / Misc Works in MT,,,,,,,,,,,,,,,,,,,,,,,,,,,,,,,,Nos.,,REAL_PUBLIC_SOURCE,M000445,cpse_material_corpus.csv,444,2026-09-19T00:42:48.205395,1.0
,,iocl.com,Styrene Purification Unit to convert,,,,,,,,,,,,,,,,,,,,,,,,,,,,,,,,No,,REAL_PUBLIC_SOURCE,M000446,cpse_material_corpus.csv,445,2026-09-19T00:42:48.205395,1.0
,,iocl.com,Subsea Hoses for Paradip SPM-I,,,,,,,,,,,,,,,,,,,,,,,,,,,,,,,,No,,REAL_PUBLIC_SOURCE,M000447,cpse_material_corpus.csv,446,2026-09-19T00:42:48.205395,1.0
,,iocl.com,Sulfur/ Chloride,,,,,,,,,,,,,,,,,,,,,,,,,,,,,,,,Lot,,REAL_PUBLIC_SOURCE,M000448,cpse_material_corpus.csv,447,2026-09-19T00:42:48.205395,1.0
,,iocl.com,Sulphur Pastillator And Handling System,,,,,,,,,,,,,,,,,,,,,,,,,,,,,,,,Package,,REAL_PUBLIC_SOURCE,M000449,cpse_material_corpus.csv,448,2026-09-19T00:42:48.205395,1.0
,,iocl.com,"Supply of Basic Design and Engineering Package (BDEP), Catalyst(s), Proprietary items and assistance services for quality Revamp of BS-VI FCC GDS at Gujarat Refinery",,,,,,,,,,,,,,,,,,,,,,,,,,,,,,,,Lot,,REAL_PUBLIC_SOURCE,M000450,cpse_material_corpus.csv,449,2026-09-19T00:42:48.205395,1.0
,,iocl.com,"Supply of License, Basic Engineering Design Package, Catalyst(s), Proprietary Items (if any) and Other Services for Cracked LPG (CR LPG) Treater Unit at Panipat Refinery",,,,,,,,,,,,,,,,,,,,,,,,,,,,,,,,Package,,REAL_PUBLIC_SOURCE,M000451,cpse_material_corpus.csv,450,2026-09-19T00:42:48.205395,1.0
,,iocl.com,"Supply of License, Basic Engineering and Design package and equipment and services",,,,,,,,,,,,,,,,,,,,,,,,,,,,,,,,Lot,,REAL_PUBLIC_SOURCE,M000452,cpse_material_corpus.csv,451,2026-09-19T00:42:48.205395,1.0
,,iocl.com,"Supply of “License Know How, Basic Design Engineering Package (BDEP) and assistive services for Maleic Anhydride (MAH) based Butane Diol- Tetrahydrofuran (BDO-THF) unit at Panipat Refinery & Petrochemical Complex, Panipat”",,,,,,,,,,,,,,,,,,,,,,,,,,,,,,,,Package,,REAL_PUBLIC_SOURCE,M000453,cpse_material_corpus.csv,452,2026-09-19T00:42:48.205395,1.0
,,iocl.com,Swing check valve (Nos),,,Valve,,,,,,,,,,,,,,,,,,,,,,,,,,,,,Nos.,,REAL_PUBLIC_SOURCE,M000454,cpse_material_corpus.csv,453,2026-09-19T00:42:48.205395,1.0
,,iocl.com,"Synthetic base oil Poly alfa olefin 100 CST, PAO 100(ST 55580)",,,,,,,,,,,,,,,,,,,,,,,,,,,,,,,,MT,,REAL_PUBLIC_SOURCE,M000455,cpse_material_corpus.csv,454,2026-09-19T00:42:48.205395,1.0
,,iocl.com,"Synthetic base oil Poly alfa olefin 4 CST, PAO 40(ST 55578)",,,,,,,,,,,,,,,,,,,,,,,,,,,,,,,,MT,,REAL_PUBLIC_SOURCE,M000456,cpse_material_corpus.csv,455,2026-09-19T00:42:48.205395,1.0
,,iocl.com,Synthetic base oil Poly alfa olefin 6 CST,,,,,,,,,,,,,,,,,,,,,,,,,,,,,,,,MT,,REAL_PUBLIC_SOURCE,M000457,cpse_material_corpus.csv,456,2026-09-19T00:42:48.205395,1.0
,,iocl.com,T Fuel & U-Fuel for analysis of Cetane number,,,,,,,,,,,,,,,,,,,,,,,,,,,,,,,,Ltr,,REAL_PUBLIC_SOURCE,M000458,cpse_material_corpus.csv,457,2026-09-19T00:42:48.205395,1.0
,,iocl.com,TECS (AMC) of ANSYS CFD software,,,,,,,,,,,,,,,,,,,,,,,,,,,,,,,,nan,,REAL_PUBLIC_SOURCE,M000459,cpse_material_corpus.csv,458,2026-09-19T00:42:48.205395,1.0
,,iocl.com,TGA with GC,,,,,,,,,,,,,,,,,,,,,,,,,,,,,,,,no,,REAL_PUBLIC_SOURCE,M000460,cpse_material_corpus.csv,459,2026-09-19T00:42:48.205395,1.0
,,iocl.com,TLD / TLF Spares,,,,,,,,,,,,,,,,,,,,,,,,,,,,,,,,Nos.,,REAL_PUBLIC_SOURCE,M000461,cpse_material_corpus.csv,460,2026-09-19T00:42:48.205395,1.0
,,iocl.com,TOBV with Electrical Actuator,,,,,,,,,,,,,,,,,,,,,,,,,,,,,,,,EA,,REAL_PUBLIC_SOURCE,M000462,cpse_material_corpus.csv,461,2026-09-19T00:42:48.205395,1.0
,,iocl.com,TOBV with Pneumatic or EH Actuator (ROSOV),,,,,,,,,,,,,,,,,,,,,,,,,,,,,,,,EA,,REAL_PUBLIC_SOURCE,M000463,cpse_material_corpus.csv,462,2026-09-19T00:42:48.205395,1.0
,,iocl.com,"Telecom System (comprising of DC power, Networking system, CCTV system, Telephone system, OFC, HDPE, etc.)(Nos)",,,,,,,,,,,,,,,,,,,,,,,,,,,,,,,,Nos.,,REAL_PUBLIC_SOURCE,M000464,cpse_material_corpus.csv,463,2026-09-19T00:42:48.205395,1.0
,,iocl.com,Tescom regulator spares,,,,,,,,,,,,,,,,,,,,,,,,,,,,,,,,Nos.,,REAL_PUBLIC_SOURCE,M000465,cpse_material_corpus.csv,464,2026-09-19T00:42:48.205395,1.0
,,iocl.com,"Testing for MRS rating, Slow Crack Growth (SCG), Rapid Crack Propagation (RCP), Pigment Dispersion, Weatherability",,,,,,,,,,,,,,,,,,,,,,,,,,,,,,,,No.,,REAL_PUBLIC_SOURCE,M000466,cpse_material_corpus.csv,465,2026-09-19T00:42:48.205395,1.0
,,iocl.com,Thermal conductivity measurement,,,,,,,,,,,,,,,,,,,,,,,,,,,,,,,,nan,,REAL_PUBLIC_SOURCE,M000467,cpse_material_corpus.csv,466,2026-09-19T00:42:48.205395,1.0
,,iocl.com,Three Roll Mill,,,,,,,,,,,,,,,,,,,,,,,,,,,,,,,,lot,,REAL_PUBLIC_SOURCE,M000468,cpse_material_corpus.csv,467,2026-09-19T00:42:48.205395,1.0
,,iocl.com,Transfer Pump (Nos),,,,,,,,,,,,,,,,,,,,,,,,,,,,,,,,nan,,REAL_PUBLIC_SOURCE,M000469,cpse_material_corpus.csv,468,2026-09-19T00:42:48.205395,1.0
,,iocl.com,Transformer(Nos),,,,,,,,,,,,,,,,,,,,,,,,,,,,,,,,Nos.,,REAL_PUBLIC_SOURCE,M000470,cpse_material_corpus.csv,469,2026-09-19T00:42:48.205395,1.0
,,iocl.com,"Transformer, Battery, Switch Gear, Cable, Lamp etc. Spares",,,Cable,,,,,,,,,,,,,,,,,,,,,,,,,,,,,Lot,,REAL_PUBLIC_SOURCE,M000471,cpse_material_corpus.csv,470,2026-09-19T00:42:48.205395,1.0
,,iocl.com,Treater Adsorbent,,,,,,,,,,,,,,,,,,,,,,,,,,,,,,,,Lot,,REAL_PUBLIC_SOURCE,M000472,cpse_material_corpus.csv,471,2026-09-19T00:42:48.205395,1.0
,,iocl.com,Tube rater for JFTOT,,,,,,,,,,,,,,,,,,,,,,,,,,,,,,,,lot,,REAL_PUBLIC_SOURCE,M000473,cpse_material_corpus.csv,472,2026-09-19T00:42:48.205395,1.0
,,iocl.com,Turbine Spares,,,,,,,,,,,,,,,,,,,,,,,,,,,,,,,,Lot,,REAL_PUBLIC_SOURCE,M000474,cpse_material_corpus.csv,473,2026-09-19T00:42:48.205395,1.0
,,iocl.com,Twin Screw extruder with accessories,,,,,,,,,,,,,,,,,,,,,,,,,,,,,,,,No,,REAL_PUBLIC_SOURCE,M000475,cpse_material_corpus.csv,474,2026-09-19T00:42:48.205395,1.0
,,iocl.com,UPLC-MS (with multiple detector),,,,,,,,,,,,,,,,,,,,,,,,,,,,,,,,lot,,REAL_PUBLIC_SOURCE,M000476,cpse_material_corpus.csv,475,2026-09-19T00:42:48.205395,1.0
,,iocl.com,UTM with accessories,,,,,,,,,,,,,,,,,,,,,,,,,,,,,,,,No,,REAL_PUBLIC_SOURCE,M000477,cpse_material_corpus.csv,476,2026-09-19T00:42:48.205395,1.0
,,iocl.com,UV stabilizer 622,,,,,,,,,,,,,,,,,,,,,,,,,,,,,,,,MT,,REAL_PUBLIC_SOURCE,M000478,cpse_material_corpus.csv,477,2026-09-19T00:42:48.205395,1.0
,,iocl.com,UV-Vis-NIR Spectrometer,,,,,,,,,,,,,,,,,,,,,,,,,,,,,,,,lot,,REAL_PUBLIC_SOURCE,M000479,cpse_material_corpus.csv,478,2026-09-19T00:42:48.205395,1.0
,,iocl.com,Ultra Low Temperature Systems,,,,,,,,,,,,,,,,,,,,,,,,,,,,,,,,No,,REAL_PUBLIC_SOURCE,M000480,cpse_material_corpus.csv,479,2026-09-19T00:42:48.205395,1.0
,,iocl.com,Ultrapure water dispenser,,,,,,,,,,,,,,,,,,,,,,,,,,,,,,,,nan,,REAL_PUBLIC_SOURCE,M000481,cpse_material_corpus.csv,480,2026-09-19T00:42:48.205395,1.0
,,iocl.com,Universal Testing Machine (UTM),,,,,,,,,,,,,,,,,,,,,,,,,,,,,,,,nan,,REAL_PUBLIC_SOURCE,M000482,cpse_material_corpus.csv,481,2026-09-19T00:42:48.205395,1.0
,,iocl.com,Up-gradation of Jeol NMR or New NMR,,,,,,,,,,,,,,,,,,,,,,,,,,,,,,,,lot,,REAL_PUBLIC_SOURCE,M000483,cpse_material_corpus.csv,482,2026-09-19T00:42:48.205395,1.0
,,iocl.com,Up-gradation of NMR 500 MHz FT NMR,,,,,,,,,,,,,,,,,,,,,,,,,,,,,,,,No,,REAL_PUBLIC_SOURCE,M000484,cpse_material_corpus.csv,483,2026-09-19T00:42:48.205395,1.0
,,iocl.com,VALVES of all types(Nos),,,Valve,,,,,,,,,,,,,,,,,,,,,,,,,,,,,Nos.,,REAL_PUBLIC_SOURCE,M000485,cpse_material_corpus.csv,484,2026-09-19T00:42:48.205395,1.0
,,iocl.com,VFD (Nos),,,,,,,,,,,,,,,,,,,,,,,,,,,,,,,,Nos.,,REAL_PUBLIC_SOURCE,M000486,cpse_material_corpus.csv,485,2026-09-19T00:42:48.205395,1.0
,,iocl.com,Vacuum Oven,,,,,,,,,,,,,,,,,,,,,,,,,,,,,,,,nan,,REAL_PUBLIC_SOURCE,M000487,cpse_material_corpus.csv,486,2026-09-19T00:42:48.205395,1.0
,,iocl.com,Vacuum Ovens,,,,,,,,,,,,,,,,,,,,,,,,,,,,,,,,nan,,REAL_PUBLIC_SOURCE,M000488,cpse_material_corpus.csv,487,2026-09-19T00:42:48.205395,1.0
,,iocl.com,Vacuum oven,,,,,,,,,,,,,,,,,,,,,,,,,,,,,,,,Nos,,REAL_PUBLIC_SOURCE,M000489,cpse_material_corpus.csv,488,2026-09-19T00:42:48.205395,1.0
,,iocl.com,Vacuum pump,,,,,,,,,,,,,,,,,,,,,,,,,,,,,,,,No,,REAL_PUBLIC_SOURCE,M000490,cpse_material_corpus.csv,489,2026-09-19T00:42:48.205395,1.0
,,iocl.com,Vadinar SPM Replacement project 1. Buoy & accessaries 2. Concrete Coated Pipe,,,Pipe,,,,,,,,,,,,,,,,,,,,,,,,,,,,,Nos.,,REAL_PUBLIC_SOURCE,M000491,cpse_material_corpus.csv,490,2026-09-19T00:42:48.205395,1.0
,,iocl.com,Valve change without Evacuation Machine,,,Valve,,,,,,,,,,,,,,,,,,,,,,,,,,,,,Nos.,,REAL_PUBLIC_SOURCE,M000492,cpse_material_corpus.csv,491,2026-09-19T00:42:48.205395,1.0
,,iocl.com,Valves / Flanges / Gaskets / Spares in Nos,,,Valve,,,,,,,,,,,,,,,,,,,,,,,,,,,,,Nos.,,REAL_PUBLIC_SOURCE,M000493,cpse_material_corpus.csv,492,2026-09-19T00:42:48.205395,1.0
,,iocl.com,Vapor pressure analyzer for LPG,,,,,,,,,,,,,,,,,,,,,,,,,,,,,,,,nan,,REAL_PUBLIC_SOURCE,M000494,cpse_material_corpus.csv,493,2026-09-19T00:42:48.205395,1.0
,,iocl.com,Venturi type Steam Trap,,,,,,,,,,,,,,,,,,,,,,,,,,,,,,,,Nos,,REAL_PUBLIC_SOURCE,M000495,cpse_material_corpus.csv,494,2026-09-19T00:42:48.205395,1.0
,,iocl.com,Vessels/Drums/Tanks,,,,,,,,,,,,,,,,,,,,,,,,,,,,,,,,Nos.,,REAL_PUBLIC_SOURCE,M000496,cpse_material_corpus.csv,495,2026-09-19T00:42:48.205395,1.0
,,iocl.com,Vibration Monitoring System,,,,,,,,,,,,,,,,,,,,,,,,,,,,,,,,Nos.,,REAL_PUBLIC_SOURCE,M000497,cpse_material_corpus.csv,496,2026-09-19T00:42:48.205395,1.0
,,iocl.com,Viscometer-SVM,,,,,,,,,,,,,,,,,,,,,,,,,,,,,,,,nan,,REAL_PUBLIC_SOURCE,M000498,cpse_material_corpus.csv,497,2026-09-19T00:42:48.205395,1.0
,,iocl.com,WSIM analyzer,,,,,,,,,,,,,,,,,,,,,,,,,,,,,,,,nan,,REAL_PUBLIC_SOURCE,M000499,cpse_material_corpus.csv,498,2026-09-19T00:42:48.205395,1.0
,,iocl.com,Waste Plastic pyrolysis unit,,,,,,,,,,,,,,,,,,,,,,,,,,,,,,,,No,,REAL_PUBLIC_SOURCE,M000500,cpse_material_corpus.csv,499,2026-09-19T00:42:48.205395,1.0
,,iocl.com,"Water Quality Analyzers like COD, BOD, Turbidity, TOC",,,,,,,,,,,,,,,,,,,,,,,,,,,,,,,,Nos.,,REAL_PUBLIC_SOURCE,M000501,cpse_material_corpus.csv,500,2026-09-19T00:42:48.205395,1.0
,,iocl.com,Weighing balance (2 No. through GEM),,,,,,,,,,,,,,,,,,,,,,,,,,,,,,,,nan,,REAL_PUBLIC_SOURCE,M000502,cpse_material_corpus.csv,501,2026-09-19T00:42:48.205395,1.0
,,iocl.com,ZN-180M (Avant CATALYST) or equivalent,,,,,,,,,,,,,,,,,,,,,,,,,,,,,,,,Kg,,REAL_PUBLIC_SOURCE,M000503,cpse_material_corpus.csv,502,2026-09-19T00:42:48.205395,1.0
,,iocl.com,ZSM-5 catalyst,,,,,,,,,,,,,,,,,,,,,,,,,,,,,,,,MT,,REAL_PUBLIC_SOURCE,M000504,cpse_material_corpus.csv,503,2026-09-19T00:42:48.205395,1.0
,,iocl.com,hydraulic press,,,,,,,,,,,,,,,,,,,,,,,,,,,,,,,,nan,,REAL_PUBLIC_SOURCE,M000505,cpse_material_corpus.csv,504,2026-09-19T00:42:48.205395,1.0
,,iocl.com,pH meter,,,,,,,,,,,,,,,,,,,,,,,,,,,,,,,,Nos,,REAL_PUBLIC_SOURCE,M000506,cpse_material_corpus.csv,505,2026-09-19T00:42:48.205395,1.0
,,iocl.com,pipe fitting(Nos),,,Pipe,,,,,,,,,,,,,,,,,,,,,,,,,,,,,Nos.,,REAL_PUBLIC_SOURCE,M000507,cpse_material_corpus.csv,506,2026-09-19T00:42:48.205395,1.0
,,iocl.com,sump pump and tank (Nos),,,,,,,,,,,,,,,,,,,,,,,,,,,,,,,,Nos.,,REAL_PUBLIC_SOURCE,M000508,cpse_material_corpus.csv,507,2026-09-19T00:42:48.205395,1.0
,,iocletenders.nic.in,1st Perpetual WSA WA Empanelment,,,,,,,,,,,,,,,,,,,,,,,,,,,,,,,,nan,,REAL_PUBLIC_SOURCE,M000509,cpse_material_corpus.csv,508,2026-09-19T00:42:48.205395,1.0
,,iocletenders.nic.in,1st Perpetual WSA WL Empanelment,,,,,,,,,,,,,,,,,,,,,,,,,,,,,,,,nan,,REAL_PUBLIC_SOURCE,M000510,cpse_material_corpus.csv,509,2026-09-19T00:42:48.205395,1.0
,,iocletenders.nic.in,9000C26A88 Outline agreement towards consultancy services for Phase 1 and Phase 2 for upcoming IOCL projects,,,,,,,,,,,,,,,,,,,,,,,,,,,,,,,,nan,,REAL_PUBLIC_SOURCE,M000511,cpse_material_corpus.csv,510,2026-09-19T00:42:48.205395,1.0
,,iocletenders.nic.in,9030C26D22- Earthing jobs at Gujarat Refinery,,,,,,,,,,,,,,,,,,,,,,,,,,,,,,,,nan,,REAL_PUBLIC_SOURCE,M000512,cpse_material_corpus.csv,511,2026-09-19T00:42:48.205395,1.0
,,iocletenders.nic.in,9030C26D23 Rectification of jacket fuel naphtha portion of HGU-3 Reformer burner fuel Naphtha network,,,,,,,,,,,,,,,,,,,,,,,,,,,,,,,,nan,,REAL_PUBLIC_SOURCE,M000513,cpse_material_corpus.csv,512,2026-09-19T00:42:48.205395,1.0
,,iocletenders.nic.in,9030C26D27- Civil and electrical works involves in relocation of the emergency control centre room of Gujarat Refinery,,,,,,,,,,,,,,,,,,,,,,,,,,,,,,,,nan,,REAL_PUBLIC_SOURCE,M000514,cpse_material_corpus.csv,513,2026-09-19T00:42:48.205395,1.0
,,iocletenders.nic.in,"9030C26D45 Supply of Cooling Water Treatment Chemicals, along with treatment, monitoring, and operation of the Cooling Tower, and operation of Fire Water Pump House at the Oxo Acrylate Complex ,Dumad, Gujarat Refinery, Vadodara",,,,,,,,,,,,,,,,,,,,,,,,,,,,,,,,nan,,REAL_PUBLIC_SOURCE,M000515,cpse_material_corpus.csv,514,2026-09-19T00:42:48.205395,1.0
,,iocletenders.nic.in,9030C26D55 Providing and fixing various types of safety informatory signage and name boards at Gujarat Refinery township Vadodara IOCL,,,,,,,,,,,,,,,,,,,,,,,,,,,,,,,,nan,,REAL_PUBLIC_SOURCE,M000516,cpse_material_corpus.csv,515,2026-09-19T00:42:48.205395,1.0
,,iocletenders.nic.in,ARC FOR REPAIR AND MAINTENANCE OF FIRE PROOFING JOBS AT IOCL-DIGBOI REFINERY,,,,,,,,,,,,,,,,,,,,,,,,,,,,,,,,nan,,REAL_PUBLIC_SOURCE,M000517,cpse_material_corpus.csv,516,2026-09-19T00:42:48.205395,1.0
,,iocletenders.nic.in,"ARC for Repair and Maintenance of cold Insulation in various units of PNC, Panipat",,,,,,,,,,,,,,,,,,,,,,,,,,,,,,,,nan,,REAL_PUBLIC_SOURCE,M000518,cpse_material_corpus.csv,517,2026-09-19T00:42:48.205395,1.0
,,iocletenders.nic.in,"Annual Maintenance Contract (AMC) of Automatic Sliding Glass Doors at Administrative Building, NRPL HQ, Panipat",,,,,,,,,,,,,,,,,,,,,,,,,,,,,,,,nan,,REAL_PUBLIC_SOURCE,M000519,cpse_material_corpus.csv,518,2026-09-19T00:42:48.205395,1.0
,,iocletenders.nic.in,Annual Rate Contract for Facility Management Services at Pipelines Kaushal Vikas Kendra Budhpur Rewari,,,Pipe,,,,,,,,,,,,,,,,,,,,,,,,,,,,,nan,,REAL_PUBLIC_SOURCE,M000520,cpse_material_corpus.csv,519,2026-09-19T00:42:48.205395,1.0
,,iocletenders.nic.in,Annual Rate contract for Repair and Maintenance of Civil work at Paradip Refinery Township Paradip Odisha,,,,,,,,,,,,,,,,,,,,,,,,,,,,,,,,nan,,REAL_PUBLIC_SOURCE,M000521,cpse_material_corpus.csv,520,2026-09-19T00:42:48.205395,1.0
,,iocletenders.nic.in,Appointment of 3rd party for outsourcing of manufacturing and marketing of IOC CLEARBLUE for the State of Madhya Pradesh under NFR model under brand of IOC Clearblue,,,,,,,,,,,,,,,,,,,,,,,,,,,,,,,,nan,,REAL_PUBLIC_SOURCE,M000522,cpse_material_corpus.csv,521,2026-09-19T00:42:48.205395,1.0
,,iocletenders.nic.in,Balance Left Over Civil and Electrical Works for Development of New Conference Hall at IOCL Office Core2 Scope Complex New Delhi,,,,,,,,,,,,,,,,,,,,,,,,,,,,,,,,nan,,REAL_PUBLIC_SOURCE,M000523,cpse_material_corpus.csv,522,2026-09-19T00:42:48.205395,1.0
,,iocletenders.nic.in,"Balance civil works of GIS 300 extension building under BSVI project at IOCL Paradip Refinery, Odisha",,,,,,,,,,,,,,,,,,,,,,,,,,,,,,,,nan,,REAL_PUBLIC_SOURCE,M000524,cpse_material_corpus.csv,523,2026-09-19T00:42:48.205395,1.0
,,iocletenders.nic.in,COMPOSITE WORKS COMPRISING MECHANICAL PIPING STRUCTURAL AND CIVIL FOUNDATION WORKS IN PRE SHUTDOWN AND SHUTDOWN PHASES ALONG WITH MANPOWER ASSISTANCE FOR PRE COMMISSIONING AND COMMISSIONING ACTIVITIES FOR DR 1 EXPANSION PROJECT AT DIGBOI REFINERY,,,,,,,,,,,,,,,,,,,,,,,,,,,,,,,,nan,,REAL_PUBLIC_SOURCE,M000525,cpse_material_corpus.csv,524,2026-09-19T00:42:48.205395,1.0
,,iocletenders.nic.in,"CONSTRUCTION OF 1 Nos 16 M dia x 15 M HT ATF CR TANK 1 Nos 12M dia x15M HT SKO CR TANK WITH ASSOCIATEDIATED FACILITIES INCLUDING PIPELINE WORKS AND EXISTING 2 NO OF SKO TO ATF CONVERSION WORKS IN PETROLEUM STORAGE TERMINAL DEPOT ,DOIMUKH-ARUNACHAL",,,Pipe,,,,,,,,,,,,,,,,,,,,,,,,,,,,,nan,,REAL_PUBLIC_SOURCE,M000526,cpse_material_corpus.csv,525,2026-09-19T00:42:48.205395,1.0
,,iocletenders.nic.in,CONSTRUCTION OF NEW A SITE RETAIL OUTLET Between KM stone no 1 and KM Stone no 3 on Thandla Kushalgadh State Highway on Right hand side While going to Kushalgarh from Thandla UNDER INDORE DIVISIONAL OFFICE OF MADHYA PRADESH STATE,,,,,,,,,,,,,,,,,,,,,,,,,,,,,,,,nan,,REAL_PUBLIC_SOURCE,M000527,cpse_material_corpus.csv,526,2026-09-19T00:42:48.205395,1.0
,,iocletenders.nic.in,CONSTRUCTION OF NEW A SITE RO AT LOCATION WITHIN 8 KM FROM RAIKERA CHOWK BAGICHA TOWARDS JASHPUR ON SH 17 BAGICHA RAIKERA KUNKURI ROAD UNDER AMBIKAPUR EAST RSA DISTT JASHPUR Location Sr No 204 SRMP 2023 UNDER RAIPUR DIVISIONAL OFFICE,,,,,,,,,,,,,,,,,,,,,,,,,,,,,,,,nan,,REAL_PUBLIC_SOURCE,M000528,cpse_material_corpus.csv,527,2026-09-19T00:42:48.205395,1.0
,,iocletenders.nic.in,"CONSTRUCTION OF NEW BULK PETROLEUM INSTALLATION INVOLVING PIPELINE WORKS, TANK _ DU INSTALLATION, ELECTRICAL WORKS AND ASSOCIATED ALLIED CIVIL_STRUCTURAL WORKS AT ARMY UNIT - KM-120 CHONGTASH, LADAKH UNDER PUNJAB STATE OFFICE",,,Pipe,,,,,,,,,,,,,,,,,,,,,,,,,,,,,nan,,REAL_PUBLIC_SOURCE,M000529,cpse_material_corpus.csv,528,2026-09-19T00:42:48.205395,1.0
,,iocletenders.nic.in,"Capex Rate Contract Category- I Rs. 0 to 3.00 Lacs for carrying out maintenance and low value capital jobs of mechanical, civil and electrical nature at Retail Outlets including KSKs and Consumer Outlets under Bangalore, Belgaum, Mangalore,",,,,,,,,,,,,,,,,,,,,,,,,,,,,,,,,nan,,REAL_PUBLIC_SOURCE,M000530,cpse_material_corpus.csv,529,2026-09-19T00:42:48.205395,1.0
,,iocletenders.nic.in,Carrying out Various Civil Mechanical Pipeline Painting Safety and Allied Works at Ennore LPG Bottling Plant Ennore Chennai,,,Pipe,,,,,,,,,,,,,,,,,,,,,,,,,,,,,nan,,REAL_PUBLIC_SOURCE,M000531,cpse_material_corpus.csv,530,2026-09-19T00:42:48.205395,1.0
,,iocletenders.nic.in,Carrying out re-routing of existing 10.75 inch OD pipe section of Paradip Raipur Ranchi Pipeline PRRPL by Horizontal Directional Drilling HDD method at ch. 116 KM Saraipalli Korba section in Chhattisgarh,,,Pipe,,,,75INCH,,,,,,,,,,,,,,,,,,,,,,,,,nan,,REAL_PUBLIC_SOURCE,M000532,cpse_material_corpus.csv,531,2026-09-19T00:42:48.205395,1.0
,,iocletenders.nic.in,Civil and Electrical works for GRSPF DCS control room extension and comprehensive facelift at Gujarat Refinery,,,,,,,,,,,,,,,,,,,,,,,,,,,,,,,,nan,,REAL_PUBLIC_SOURCE,M000533,cpse_material_corpus.csv,532,2026-09-19T00:42:48.205395,1.0
,,iocletenders.nic.in,Cleaning and removal of debris/earth underneath pipe racks in Haldia Refinery,,,Pipe,,,,,,,,,,,,,,,,,,,,,,,,,,,,,nan,,REAL_PUBLIC_SOURCE,M000534,cpse_material_corpus.csv,533,2026-09-19T00:42:48.205395,1.0
,,iocletenders.nic.in,Combined Station Works for installation and commissioning of HT panel at NRPL Ambala,,,,,,,,,,,,,,,,,,,,,,,,,,,,,,,,nan,,REAL_PUBLIC_SOURCE,M000535,cpse_material_corpus.csv,534,2026-09-19T00:42:48.205395,1.0
,,iocletenders.nic.in,"Construction of Foam Trolley Bank(s) with provision for Gravity Feeding of Foam to Connected HVLRs at Ambabai, Jhansi Depot, District Jhansi, Uttar Pradesh, under UPSO-I",,,,,,,,,,,,,,,,,,,,,,,,,,,,,,,,nan,,REAL_PUBLIC_SOURCE,M000536,cpse_material_corpus.csv,535,2026-09-19T00:42:48.205395,1.0
,,iocletenders.nic.in,Construction of Foam Trolley Banks with provision for Gravity Feeding of Foam to Connected HVLRs Amausi Lucknow Terminal District Lucknow Uttar Pradesh under UPSOI,,,,,,,,,,,,,,,,,,,,,,,,,,,,,,,,nan,,REAL_PUBLIC_SOURCE,M000537,cpse_material_corpus.csv,536,2026-09-19T00:42:48.205395,1.0
,,iocletenders.nic.in,"Construction of Foam Trolley Banks with provision for Gravity Feeding of Foam to Connected HVLRs at Baitalpur, Baitalpur Depot, District Devoria, Uttar Pradesh, under UPSO-I",,,,,,,,,,,,,,,,,,,,,,,,,,,,,,,,nan,,REAL_PUBLIC_SOURCE,M000538,cpse_material_corpus.csv,537,2026-09-19T00:42:48.205395,1.0
,,iocletenders.nic.in,"Construction of New A Site KSK at Sy.No.7/1 Of Chikkahandigola Village, Gadag Taluk, Gadag District, Karnataka State Under Belgaum Divisional Office of Karnataka State Office",,,,,,,,,,,,,,,,,,,,,,,,,,,,,,,,nan,,REAL_PUBLIC_SOURCE,M000539,cpse_material_corpus.csv,538,2026-09-19T00:42:48.205395,1.0
,,iocletenders.nic.in,Construction of Non Plant Buildings Sheds and allied facilities/works including associated works at Marketing Terminal Jhapa Nepal,,,,,,,,,,,,,,,,,,,,,,,,,,,,,,,,nan,,REAL_PUBLIC_SOURCE,M000540,cpse_material_corpus.csv,539,2026-09-19T00:42:48.205395,1.0
,,iocletenders.nic.in,"Construction of Roads, drains and culverts at LPG BP, Mualkhang",,,,,,,,,,,,,,,,,,,,,,,,,,,,,,,,nan,,REAL_PUBLIC_SOURCE,M000541,cpse_material_corpus.csv,540,2026-09-19T00:42:48.205395,1.0
,,iocletenders.nic.in,Construction of new A Site RO with facilities like Sales Building Canopy Paver block driveway and other allied civil and electrical works at location From Kayamkulam Police Station to Chettikulangara Bhagavathi Temple on SH Alappuzha under Cochin DO,,,,,,,,,,,,,,,,,,,,,,,,,,,,,,,,nan,,REAL_PUBLIC_SOURCE,M000542,cpse_material_corpus.csv,541,2026-09-19T00:42:48.205395,1.0
,,iocletenders.nic.in,"Construction of new A Site Retail Outlet with facilities at location Within 6 Kms from Parappanangadi Railway Overbridge towards Tirurangadi on SH 65, Malappuram under Kozhikode DO, Kerala",,,,,,,,,,,,,,,,,,,,,,,,,,,,,,,,nan,,REAL_PUBLIC_SOURCE,M000543,cpse_material_corpus.csv,542,2026-09-19T00:42:48.205395,1.0
,,iocletenders.nic.in,"Construction of new A Site Retail Outlet with facilities like Sales Building, Canopy, Paver block driveway and other allied civil and electrical works at location Between Adoor High School Jn. and Pazhakulam on State Highway 5, District, Pathanamthit",,,,,,,,,,,,,,,,,,,,,,,,,,,,,,,,nan,,REAL_PUBLIC_SOURCE,M000544,cpse_material_corpus.csv,543,2026-09-19T00:42:48.205395,1.0
,,iocletenders.nic.in,"Construction of new A Site Retail Outlet with facilities like Sales Building, Canopy, Paver block driveway and other allied civil and electrical works at location From Kulathur Junction to Calicut Airport within Kondotty Municipal Limits, KESO",,,,,,,,,,,,,,,,,,,,,,,,,,,,,,,,nan,,REAL_PUBLIC_SOURCE,M000545,cpse_material_corpus.csv,544,2026-09-19T00:42:48.205395,1.0
,,iocletenders.nic.in,Construction of new A site Retail Outlet Bekal,,,,,,,,,,,,,,,,,,,,,,,,,,,,,,,,nan,,REAL_PUBLIC_SOURCE,M000546,cpse_material_corpus.csv,545,2026-09-19T00:42:48.205395,1.0
,,iocletenders.nic.in,Construction of new A site Retail Outlet Purathur,,,,,,,,,,,,,,,,,,,,,,,,,,,,,,,,nan,,REAL_PUBLIC_SOURCE,M000547,cpse_material_corpus.csv,546,2026-09-19T00:42:48.205395,1.0
,,iocletenders.nic.in,"Construction of new A site Retail Outlet with facilities like Sales Building, Canopy, Paver block driveway and other allied civil, electrical works at location Kalpetta Town on Bypass Road, District Wayanad under Kozhikode Div Office, Kerala SO",,,,,,,,,,,,,,,,,,,,,,,,,,,,,,,,nan,,REAL_PUBLIC_SOURCE,M000548,cpse_material_corpus.csv,547,2026-09-19T00:42:48.205395,1.0
,,iocletenders.nic.in,"DEVELOPMENT OF NEW A-SITE RO AT LOCATION BETWEEN KM STONE NO. 146 AND 152 ON NH-509, CHHERAT DIST- ALIGARH UNDER MORADABAD DO, UPSO-II STATE OFFICE",,,,,,,,,,,,,,,,,,,,,,,,,,,,,,,,nan,,REAL_PUBLIC_SOURCE,M000549,cpse_material_corpus.csv,548,2026-09-19T00:42:48.205395,1.0
,,iocletenders.nic.in,DRE226B059 REWINDING OF L.T. MOTORS OF DIGBOI REFINERY AT VENDORS WORKS,,,,,,,,,,,,,,,,,,,,,,,,,,,,,,,,nan,,REAL_PUBLIC_SOURCE,M000550,cpse_material_corpus.csv,549,2026-09-19T00:42:48.205395,1.0
,,iocletenders.nic.in,DRE226B075 Rubber lining and FRP jobs in DM Plant Acid Storage units and Other requirement units In DR,,,,,,,,,,,,,,,,,,,,,,,,,,,,,,,,nan,,REAL_PUBLIC_SOURCE,M000551,cpse_material_corpus.csv,550,2026-09-19T00:42:48.205395,1.0
,,iocletenders.nic.in,"DRE226B076 Annual rate contract for Servicing and overhauling of Transformers at AOD Refinery, Digboi and IOCL DR Township",,,,,,,,,,,,,,,,,,,,,,,,,,,,,,,,nan,,REAL_PUBLIC_SOURCE,M000552,cpse_material_corpus.csv,551,2026-09-19T00:42:48.205395,1.0
,,iocletenders.nic.in,"Design, Development and Fabrication of Advanced Surya Nutan PCB Controller",,,Bolt,,,,,,,,,,,,,,,,,,,,,,,,,,,,,nan,,REAL_PUBLIC_SOURCE,M000553,cpse_material_corpus.csv,552,2026-09-19T00:42:48.205395,1.0
,,iocletenders.nic.in,"Design, Engineering, Supply, Boring, Installation, Testing and commissioning of Deep Tube Well (5 nos.) by DTH method along with 01 No. Iron removal filter plant (40000 LPH) for providing reliable groundwater-based water supply system",,,Pipe,,,,,,,,,,,,,,,,,,,,,,,,,,,,,nan,,REAL_PUBLIC_SOURCE,M000554,cpse_material_corpus.csv,553,2026-09-19T00:42:48.205395,1.0
,,iocletenders.nic.in,"Design, Engineering, Supply, Installation, Testing and Commissioning of Fire alarm detection system along with Additional Instrumentation for HRPL locations",,,,,,,,,,,,,,,,,,,,,,,,,,,,,,,,nan,,REAL_PUBLIC_SOURCE,M000555,cpse_material_corpus.csv,554,2026-09-19T00:42:48.205395,1.0
,,iocletenders.nic.in,"Design, Supply, Installation, Customization, Calibration, Testing and Commissioning of Optical Fiber based Pipeline Intrusion Detection and Warning System (PIDWS) in Koyali Ahmednagar Solapur Pipeline (KASPL) and Kot-Jodhpur Pipeline with 5 years AMC",,,Pipe,,,,,,,,,,,,,,,,,,,,,,,,,,,,,nan,,REAL_PUBLIC_SOURCE,M000556,cpse_material_corpus.csv,555,2026-09-19T00:42:48.205395,1.0
,,iocletenders.nic.in,"Design, fabrication, supply and erection of Geodesic Aluminum Dome Roof for conversion of existing 01 No. External Floating Roof (EFR) Tank (6100 KL Capacity, 24 M Dia X 15 M Ht.) into Internal Floating Roof (IFR) Tank at Barauni Marketing Terminal",,,,,,,,,,,,,,,,,,,,,,,,,,,,,,,,nan,,REAL_PUBLIC_SOURCE,M000557,cpse_material_corpus.csv,556,2026-09-19T00:42:48.205395,1.0
,,iocletenders.nic.in,"Design, supply, installation, testing and commissioning of IP Based CCTV Surveillance System along with associated works at Jodhpur Terminal Under Rajasthan State Office",,,,,,,,,,,,,,,,,,,,,,,,,,,,,,,,nan,,REAL_PUBLIC_SOURCE,M000558,cpse_material_corpus.csv,557,2026-09-19T00:42:48.205395,1.0
,,iocletenders.nic.in,"Design, supply, installation, testing of Hydrocarbon vapours detection system at Ahmedabad T Bareja for conversion of one no. of tank into Ethanol under GSO",,,,,,,,,,,,,,,,,,,,,,,,,,,,,,,,nan,,REAL_PUBLIC_SOURCE,M000559,cpse_material_corpus.csv,558,2026-09-19T00:42:48.205395,1.0
,,iocletenders.nic.in,Development and Implementation of Rigorous Optimiser for Heater Downstream Section using Hybrid Models (First Principle plus Artificial Intelligence (AI) / Machine Learning (ML)) in Naphtha Cracker Unit of Panipat Naphtha Cracker,,,,,,,,,,,,,,,,,,,,,,,,,,,,,,,,nan,,REAL_PUBLIC_SOURCE,M000560,cpse_material_corpus.csv,559,2026-09-19T00:42:48.205395,1.0
,,iocletenders.nic.in,"Development of New A Site RO at Within 2 KM from Ajanta Tourist Hotel, Balapur towards Sillod on Left Hand Side of NH753F (Ajanta-Sillod Stretch) Village-Balapur, Taluka-Sillod, Dist. Chhatrapati Sambhajinagar under Aurangabad Divisional Office",,,,,,,,,,,,,,,,,,,,,,,,,,,,,,,,nan,,REAL_PUBLIC_SOURCE,M000561,cpse_material_corpus.csv,560,2026-09-19T00:42:48.205395,1.0
,,iocletenders.nic.in,"Development of New WSA Sitapur site with facilities like Sales Building, Canopy, Paver block driveway and other allied civil and electrical works at location NH-24_474_131_RHS_Sitapur_UP District- Lucknow, under Lucknow DO UPSO-I",,,,,,,,,,,,,,,,,,,,,,,,,,,,,,,,nan,,REAL_PUBLIC_SOURCE,M000562,cpse_material_corpus.csv,561,2026-09-19T00:42:48.205395,1.0
,,iocletenders.nic.in,"Development of new A site Retail Outlet between KM Stone 10 and KM Stone 13 on RHS of NH-06 (New)/NH-40(Old) while moving from Jorabat towards Byrnihat, District -Ribhoi, State- Meghalaya under Guwahati Divisional Office",,,,,,,,,,,,,,,,,,,,,,,,,,,,,,,,nan,,REAL_PUBLIC_SOURCE,M000563,cpse_material_corpus.csv,562,2026-09-19T00:42:48.205395,1.0
,,iocletenders.nic.in,Disposal of 300 MT Polymer Scrap from PDPMC /PP Unit Paradip,,,,,,,,,,,,,,,,,,,,,,,,,,,,,,,,nan,,REAL_PUBLIC_SOURCE,M000564,cpse_material_corpus.csv,563,2026-09-19T00:42:48.205395,1.0
,,iocletenders.nic.in,ELECTRICAL WORKS FOR OPERATION OF UPCOMING ATF FACILITIES AT BPI 1 AND BPI 2 DIST LEH LADAKH,,,,,,,,,,,,,,,,,,,,,,,,,,,,,,,,nan,,REAL_PUBLIC_SOURCE,M000565,cpse_material_corpus.csv,564,2026-09-19T00:42:48.205395,1.0
,,iocletenders.nic.in,"EMPANELMENT OF SHIPPING COMPANIES/ LINER/ AGENT AS FREIGHT FORWARDER FOR EXPORTING LUBE/GREASE IN SMALLS, PACKS, BARRELS/LOBS(BULK) IN FLEXI TANKS IN ISO CONTAINERS BY SEA SHIPMENTS FROM LBP, CHENNAI FOR THREE YEARS",,,,,,,,,,,,,,,,,,,,,,,,,,,,,,,,nan,,REAL_PUBLIC_SOURCE,M000566,cpse_material_corpus.csv,565,2026-09-19T00:42:48.205395,1.0
,,iocletenders.nic.in,EOI for Road Transportation of Bulk Petroleum Products MS/ HSD/ Branded Fuels by Top Loading Tank Trucks For Dealers/Consumers Ex- Panipat Terminal,,,,,,,,,,,,,,,,,,,,,,,,,,,,,,,,nan,,REAL_PUBLIC_SOURCE,M000567,cpse_material_corpus.csv,566,2026-09-19T00:42:48.205395,1.0
,,iocletenders.nic.in,EOI for transport tender ex JNPT Complex,,,,,,,,,,,,,,,,,,,,,,,,,,,,,,,,nan,,REAL_PUBLIC_SOURCE,M000568,cpse_material_corpus.csv,567,2026-09-19T00:42:48.205395,1.0
,,iocletenders.nic.in,"Empanelment of System Integrators for Development, Deployment, Migration and Enhancement of AI ML Use Cases across Refineries Division",,,,,,,,,,,,,,,,,,,,,,,,,,,,,,,,nan,,REAL_PUBLIC_SOURCE,M000569,cpse_material_corpus.csv,568,2026-09-19T00:42:48.205395,1.0
,,iocletenders.nic.in,Empanelment of vendors for supply of Biodiesel (B-100) produced from all feedstocks,,,,,,,,,,,,,,,,,,,,,,,,,,,,,,,,nan,,REAL_PUBLIC_SOURCE,M000570,cpse_material_corpus.csv,569,2026-09-19T00:42:48.205395,1.0
,,iocletenders.nic.in,Engagement of Technical Manpower under Facility Management Services FMS for 24 by 7 Operations and Monitoring for the Partner Experience Platform PEP for a Period of Three 3 Years,,,,,,,,,,,,,,,,,,,,,,,,,,,,,,,,nan,,REAL_PUBLIC_SOURCE,M000571,cpse_material_corpus.csv,570,2026-09-19T00:42:48.205395,1.0
,,iocletenders.nic.in,"Expert Supervision Services Towards Major Overhauling, Maintenance and Troubleshooting of Multistage Centrifugal CCR RGC compressor package and Multistage HHP Drive Turbine along with Maintenance and Testing of GIMPEL Valve at Paradip Refinery",,,Valve,,,,,,,,,,,,,,,,,,,,,,,,,,,,,nan,,REAL_PUBLIC_SOURCE,M000572,cpse_material_corpus.csv,571,2026-09-19T00:42:48.205395,1.0
,,iocletenders.nic.in,Expert Supervision Services for overhauling or Troubleshooting of Peroni make Pumps at various units of Paradip Refinery,,,,,,,,,,,,,,,,,,,,,,,,,,,,,,,,nan,,REAL_PUBLIC_SOURCE,M000573,cpse_material_corpus.csv,572,2026-09-19T00:42:48.205395,1.0
,,iocletenders.nic.in,Expert supervisory Services by Linde Engineering India Private Limited for Cryostar Make expansion turbine (52-KT-01) in N2 unit at Guwahati Refinery,,,,,,,,,,,,,,,,,,,,,,,,,,,,,,,,nan,,REAL_PUBLIC_SOURCE,M000574,cpse_material_corpus.csv,573,2026-09-19T00:42:48.205395,1.0
,,iocletenders.nic.in,"FABRICATION, ERECTION, TESTING AND COMMISSIONING OF 24 INCHES ABOVE-GROUND VLSFO DOCK LINE INCLUDING UTILIZATION OF EXISTING LPG PIPELINE SUPPORT STRUCTURES, CONSTRUCTION OF NEW PIPE SUPPORTS, FOUNDATIONS AND ALLIED CIVIL WORKS AT KANDLA PORT",,,Pipe,,,,,,,,,,,,,,,,,,,,,,,,,,,,,nan,,REAL_PUBLIC_SOURCE,M000575,cpse_material_corpus.csv,574,2026-09-19T00:42:48.205395,1.0
,,iocletenders.nic.in,"FABRICATION, ERECTION, TESTING AND COMMISSIONING OF MECHANICAL PIPING(SS_GI_MS) FOR FOAM FEEDING THROUGH FOAM TROLLEY BANK AND ALLIED WORKS AT CHITTORGARH TERMINAL UNDER RSO",,,,,,,,,,,,,,,,,,,,,,,,,,,,,,,,nan,,REAL_PUBLIC_SOURCE,M000576,cpse_material_corpus.csv,575,2026-09-19T00:42:48.205395,1.0
,,iocletenders.nic.in,"Grit shot blasting and painting jobs during M and I shutdown at Paradip Refinery, Odisha",,,,,,,,,,,,,,,,,,,,,,,,,,,,,,,,nan,,REAL_PUBLIC_SOURCE,M000577,cpse_material_corpus.csv,576,2026-09-19T00:42:48.205395,1.0
,,iocletenders.nic.in,Hiring Professional Services of Registered Power Trader of Power Exchange s of India for purchase of Power through open access from Power Exchange s in India for Gujarat Refinery and Oxo alcohol plant Dumad,,,,,,,,,,,,,,,,,,,,,,,,,,,,,,,,nan,,REAL_PUBLIC_SOURCE,M000578,cpse_material_corpus.csv,577,2026-09-19T00:42:48.205395,1.0
,,iocletenders.nic.in,"INSTALLATION OF 8.625 INCH OD, 4.3 KM (APPROX.) CROSS COUNTRY PIPELINE and ASSOCIATED COMBINED STATION WORKS AT IOCL WILLINGDON ISLAND TERMINAL AND SNC NORTH JETTY UNDER KOCHI HFHSD PIPELINE PROJECT",,,Pipe,,,,625INCH,,,,,,,,,,,,,,,,,,,,,,,,,nan,,REAL_PUBLIC_SOURCE,M000579,cpse_material_corpus.csv,578,2026-09-19T00:42:48.205395,1.0
,,iocletenders.nic.in,"INSTALLATION OF ELECTRIC POLES AND LIGHTS FOR LUX LEVEL IMPROVEMENT AS PER OISD-144 AND MDT HSE RECOMMENDATION AT KASHIPUR BOTTLING PLANT, PATTIKALAN",,,,,,,,,,,,,,,,,,,,,,,,,,,,,,,,nan,,REAL_PUBLIC_SOURCE,M000580,cpse_material_corpus.csv,579,2026-09-19T00:42:48.205395,1.0
,,iocletenders.nic.in,"Industrial Painting of Pipelines, Structures, Equipment, and Associated Facilities in Unit and Offsite Areas at Barauni Refinery (Part-A and Part-B)",,,Pipe,,,,,,,,,,,,,,,,,,,,,,,,,,,,,nan,,REAL_PUBLIC_SOURCE,M000581,cpse_material_corpus.csv,580,2026-09-19T00:42:48.205395,1.0
,,iocletenders.nic.in,Installation of Leak Detection System on MS and HSD lines between SOJ and Paradip Refinery,,,,,,,,,,,,,,,,,,,,,,,,,,,,,,,,nan,,REAL_PUBLIC_SOURCE,M000582,cpse_material_corpus.csv,581,2026-09-19T00:42:48.205395,1.0
,,iocletenders.nic.in,Installation of crash guards in TT Parking Area at North Guwahati BP,,,,,,,,,,,,,,,,,,,,,,,,,,,,,,,,nan,,REAL_PUBLIC_SOURCE,M000583,cpse_material_corpus.csv,582,2026-09-19T00:42:48.205395,1.0
,,iocletenders.nic.in,LSTK works for Re-Orientation of power evacuation network at 33KV level and modification of 33KV GIS Boards for development of grid isolation and islanding scheme with TPS of Barauni Refinery,,,,,,,,,,,,,,,,,,,,,,,,,,,,,,,,nan,,REAL_PUBLIC_SOURCE,M000584,cpse_material_corpus.csv,583,2026-09-19T00:42:48.205395,1.0
,,iocletenders.nic.in,"Lining up Licensing, Engineering, Procurement and Construction (LEPC) agency for setting up 200 Tons per day (TPD) Segregated Organic Municipal Solid Waste (SOMSW) based Compressed Biogas plant at Gorakhpur",,,,,,,,,,,,,,,,,,,,,,,,,,,,,,,,nan,,REAL_PUBLIC_SOURCE,M000585,cpse_material_corpus.csv,584,2026-09-19T00:42:48.205395,1.0
,,iocletenders.nic.in,"Miscellaneous Piping, Structural, Mechanical, Electrical Instrumentation Works for RFCCU Revamp under BR 09 Project",,,,,,,,,,,,,,,,,,,,,,,,,,,,,,,,nan,,REAL_PUBLIC_SOURCE,M000586,cpse_material_corpus.csv,585,2026-09-19T00:42:48.205395,1.0
,,iocletenders.nic.in,"Miscellaneous works for provision of canopies at 3 ROs including allied works under Jammu DO, PSO",,,,,,,,,,,,,,,,,,,,,,,,,,,,,,,,nan,,REAL_PUBLIC_SOURCE,M000587,cpse_material_corpus.csv,586,2026-09-19T00:42:48.205395,1.0
,,iocletenders.nic.in,"MnC/SR/BNR/LT/107/KESO/2026-27 Construction of new A Site Retail Outlet with facilities like Sales Building, Canopy, Paver block driveway and other allied civil electrical works at location Kozhikode City 1 , Chelavoor on CWRDM Road in Kozhikode",,,,,,,,,,,,,,,,,,,,,,,,,,,,,,,,nan,,REAL_PUBLIC_SOURCE,M000588,cpse_material_corpus.csv,587,2026-09-19T00:42:48.205395,1.0
,,iocletenders.nic.in,MnC/SR/BNR/PT/103/TNSO/2026-27 Transportation of Indane LPG Cylinders in vertical position on unit rate basis ex-Coimbatore Bottling Plant under Tamil Nadu State Office,,,,,,,,,,,,,,,,,,,,,,,,,,,,,,,,nan,,REAL_PUBLIC_SOURCE,M000589,cpse_material_corpus.csv,588,2026-09-19T00:42:48.205395,1.0
,,iocletenders.nic.in,Modification works in Mechanical Seal system of MLPUs installed at Vadinar and Surendranagar under SMPL Aug J18 Project,,,,,,,,,,,,,,,,,,,,,,,,,,,,,,,,nan,,REAL_PUBLIC_SOURCE,M000590,cpse_material_corpus.csv,589,2026-09-19T00:42:48.205395,1.0
,,iocletenders.nic.in,New A Site RO Construction at Village NAYAGAON TEHSIL WAZIRPUR District Sawai Madhopur under Ajmer DO of Rajasthan State Office,,,,,,,,,,,,,,,,,,,,,,,,,,,,,,,,nan,,REAL_PUBLIC_SOURCE,M000591,cpse_material_corpus.csv,590,2026-09-19T00:42:48.205395,1.0
,,iocletenders.nic.in,Nitrogen Purging of Horton Spheres after Statutory Testing at LPG Bottling Plant Tikrikalan,,,,,,,,,,,,,,,,,,,,,,,,,,,,,,,,nan,,REAL_PUBLIC_SOURCE,M000592,cpse_material_corpus.csv,591,2026-09-19T00:42:48.205395,1.0
,,iocletenders.nic.in,"Onsite Electrical and Instrumentation Integration Works and Commissioning Support for Augmentation of Existing LCNG Station at Vizag-Parwada, Andhra Pradesh as per IOCL Scope of Work and Tender Terms and Conditions",,,,,,,,,,,,,,,,,,,,,,,,,,,,,,,,nan,,REAL_PUBLIC_SOURCE,M000593,cpse_material_corpus.csv,592,2026-09-19T00:42:48.205395,1.0
,,iocletenders.nic.in,"Outright Sale of CCRU Spent Catalyst/Fines/Dust containing Platinum as precious metals at IOCL, Paradip Refinery, Paradip",,,,,,,,,,,,,,,,,,,,,,,,,,,,,,,,nan,,REAL_PUBLIC_SOURCE,M000594,cpse_material_corpus.csv,593,2026-09-19T00:42:48.205395,1.0
,,iocletenders.nic.in,Outright Sale of Spent Catalyst containing precious metals,,,,,,,,,,,,,,,,,,,,,,,,,,,,,,,,nan,,REAL_PUBLIC_SOURCE,M000595,cpse_material_corpus.csv,594,2026-09-19T00:42:48.205395,1.0
,,iocletenders.nic.in,PARAFFINIC MINERAL OIL (Indigenous) for IOCL PNC and Paradip Refinery Units,,,,,,,,,,,,,,,,,,,,,,,,,,,,,,,,nan,,REAL_PUBLIC_SOURCE,M000596,cpse_material_corpus.csv,595,2026-09-19T00:42:48.205395,1.0
,,iocletenders.nic.in,PERPETUAL EMPANELMENT OF CONTRACTORS FOR EXECUTION OF VARIOUS TYPES AND NATURE OF ENGINEERING WORKS OF CIVIL MECHANICAL ELECTRICAL IN NATURE UNDER KARNATAKA STATE OFFICE UNDER CATEGORY 1 and CATEGORY II_100_200 LACS,,,,,,,,,,,,,,,,,,,,,,,,,,,,,,,,nan,,REAL_PUBLIC_SOURCE,M000597,cpse_material_corpus.csv,596,2026-09-19T00:42:48.205395,1.0
,,iocletenders.nic.in,PROCUREMENT OF CATALYST AND CERAMIC SADDLES,,,,,,,,,,,,,,,,,,,,,,,,,,,,,,,,nan,,REAL_PUBLIC_SOURCE,M000598,cpse_material_corpus.csv,597,2026-09-19T00:42:48.205395,1.0
,,iocletenders.nic.in,PWRJT26317 Maintenance and Inspection Work of Crude Oil Storage Tanks VT 07 at WRPL Viramgam,,,,,,,,,,,,,,,,,,,,,,,,,,,,,,,,nan,,REAL_PUBLIC_SOURCE,M000599,cpse_material_corpus.csv,598,2026-09-19T00:42:48.205395,1.0
,,iocletenders.nic.in,Perpetual Empanelment of Contractors for Execution of various types and nature of works at IndianOil Cryogenics and LNG stations of IndianOil Cryogenics PAN India,,,,,,,,,,,,,,,,,,,,,,,,,,,,,,,,nan,,REAL_PUBLIC_SOURCE,M000600,cpse_material_corpus.csv,599,2026-09-19T00:42:48.205395,1.0
,,iocletenders.nic.in,Perpetual Empanelment of contractors for Execution of various types and nature of Engineering works under Tamil Nadu State Office under Category I 0-100 Lacs and Category II 100-200 lacs Empanelment for III rd Year,,,,,,,,,,,,,,,,,,,,,,,,,,,,,,,,nan,,REAL_PUBLIC_SOURCE,M000601,cpse_material_corpus.csv,600,2026-09-19T00:42:48.205395,1.0
,,iocletenders.nic.in,Phase II works for Development of 2 Nos A Site Retail Outlets namely at Sy No 151 10 from Sastapur to Chandakapur on NH 9 Halli Village Basavakalyan Taluk Bidar District Karnataka and Sy No 75 6 within 2 KM from Chigateri Cross on Harapanahalli to Ko,,,,,,,,,,,,,,,,,,,,,,,,,,,,,,,,nan,,REAL_PUBLIC_SOURCE,M000602,cpse_material_corpus.csv,601,2026-09-19T00:42:48.205395,1.0
,,iocletenders.nic.in,Proc of additive package,,,,,,,,,,,,,,,,,,,,,,,,,,,,,,,,nan,,REAL_PUBLIC_SOURCE,M000603,cpse_material_corpus.csv,602,2026-09-19T00:42:48.205395,1.0
,,iocletenders.nic.in,Procurement of 2.5 MT of Donor-D,,,,,,,,,,,,,,,,,,,,,,,,,,,,,,,,nan,,REAL_PUBLIC_SOURCE,M000604,cpse_material_corpus.csv,603,2026-09-19T00:42:48.205395,1.0
,,iocletenders.nic.in,"Procurement of 22 Nos. Microphones in Halls (A, B,C,D and E) at IIPM against Buy Back of old 16 no of Microphones at IiPM Gurugram",,,,,,,,,,,,,,,,,,,,,,,,,,,,,,,,nan,,REAL_PUBLIC_SOURCE,M000605,cpse_material_corpus.csv,604,2026-09-19T00:42:48.205395,1.0
,,iocletenders.nic.in,Procurement of Advanced Electronics for IPIG Tool,,,,,,,,,,,,,,,,,,,,,,,,,,,,,,,,nan,,REAL_PUBLIC_SOURCE,M000606,cpse_material_corpus.csv,605,2026-09-19T00:42:48.205395,1.0
,,iocletenders.nic.in,Procurement of BEGG COUSLAND MAKE CRITICAL Deduster Fan,,,,,,,,,,,,,,,,,,,,,,,,,,,,,,,,nan,,REAL_PUBLIC_SOURCE,M000607,cpse_material_corpus.csv,606,2026-09-19T00:42:48.205395,1.0
,,iocletenders.nic.in,Procurement of BELTS_IC ITEMS,,,,,,,,,,,,,,,,,,,,,,,,,,,,,,,,nan,,REAL_PUBLIC_SOURCE,M000608,cpse_material_corpus.csv,607,2026-09-19T00:42:48.205395,1.0
,,iocletenders.nic.in,"Procurement of Capital Spare, Complete Trip and Throttle valve (Make Siemens Energy Industrial Turbomachinery India Private Limited) of WGC Turbine as per Insurance spares guideline rotary 2025 26 at IOCL Paradip Refinery",,,Valve,,,,,,,,,,,,,,,,,,,,,,,,,,,,,nan,,REAL_PUBLIC_SOURCE,M000609,cpse_material_corpus.csv,608,2026-09-19T00:42:48.205395,1.0
,,iocletenders.nic.in,"Procurement of Capital Spares of 057-K-002A/B (RGC) and 057-K-003A/B (H2 makeup compressor), NHGU at IOCL Paradip Refinery",,,,,,,,,,,,,,,,,,,,,,,,,,,,,,,,nan,,REAL_PUBLIC_SOURCE,M000610,cpse_material_corpus.csv,609,2026-09-19T00:42:48.205395,1.0
,,iocletenders.nic.in,Procurement of Extruder Gearbox and bearings in PP unit at IOCL Paradip Refinery,,,,,,,,,,,,,,,,,,,,,,,,,,,,,,,,nan,,REAL_PUBLIC_SOURCE,M000611,cpse_material_corpus.csv,610,2026-09-19T00:42:48.205395,1.0
,,iocletenders.nic.in,Procurement of Igniter spares for 20-F-01 OF VGO HDT unit at IOCL Paradip Refinery,,,,,,,,,,,,,,,,,,,,,,,,,,,,,,,,nan,,REAL_PUBLIC_SOURCE,M000612,cpse_material_corpus.csv,611,2026-09-19T00:42:48.205395,1.0
,,iocletenders.nic.in,"Procurement of Insurance spares and consumable spares for 057-K-06, NHGU(2026) at IOCL Paradip Refinery",,,,,,,,,,,,,,,,,,,,,,,,,,,,,,,,nan,,REAL_PUBLIC_SOURCE,M000613,cpse_material_corpus.csv,612,2026-09-19T00:42:48.205395,1.0
,,iocletenders.nic.in,Procurement of Pressure vessel and Mechanical shaft assemblies,,,,,,,,,,,,,,,,,,,,,,,,,,,,,,,,nan,,REAL_PUBLIC_SOURCE,M000614,cpse_material_corpus.csv,613,2026-09-19T00:42:48.205395,1.0
,,iocletenders.nic.in,Procurement of Spares For RFCCU MAB DHDS RGC Turbine,,,,,,,,,,,,,,,,,,,,,,,,,,,,,,,,nan,,REAL_PUBLIC_SOURCE,M000615,cpse_material_corpus.csv,614,2026-09-19T00:42:48.205395,1.0
,,iocletenders.nic.in,Procurement of Spares for ROG Compressor(92-K-14),,,,,,,,,,,,,,,,,,,,,,,,,,,,,,,,nan,,REAL_PUBLIC_SOURCE,M000616,cpse_material_corpus.csv,615,2026-09-19T00:42:48.205395,1.0
,,iocletenders.nic.in,Procurement of Spares of Expansion Turbine (96-M-02A/B) of NGU-2,,,,,,,,,,,,,,,,,,,,,,,,,,,,,,,,nan,,REAL_PUBLIC_SOURCE,M000617,cpse_material_corpus.csv,616,2026-09-19T00:42:48.205395,1.0
,,iocletenders.nic.in,Procurement of UPS contoller system for replacement in Gutor make UPS,,,,,,,,,,,,,,,,,,,,,,,,,,,,,,,,nan,,REAL_PUBLIC_SOURCE,M000618,cpse_material_corpus.csv,617,2026-09-19T00:42:48.205395,1.0
,,iocletenders.nic.in,Procurement of additive package ST1617 Or ST1772 plus ST4574 Or ST1774,,,,,,,,,,,,,,,,,,,,,,,,,,,,,,,,nan,,REAL_PUBLIC_SOURCE,M000619,cpse_material_corpus.csv,618,2026-09-19T00:42:48.205395,1.0
,,iocletenders.nic.in,Procurement of additive package ST1694and ST6038 Or ST1663 and ST6102 Or ST1685and ST6017,,,,,,,,,,,,,,,,,,,,,,,,,,,,,,,,nan,,REAL_PUBLIC_SOURCE,M000620,cpse_material_corpus.csv,619,2026-09-19T00:42:48.205395,1.0
,,iocletenders.nic.in,Procurement of fully assembled and tested electronics for Caliper PIGs with Inertial Measurement Unit(IMU),,,,,,,,,,,,,,,,,,,,,,,,,,,,,,,,nan,,REAL_PUBLIC_SOURCE,M000621,cpse_material_corpus.csv,620,2026-09-19T00:42:48.205395,1.0
,,iocletenders.nic.in,Procurement of spares for 92-K-01A/B of HGU-2,,,,,,,,,,,,,,,,,,,,,,,,,,,,,,,,nan,,REAL_PUBLIC_SOURCE,M000622,cpse_material_corpus.csv,621,2026-09-19T00:42:48.205395,1.0
,,iocletenders.nic.in,"Proposal for lining up Rate Contract for emergency repair works such as pipeline leak, burst, pilferage and other miscellaneous maintenance activities in mainline jurisdiction for BKPL stations into 3 Groups Group A PHBPL Barauni",,,Pipe,,,,,,,,,,,,,,,,,,,,,,,,,,,,,nan,,REAL_PUBLIC_SOURCE,M000623,cpse_material_corpus.csv,622,2026-09-19T00:42:48.205395,1.0
,,iocletenders.nic.in,"Proposal for lining up Rate Contract for emergency repair works such as pipeline leak, burst, pilferage and other miscellaneous maintenance activities in mainline jurisdiction for BKPL stations into 3 Groups Group B BKPL Barauni",,,Pipe,,,,,,,,,,,,,,,,,,,,,,,,,,,,,nan,,REAL_PUBLIC_SOURCE,M000624,cpse_material_corpus.csv,623,2026-09-19T00:42:48.205395,1.0
,,iocletenders.nic.in,"Proposal for lining up Rate Contract for emergency repair works such as pipeline leak, burst, pilferage and other miscellaneous maintenance activities in mainline jurisdiction for BKPL stations into 3 Groups Group C ERPL Jasidih",,,Pipe,,,,,,,,,,,,,,,,,,,,,,,,,,,,,nan,,REAL_PUBLIC_SOURCE,M000625,cpse_material_corpus.csv,624,2026-09-19T00:42:48.205395,1.0
,,iocletenders.nic.in,"Provision of FRP and MS gratings and allied Civil jobs in Units and Offsite areas of Haldia Refinery,Haldia,West Bengal",,,,,,,,,,,,,,,,,,,,,,,,,,,,,,,,nan,,REAL_PUBLIC_SOURCE,M000626,cpse_material_corpus.csv,625,2026-09-19T00:42:48.205395,1.0
,,iocletenders.nic.in,Public Tender from the transporters for induction of packed transportation truck for Madurai BP under Tamil Nadu State Office,,,,,,,,,,,,,,,,,,,,,,,,,,,,,,,,nan,,REAL_PUBLIC_SOURCE,M000627,cpse_material_corpus.csv,626,2026-09-19T00:42:48.205395,1.0
,,iocletenders.nic.in,RATE CONTRACT FOR FABRICATION OF 10KL 20KL 50KL 70KL HORIZONTAL TANKS FOR DIVISIONAL OFFICES UNDER GUJARAT STATE OFFICE,,,,,,,,,,,,,,,,,,,,,,,,,,,,,,,,nan,,REAL_PUBLIC_SOURCE,M000628,cpse_material_corpus.csv,627,2026-09-19T00:42:48.205395,1.0
,,iocletenders.nic.in,RAZE AND REBUILD OF THE ENTIRE BOUNDARY WALL OF SEWREE I TERMINAL,,,,,,,,,,,,,,,,,,,,,,,,,,,,,,,,nan,,REAL_PUBLIC_SOURCE,M000629,cpse_material_corpus.csv,628,2026-09-19T00:42:48.205395,1.0
,,iocletenders.nic.in,RPRC261375 Renovation and Upgradation of company owned residential accommodations (Phase-3) at PRPC Township,,,,,,,,,,,,,,,,,,,,,,,,,,,,,,,,nan,,REAL_PUBLIC_SOURCE,M000630,cpse_material_corpus.csv,629,2026-09-19T00:42:48.205395,1.0
,,iocletenders.nic.in,RPRC262366 ARC for Rewinding/ Repairing of HT Motors in P25 Units of Panipat Refinery and Petrochemical Complex,,,,,,,,,,,,,,,,,,,,,,,,,,,,,,,,nan,,REAL_PUBLIC_SOURCE,M000631,cpse_material_corpus.csv,630,2026-09-19T00:42:48.205395,1.0
,,iocletenders.nic.in,RPRC263369 ARC for maintenance and oil testing of transformers at P25 units of PRPC,,,,,,,,,,,,,,,,,,,,,,,,,,,,,,,,nan,,REAL_PUBLIC_SOURCE,M000632,cpse_material_corpus.csv,631,2026-09-19T00:42:48.205395,1.0
,,iocletenders.nic.in,"RPRC266373-Structural repair and chemical-resistant coating of neutralization pits and associated drainage network of DM Plant, Panipat Refinery",,,,,,,,,,,,,,,,,,,,,,,,,,,,,,,,nan,,REAL_PUBLIC_SOURCE,M000633,cpse_material_corpus.csv,632,2026-09-19T00:42:48.205395,1.0
,,iocletenders.nic.in,Rate Contract (Rs. 0 to 50.00 Lacs) for carrying out Capital / Revenue works upgradation / renovation / painting / M and R works up to Rs. 50 Lakhs,,,,,,,,,,,,,,,,,,,,,,,,,,,,,,,,nan,,REAL_PUBLIC_SOURCE,M000634,cpse_material_corpus.csv,633,2026-09-19T00:42:48.205395,1.0
,,iocletenders.nic.in,Rate Contract for Maintenance of Office and Guest house of IOCL BGR at Six Mile Guwahati,,,,,,,,,,,,,,,,,,,,,,,,,,,,,,,,nan,,REAL_PUBLIC_SOURCE,M000635,cpse_material_corpus.csv,634,2026-09-19T00:42:48.205395,1.0
,,iocletenders.nic.in,Rate Contract for Procurement of Antioxidant (ANTAX/STURMAX) for PBR project at Panipat Refinery,,,,,,,,,,,,,,,,,,,,,,,,,,,,,,,,nan,,REAL_PUBLIC_SOURCE,M000636,cpse_material_corpus.csv,635,2026-09-19T00:42:48.205395,1.0
,,iocletenders.nic.in,Rate Contract for Procurement of FCC Catalyst for IOCL Gujarat Refinery,,,,,,,,,,,,,,,,,,,,,,,,,,,,,,,,nan,,REAL_PUBLIC_SOURCE,M000637,cpse_material_corpus.csv,636,2026-09-19T00:42:48.205395,1.0
,,iocletenders.nic.in,Rate Contract for procurement of Lubricity Additive for IOCL Refinery units,,,,,,,,,,,,,,,,,,,,,,,,,,,,,,,,nan,,REAL_PUBLIC_SOURCE,M000638,cpse_material_corpus.csv,637,2026-09-19T00:42:48.205395,1.0
,,iocletenders.nic.in,"Rate contract for procurement of UF membrane for Barauni, Haldia and Mathura Refinery",,,,,,,,,,,,,,,,,,,,,,,,,,,,,,,,nan,,REAL_PUBLIC_SOURCE,M000639,cpse_material_corpus.csv,638,2026-09-19T00:42:48.205395,1.0
,,iocletenders.nic.in,Raze and rebuilt of existing TLF gantry Fabrication erection and commissioning of Product piping Loading and unloading product pump manifold Fire water network Sprinkler system for existing tanks and Railway Siding area HVLR system Foam System Nozzle,,,,,,,,,,,,,,,,,,,,,,,,,,,,,,,,nan,,REAL_PUBLIC_SOURCE,M000640,cpse_material_corpus.csv,639,2026-09-19T00:42:48.205395,1.0
,,iocletenders.nic.in,Renovation of Staff Quarters at Gujarat Refinery Township IOCL Vadodara Phase 2,,,,,,,,,,,,,,,,,,,,,,,,,,,,,,,,nan,,REAL_PUBLIC_SOURCE,M000641,cpse_material_corpus.csv,640,2026-09-19T00:42:48.205395,1.0
,,iocletenders.nic.in,Renovation of Swimming pool at IIPM Gurugram,,,,,,,,,,,,,,,,,,,,,,,,,,,,,,,,nan,,REAL_PUBLIC_SOURCE,M000642,cpse_material_corpus.csv,641,2026-09-19T00:42:48.205395,1.0
,,iocletenders.nic.in,Renovation works at NRPL Jalandhar,,,,,,,,,,,,,,,,,,,,,,,,,,,,,,,,nan,,REAL_PUBLIC_SOURCE,M000643,cpse_material_corpus.csv,642,2026-09-19T00:42:48.205395,1.0
,,iocletenders.nic.in,"Repair and maintenance of Drains at IOCL, Haldia Refinery,West Bengal, Haldia",,,,,,,,,,,,,,,,,,,,,,,,,,,,,,,,nan,,REAL_PUBLIC_SOURCE,M000644,cpse_material_corpus.csv,643,2026-09-19T00:42:48.205395,1.0
,,iocletenders.nic.in,"Repair and provision of security grills, chain link fencing and colour-coated sheets at Barauni Refinery Township",,,,,,,,,,,,,,,,,,,,,,,,,,,,,,,,nan,,REAL_PUBLIC_SOURCE,M000645,cpse_material_corpus.csv,644,2026-09-19T00:42:48.205395,1.0
,,iocletenders.nic.in,Repair of drip irrigation and sprinkler system at Gujarat Refinery Township IOCL Vadodara,,,,,,,,,,,,,,,,,,,,,,,,,,,,,,,,nan,,REAL_PUBLIC_SOURCE,M000646,cpse_material_corpus.csv,645,2026-09-19T00:42:48.205395,1.0
,,iocletenders.nic.in,Repair of road works at Cluster - 10 and 12 and at miscellaneous damaged locations at Haldia Refinery Township for the year 2026-2027,,,,,,,,,,,,,,,,,,,,,,,,,,,,,,,,nan,,REAL_PUBLIC_SOURCE,M000647,cpse_material_corpus.csv,646,2026-09-19T00:42:48.205395,1.0
,,iocletenders.nic.in,S/I/T/C of Transformer at Bamunigaon Daringabadi road Kandhamal,,,,,,,,,,,,,,,,,,,,,,,,,,,,,,,,nan,,REAL_PUBLIC_SOURCE,M000648,cpse_material_corpus.csv,647,2026-09-19T00:42:48.205395,1.0
,,iocletenders.nic.in,S/I/T/C of Transformer at Jaida Khata 103 Plot 176 Tehsil Gopabandhunagar District Mayurbhanj,,,,,,,,,,,,,,,,,,,,,,,,,,,,,,,,nan,,REAL_PUBLIC_SOURCE,M000649,cpse_material_corpus.csv,648,2026-09-19T00:42:48.205395,1.0
,,iocletenders.nic.in,S/I/T/C of Transformer at Kenduapada station chhak towards Barikpur bazar chhak,,,,,,,,,,,,,,,,,,,,,,,,,,,,,,,,nan,,REAL_PUBLIC_SOURCE,M000650,cpse_material_corpus.csv,649,2026-09-19T00:42:48.205395,1.0
,,iocletenders.nic.in,"SP/B269-000-WB-MR-3741/396 - VALVES-GATE, GLOBE, CHECK FOR P-25 PROJECT OF M/s INDIAN OIL CORPORATION LIMITED",,,Valve,,,,,,,,,,,,,,,,,,,,,,,,,,,,,nan,,REAL_PUBLIC_SOURCE,M000651,cpse_material_corpus.csv,650,2026-09-19T00:42:48.205395,1.0
,,iocletenders.nic.in,SPN/B269-000-WE-MR-3652/397 - FASTENERS FOR P-25 PROJECT OF M/s INDIAN OIL CORPORATION LIMITED,,,,,,,,,,,,,,,,,,,,,,,,,,,,,,,,nan,,REAL_PUBLIC_SOURCE,M000652,cpse_material_corpus.csv,651,2026-09-19T00:42:48.205395,1.0
,,iocletenders.nic.in,SPN/B269-000-WH-MR-3744/393 - STEAM TRAP FOR P-25 PROJECT OF M/s INDIAN OIL CORPORATION LIMITED,,,,,,,,,,,,,,,,,,,,,,,,,,,,,,,,nan,,REAL_PUBLIC_SOURCE,M000653,cpse_material_corpus.csv,652,2026-09-19T00:42:48.205395,1.0
,,iocletenders.nic.in,"SPN/C077-000-LA-T-9501/01 - PROJECT MANAGEMENT CONSULTANCY SERVICES (PMC-4) FOR LLDPE/HDPE (SWING) UNIT, PVC AND BUTENE-1 UNDER THE PARADIP PETROCHEMICAL COMPLEX (PDPC) PROJECT OF INDIAN OIL CORPORATION LIMITED AT PARADIP, ODISHA",,,,,,,,,,,,,,,,,,,,,,,,,,,,,,,,nan,,REAL_PUBLIC_SOURCE,M000654,cpse_material_corpus.csv,653,2026-09-19T00:42:48.205395,1.0
,,iocletenders.nic.in,"SPN/C077-000-LA-T-9502/03 - PROJECT MANAGEMENT CONSULTANCY SERVICES (PMC-3) FOR CUMENE AND PHENOL UNITS FOR THE PARADIP PETROCHEMICAL COMPLEX (PDPC) PROJECT OF INDIAN OIL CORPORATION LIMITED AT PARADIP, ODISHA",,,,,,,,,,,,,,,,,,,,,,,,,,,,,,,,nan,,REAL_PUBLIC_SOURCE,M000655,cpse_material_corpus.csv,654,2026-09-19T00:42:48.205395,1.0
,,iocletenders.nic.in,SUPPLY OF CONTROL VALVES (LOT-2),,,Valve,,,,,,,,,,,,,,,,,,,,,,,,,,,,,nan,,REAL_PUBLIC_SOURCE,M000656,cpse_material_corpus.csv,655,2026-09-19T00:42:48.205395,1.0
,,iocletenders.nic.in,SUPPLY OF EXHAUST HEAD,,,,,,,,,,,,,,,,,,,,,,,,,,,,,,,,nan,,REAL_PUBLIC_SOURCE,M000657,cpse_material_corpus.csv,656,2026-09-19T00:42:48.205395,1.0
,,iocletenders.nic.in,SUPPLY OF FASTENERS (LOT-2),,,,,,,,,,,,,,,,,,,,,,,,,,,,,,,,nan,,REAL_PUBLIC_SOURCE,M000658,cpse_material_corpus.csv,657,2026-09-19T00:42:48.205395,1.0
,,iocletenders.nic.in,SUPPLY OF GASKETS (MTO-4),,,,,,,,,,,,,,,,,,,,,,,,,,,,,,,,nan,,REAL_PUBLIC_SOURCE,M000659,cpse_material_corpus.csv,658,2026-09-19T00:42:48.205395,1.0
,,iocletenders.nic.in,SUPPLY OF ON-OFF VALVES (LOT-2),,,Valve,,,,,,,,,,,,,,,,,,,,,,,,,,,,,nan,,REAL_PUBLIC_SOURCE,M000660,cpse_material_corpus.csv,659,2026-09-19T00:42:48.205395,1.0
,,iocletenders.nic.in,SUPPLY OF SLIDING PLATES,,,,,,,,,,,,,,,,,,,,,,,,,,,,,,,,nan,,REAL_PUBLIC_SOURCE,M000661,cpse_material_corpus.csv,660,2026-09-19T00:42:48.205395,1.0
,,iocletenders.nic.in,Scale up study for the synthesis of Salicylic Acid in different scales Bench Scale Pilot Scale DemonstrationScale or any combination thereof using external vendor facility,,,,,,,,,,,,,,,,,,,,,,,,,,,,,,,,nan,,REAL_PUBLIC_SOURCE,M000662,cpse_material_corpus.csv,661,2026-09-19T00:42:48.205395,1.0
,,iocletenders.nic.in,Spares for Compressor 92-K-12 of HGU-2,,,,,,,,,,,,,,,,,,,,,,,,,,,,,,,,nan,,REAL_PUBLIC_SOURCE,M000663,cpse_material_corpus.csv,662,2026-09-19T00:42:48.205395,1.0
,,iocletenders.nic.in,Spares of 23-K-101,,,,,,,,,,,,,,,,,,,,,,,,,,,,,,,,nan,,REAL_PUBLIC_SOURCE,M000664,cpse_material_corpus.csv,663,2026-09-19T00:42:48.205395,1.0
,,iocletenders.nic.in,"Supply Installation, Testing and Commissioning of Biometric Attendance System at ERPL Siliguri including 3 (Three) Years Comprehensive Annual Maintenance Contract",,,,,,,,,,,,,,,,,,,,,,,,,,,,,,,,nan,,REAL_PUBLIC_SOURCE,M000665,cpse_material_corpus.csv,664,2026-09-19T00:42:48.205395,1.0
,,iocletenders.nic.in,Supply and Application of Polymer based Sealing/filling System on annular plate projection of tanks at IOCL Mathura Refinery,,,,,,,,,,,,,,,,,,,,,,,,,,,,,,,,nan,,REAL_PUBLIC_SOURCE,M000666,cpse_material_corpus.csv,665,2026-09-19T00:42:48.205395,1.0
,,iocletenders.nic.in,Supply of CO and CO2 Cylinder,,,,,,,,,,,,,,,,,,,,,,,,,,,,,,,,nan,,REAL_PUBLIC_SOURCE,M000667,cpse_material_corpus.csv,666,2026-09-19T00:42:48.205395,1.0
,,iocletenders.nic.in,Supply of Cutter Blade,,,,,,,,,,,,,,,,,,,,,,,,,,,,,,,,nan,,REAL_PUBLIC_SOURCE,M000668,cpse_material_corpus.csv,667,2026-09-19T00:42:48.205395,1.0
,,iocletenders.nic.in,"Supply of Spares and Consumables for CFR RON, MON and Cetane Engines",,,,,,,,,,,,,,,,,,,,,,,,,,,,,,,,nan,,REAL_PUBLIC_SOURCE,M000669,cpse_material_corpus.csv,668,2026-09-19T00:42:48.205395,1.0
,,iocletenders.nic.in,"Supply, Installation, Testing and Commissioning of 11 KV Substation, DG Set with interconnections Cables and Allied works at NFR Facilities at Location WSA Site at DAK9 Gurdaspur-Katra-Pkg14-439 450-LHS-JK District Kathua, JK under Jammu DO PSO",,,Cable,,,,,,,,,,,,,,,,,,,,,,,,,,,,,nan,,REAL_PUBLIC_SOURCE,M000670,cpse_material_corpus.csv,669,2026-09-19T00:42:48.205395,1.0
,,iocletenders.nic.in,"Supply, Installation, Testing and Commissioning of 11 KV Substation, DG Set with interconnections Cables and Allied works at NFR Facilities at Location WSA Site at DAK9-Gurdaspur-Katra-Pkg14 -439_450-RHS-JK District Kathua, JK under Jammu DO PSO",,,Cable,,,,,,,,,,,,,,,,,,,,,,,,,,,,,nan,,REAL_PUBLIC_SOURCE,M000671,cpse_material_corpus.csv,670,2026-09-19T00:42:48.205395,1.0
,,iocletenders.nic.in,"Supply, Installation, Testing and Commissioning of AC Interference mitigation measures for 681 Km of WRPL Pipelines Gp01 Chaksu to Mathura",,,Pipe,,,,,,,,,,,,,,,,,,,,,,,,,,,,,nan,,REAL_PUBLIC_SOURCE,M000672,cpse_material_corpus.csv,671,2026-09-19T00:42:48.205395,1.0
,,iocletenders.nic.in,"Supply, Installation, Testing and Commissioning of AC Interference mitigation measures for 681 Km of WRPL Pipelines. Gp02 Abu Road to Kot",,,Pipe,,,,,,,,,,,,,,,,,,,,,,,,,,,,,nan,,REAL_PUBLIC_SOURCE,M000673,cpse_material_corpus.csv,672,2026-09-19T00:42:48.205395,1.0
,,iocletenders.nic.in,"Supply, installation and commissioning of Open Air (Outdoor) Gym equipment at Haldia Refinery Township",,,,,,,,,,,,,,,,,,,,,,,,,,,,,,,,nan,,REAL_PUBLIC_SOURCE,M000674,cpse_material_corpus.csv,673,2026-09-19T00:42:48.205395,1.0
,,iocletenders.nic.in,"TANKAGE CONTRUCTION WORKS FOR JHAPA TERMINAL, NEPAL",,,,,,,,,,,,,,,,,,,,,,,,,,,,,,,,nan,,REAL_PUBLIC_SOURCE,M000675,cpse_material_corpus.csv,674,2026-09-19T00:42:48.205395,1.0
,,iocletenders.nic.in,TRANSPORTATION OF INDANE LPG CYLINDERS IN VERTICAL POSITION ON UNIT RATE BASIS EX- MURBAD BOTTLING PLANT,,,,,,,,,,,,,,,,,,,,,,,,,,,,,,,,nan,,REAL_PUBLIC_SOURCE,M000676,cpse_material_corpus.csv,675,2026-09-19T00:42:48.205395,1.0
,,iocletenders.nic.in,TRANSPORTATION OF PACKED LPG CYLINDERS TO / FROM PORT BLAIR BP TO / FROM DISTRIBUTORS GODOWN / EXTENSION COUNTERS AT FAR FLUNG ISLANDS IN A AND N FOR 05 YEARS,,,,,,,,,,,,,,,,,,,,,,,,,,,,,,,,nan,,REAL_PUBLIC_SOURCE,M000677,cpse_material_corpus.csv,676,2026-09-19T00:42:48.205395,1.0
,,iocletenders.nic.in,"Tank boot sealing job at IOCL Paradip Refinery, Paradip, Odisha",,,,,,,,,,,,,,,,,,,,,,,,,,,,,,,,nan,,REAL_PUBLIC_SOURCE,M000678,cpse_material_corpus.csv,677,2026-09-19T00:42:48.205395,1.0
,,iocletenders.nic.in,Tender for road transportation of bulk petroleum products by bottom loading tank trucks- MS HSD branded fuels ex Ahmednagar,,,,,,,,,,,,,,,,,,,,,,,,,,,,,,,,nan,,REAL_PUBLIC_SOURCE,M000679,cpse_material_corpus.csv,678,2026-09-19T00:42:48.205395,1.0
,,iocletenders.nic.in,Toll manufacturing of IOC developed microbial blends through open tender,,,,,,,,,,,,,,,,,,,,,,,,,,,,,,,,nan,,REAL_PUBLIC_SOURCE,M000680,cpse_material_corpus.csv,679,2026-09-19T00:42:48.205395,1.0
,,iocletenders.nic.in,Transportation of Indane LPG Cylinders in vertical position on unit rate basis ex- Jhunjhunu Bottling Plant,,,,,,,,,,,,,,,,,,,,,,,,,,,,,,,,nan,,REAL_PUBLIC_SOURCE,M000681,cpse_material_corpus.csv,680,2026-09-19T00:42:48.205395,1.0
,,iocletenders.nic.in,"UPGRADATION OF THREE FLATS (A8-3BHK, A5-2BHK, B3-2BHK) AT INDIANOIL QUARTERS AT MADURAI DIVISIONAL OFFICE OF TAMIL NADU STATE OFFICE",,,,,,,,,,,,,,,,,,,,,,,,,,,,,,,,nan,,REAL_PUBLIC_SOURCE,M000682,cpse_material_corpus.csv,681,2026-09-19T00:42:48.205395,1.0
,,iocletenders.nic.in,Upgradation of Electrical Panel along with Bus Duct and APFC Panel at Old Substation No-1,,,,,,,,,,,,,,,,,,,,,,,,,,,,,,,,nan,,REAL_PUBLIC_SOURCE,M000683,cpse_material_corpus.csv,682,2026-09-19T00:42:48.205395,1.0
,,iocletenders.nic.in,Vertical Mounted VS-1 Type API-610 Pumps for LPG Bullets,,,,,,,,,,,,,,,,,,,,,,,,,,,,,,,,nan,,REAL_PUBLIC_SOURCE,M000684,cpse_material_corpus.csv,683,2026-09-19T00:42:48.205395,1.0
,,iocletenders.nic.in,"WORK OF SUPPLY, FABRICATION, TRANSPORTATION, ERECTION and COMMISSIONING OF STRUCTURAL STEEL CANOPIES AT 06 ROS/KSKS UNDER BHOPAL DIVISIONAL OFFICE OF MADHYA PRADESH STATE OFFICE",,,,,,,,,,,,,,,,,,,,,,,,,,,,,,,,nan,,REAL_PUBLIC_SOURCE,M000685,cpse_material_corpus.csv,684,2026-09-19T00:42:48.205395,1.0
,,iocletenders.nic.in,provision of bottom loading facility in 2 nos. of TLF bays at Vashi terminal and modification of JVPL pump house pipelines at JNPT under Maharashtra State Office,,,Pipe,,,,,,,,,,,,,,,,,,,,,,,,,,,,,nan,,REAL_PUBLIC_SOURCE,M000686,cpse_material_corpus.csv,685,2026-09-19T00:42:48.205395,1.0
,,iocletenders.nic.in,spares of Gear box of Tail gas compressor of CCR unit of Paradip Refinery,,,,,,,,,,,,,,,,,,,,,,,,,,,,,,,,nan,,REAL_PUBLIC_SOURCE,M000687,cpse_material_corpus.csv,686,2026-09-19T00:42:48.205395,1.0
,,iocletenders.nic.in,"1. Procurement of BELTS against PR Nos. 3785388,3785389,3785390,3785391,3785392,3785393,3785394. 2. Procurement of BELTS against PR Nos. 3789356,3789357,3789358,3789359,3789360,3789361",,,,,,,,,,,,,,,,,,,,,,,,,,,,,,,,nan,,REAL_PUBLIC_SOURCE,M000688,cpse_material_corpus.csv,687,2026-09-19T00:42:48.205395,1.0
,,iocletenders.nic.in,1st Perpetual Empanelment of architects for nonfuelling facilities of Way Side Amenities Architectural WA under various State Offices of Indian Oil Corporation Ltd,,,,,,,,,,,,,,,,,,,,,,,,,,,,,,,,nan,,REAL_PUBLIC_SOURCE,M000689,cpse_material_corpus.csv,688,2026-09-19T00:42:48.205395,1.0
,,iocletenders.nic.in,1st Perpetual Empanelment of contractors towards execution of various nature of engineering works for development of Wayside amenities non fueling facilities WL under various State Offices of Indian Oil Corporation Ltd,,,,,,,,,,,,,,,,,,,,,,,,,,,,,,,,nan,,REAL_PUBLIC_SOURCE,M000690,cpse_material_corpus.csv,689,2026-09-19T00:42:48.205395,1.0
,,iocletenders.nic.in,9400M26B18_Procurement of fully assembled and tested electronics for Caliper PIGs with Inertial Measurement Unit(IMU),,,,,,,,,,,,,,,,,,,,,,,,,,,,,,,,nan,,REAL_PUBLIC_SOURCE,M000691,cpse_material_corpus.csv,690,2026-09-19T00:42:48.205395,1.0
,,iocletenders.nic.in,9400M26B53_Procurement of Pressure vessel and Mechanical shaft assemblies,,,,,,,,,,,,,,,,,,,,,,,,,,,,,,,,nan,,REAL_PUBLIC_SOURCE,M000692,cpse_material_corpus.csv,691,2026-09-19T00:42:48.205395,1.0
,,iocletenders.nic.in,"9400M26B71_Design, Development and Fabrication of Advanced Surya Nutan PCB Controller",,,Bolt,,,,,,,,,,,,,,,,,,,,,,,,,,,,,nan,,REAL_PUBLIC_SOURCE,M000693,cpse_material_corpus.csv,692,2026-09-19T00:42:48.205395,1.0
,,iocletenders.nic.in,AS PER TENDER,,,,,,,,,,,,,,,,,,,,,,,,,,,,,,,,nan,,REAL_PUBLIC_SOURCE,M000694,cpse_material_corpus.csv,693,2026-09-19T00:42:48.205395,1.0
,,iocletenders.nic.in,As per tender document,,,,,,,,,,,,,,,,,,,,,,,,,,,,,,,,nan,,REAL_PUBLIC_SOURCE,M000695,cpse_material_corpus.csv,694,2026-09-19T00:42:48.205395,1.0
,,iocletenders.nic.in,COMPOSITE WORKS COMPRISING MECHANICAL PIPING STRUCTURAL AND CIVIL FOUNDATION WORKS IN PRE SHUTDOWN AND SHUTDOWN PHASES ALONG WITH MANPOWER ASSISTANCE FOR PRE COMMISSIONING AND COMMISSIONING ACTIVITIES FOR DR 1.0 EXPANSION PROJECT AT DIGBOI REFINERY,,,,,,,,,,,,,,,,,,,,,,,,,,,,,,,,nan,,REAL_PUBLIC_SOURCE,M000696,cpse_material_corpus.csv,695,2026-09-19T00:42:48.205395,1.0
,,iocletenders.nic.in,"Construction of new A Site KSK Retail Outlet with facilities like Sales Building, Canopy, Paver block driveway and other allied civil and electrical works at location Within Purathur Revenue Village in Chamravattom Kavilkkad Mangala, District, KeSO",,,,,,,,,,,,,,,,,,,,,,,,,,,,,,,,nan,,REAL_PUBLIC_SOURCE,M000697,cpse_material_corpus.csv,696,2026-09-19T00:42:48.205395,1.0
,,iocletenders.nic.in,"Construction of new A Site Retail Outlet with facilities like Sales Building, Canopy, Paver block driveway and other allied civil and electrical works at location From Bekal Periyathadukkam NH road intersection, Periyathadukkam to KSEB substation",,,,,,,,,,,,,,,,,,,,,,,,,,,,,,,,nan,,REAL_PUBLIC_SOURCE,M000698,cpse_material_corpus.csv,697,2026-09-19T00:42:48.205395,1.0
,,iocletenders.nic.in,EXPRESSION OF INTEREST FOR ROAD TRANSPORTATION OF BULK PETROLEUM PRODUCTS MS/ HSD/ Branded Fuels for DEALERS/CONSUMERS through Bottom Loading TTs Ex JNPT Complex,,,,,,,,,,,,,,,,,,,,,,,,,,,,,,,,nan,,REAL_PUBLIC_SOURCE,M000699,cpse_material_corpus.csv,698,2026-09-19T00:42:48.205395,1.0
,,iocletenders.nic.in,Hiring Professional Services of Registered Power Trader of Power Exchanges of India for purchase of Power through open access from Power Exchanges in India for Gujarat Refinery and Oxo alcohol plant Dumad,,,,,,,,,,,,,,,,,,,,,,,,,,,,,,,,nan,,REAL_PUBLIC_SOURCE,M000700,cpse_material_corpus.csv,699,2026-09-19T00:42:48.205395,1.0
,,iocletenders.nic.in,"Manufacturing, procurement of materials and bought out components, assembly at shop, Inspection including inspection by TPIA, Testing at manufacturer works, packing, SUPPLY OF CONTROL VALVES (LOT-2) details as per material requisition",,,Valve,,,,,,,,,,,,,,,,,,,,,,,,,,,,,nan,,REAL_PUBLIC_SOURCE,M000701,cpse_material_corpus.csv,700,2026-09-19T00:42:48.205395,1.0
,,iocletenders.nic.in,"Manufacturing, procurement of materials and bought out components, assembly at shop, Inspection including inspection by TPIA, Testing at manufacturer works, packing, SUPPLY OF FASTENERS (LOT-2) details as per material requisition",,,,,,,,,,,,,,,,,,,,,,,,,,,,,,,,nan,,REAL_PUBLIC_SOURCE,M000702,cpse_material_corpus.csv,701,2026-09-19T00:42:48.205395,1.0
,,iocletenders.nic.in,"Manufacturing, procurement of materials and bought out components, assembly at shop, Inspection including inspection by TPIA, Testing at manufacturer works, packing, SUPPLY OF GASKETS (MTO-4) details as per material requisition",,,,,,,,,,,,,,,,,,,,,,,,,,,,,,,,nan,,REAL_PUBLIC_SOURCE,M000703,cpse_material_corpus.csv,702,2026-09-19T00:42:48.205395,1.0
,,iocletenders.nic.in,"Manufacturing, procurement of materials and bought out components, assembly at shop, Inspection including inspection by TPIA, Testing at manufacturer works, packing, SUPPLY OF ON-OFF VALVES (LOT-2) details as per material requisition",,,Valve,,,,,,,,,,,,,,,,,,,,,,,,,,,,,nan,,REAL_PUBLIC_SOURCE,M000704,cpse_material_corpus.csv,703,2026-09-19T00:42:48.205395,1.0
,,iocletenders.nic.in,"Manufacturing, procurement of materials and bought out components, assembly at shop, Inspection including inspection by TPIA, Testing at manufacturer works, packing, SUPPLY OF SLIDING PLATES details as per material requisition",,,,,,,,,,,,,,,,,,,,,,,,,,,,,,,,nan,,REAL_PUBLIC_SOURCE,M000705,cpse_material_corpus.csv,704,2026-09-19T00:42:48.205395,1.0
,,iocletenders.nic.in,PERPETUAL EMPANELMENT OF CONTRACTORS FOR EXECUTION OF VARIOUS TYPES AND NATURE OF ENGINEERING WORKS OF CIVIL_MECHANICAL_ELECTRICAL IN NATURE INVOLVING CONSTRUCTION_MAINTENANCE OF RETAIL OUTLETS_RDI_RCDS_TERMINALS_DEPOTS_AFS_LUBE PLANTS AND LPG PLANTS,,,,,,,,,,,,,,,,,,,,,,,,,,,,,,,,nan,,REAL_PUBLIC_SOURCE,M000706,cpse_material_corpus.csv,705,2026-09-19T00:42:48.205395,1.0
,,iocletenders.nic.in,"PROJECT MANAGEMENT CONSULTANCY SERVICES (PMC-3) FOR CUMENE AND PHENOL UNITS FOR THE PARADIP PETROCHEMICAL COMPLEX (PDPC) PROJECT OF INDIAN OIL CORPORATION LIMITED AT PARADIP, ODISHA",,,,,,,,,,,,,,,,,,,,,,,,,,,,,,,,nan,,REAL_PUBLIC_SOURCE,M000707,cpse_material_corpus.csv,706,2026-09-19T00:42:48.205395,1.0
,,iocletenders.nic.in,"PROJECT MANAGEMENT CONSULTANCY SERVICES (PMC-4) FOR LLDPE/HDPE (SWING) UNIT, PVC AND BUTENE-1 UNDER THE PARADIP PETROCHEMICAL COMPLEX (PDPC) PROJECT OF INDIAN OIL CORPORATION LIMITED AT PARADIP, ODISHA",,,,,,,,,,,,,,,,,,,,,,,,,,,,,,,,nan,,REAL_PUBLIC_SOURCE,M000708,cpse_material_corpus.csv,707,2026-09-19T00:42:48.205395,1.0
,,iocletenders.nic.in,"Procurement of Insurance spares and consumable spares for 057-K-06, NHGU (2026) at IOCL Paradip Refinery",,,,,,,,,,,,,,,,,,,,,,,,,,,,,,,,nan,,REAL_PUBLIC_SOURCE,M000709,cpse_material_corpus.csv,708,2026-09-19T00:42:48.205395,1.0
,,iocletenders.nic.in,Procurement of UPS controller system for replacement in Gutor make UPS,,,,,,,,,,,,,,,,,,,,,,,,,,,,,,,,nan,,REAL_PUBLIC_SOURCE,M000710,cpse_material_corpus.csv,709,2026-09-19T00:42:48.205395,1.0
,,iocletenders.nic.in,Procurement of additive package ST1742 Or ST1613 Or ST1790 Or ST1599,,,,,,,,,,,,,,,,,,,,,,,,,,,,,,,,nan,,REAL_PUBLIC_SOURCE,M000711,cpse_material_corpus.csv,710,2026-09-19T00:42:48.205395,1.0
,,iocletenders.nic.in,Rate Contract (Rs. 0 to 50.00 Lacs) for carrying out Capital / Revenue works upgradation / renovation / painting / M R works up to Rs. 50 Lakhs at IOC owned Residential Quarters / Guest House/ Transit Accommodation/Southern Regional Office building,,,,,,,,,,,,,,,,,,,,,,,,,,,,,,,,nan,,REAL_PUBLIC_SOURCE,M000712,cpse_material_corpus.csv,711,2026-09-19T00:42:48.205395,1.0
,,iocletenders.nic.in,Rate Contract for Maintenance of Office and Guest house of IOCL BGR at Six Mile Guwahati. Address of work location 167 Jayanagar Rd Jaya Nagar Khanapara Guwahati Assam 781022,,,,,,,,,,,,,,,,,,,,,,,,,,,,,,,,nan,,REAL_PUBLIC_SOURCE,M000713,cpse_material_corpus.csv,712,2026-09-19T00:42:48.205395,1.0
,,iocletenders.nic.in,SUPPLY OF EXHAUST HEAD FOR P25 PROJECT AT IOCL PANIPAT REFINERY,,,,,,,,,,,,,,,,,,,,,,,,,,,,,,,,nan,,REAL_PUBLIC_SOURCE,M000714,cpse_material_corpus.csv,713,2026-09-19T00:42:48.205395,1.0
,,iocletenders.nic.in,Scaleup study for the synthesis of Salicylic Acid in different scales Bench Scale Pilot Scale DemonstrationScale or any combination thereof using external vendor facility,,,,,,,,,,,,,,,,,,,,,,,,,,,,,,,,nan,,REAL_PUBLIC_SOURCE,M000715,cpse_material_corpus.csv,714,2026-09-19T00:42:48.205395,1.0
,,iocletenders.nic.in,"Supply, Installation, Testing and Commissioning of 11 KV Substation, DG Set with interconnections Cables and Allied works at NFR Facilities at Location WSA Site at DAK9-Gurdaspur-Katra-Pkg14- 439_450-RHS-JK District Kathua, JK under Jammu DO PSO",,,Cable,,,,,,,,,,,,,,,,,,,,,,,,,,,,,nan,,REAL_PUBLIC_SOURCE,M000716,cpse_material_corpus.csv,715,2026-09-19T00:42:48.205395,1.0
,,iocletenders.nic.in,"Supply, Installation, Testing, Charging commissioning of Outdoor Type Transformers including DP Structure, all Applicable poles, metering arrangement, Necessary Earthing, Electrical Fittings, all types of cabling Accessories from respective State",,,Cable,,,,,,,,,,,,,,,,,,,,,,,,,,,,,nan,,REAL_PUBLIC_SOURCE,M000717,cpse_material_corpus.csv,716,2026-09-19T00:42:48.205395,1.0
,,iocletenders.nic.in,"Supply, Installation, Testing, Charging commissioning of Outdoor Type Transformers including DP Structure, all Applicable poles, metering arrangement, Necessary Earthing, Electrical Fittings, all types of cabling etc complete",,,Cable,,,,,,,,,,,,,,,,,,,,,,,,,,,,,nan,,REAL_PUBLIC_SOURCE,M000718,cpse_material_corpus.csv,717,2026-09-19T00:42:48.205395,1.0
,,iocletenders.nic.in,"Supply, Installation, Testing, Charging, commissioning of Outdoor Type transformers including DP Structure, all Applicable poles, metering arrangement, Necessary Earthing, Electrical Fittings, all types of cabling Accessories etc complete",,,Cable,,,,,,,,,,,,,,,,,,,,,,,,,,,,,nan,,REAL_PUBLIC_SOURCE,M000719,cpse_material_corpus.csv,718,2026-09-19T00:42:48.205395,1.0
,,iocletenders.nic.in,Tender for road transportation of bulk petroleum products by bottom loading tank trucks- MS HSD branded fuels ex Ahmednagar Maharashtra,,,,,,,,,,,,,,,,,,,,,,,,,,,,,,,,nan,,REAL_PUBLIC_SOURCE,M000720,cpse_material_corpus.csv,719,2026-09-19T00:42:48.205395,1.0
,,ntpctender.ntpc.co.in,Balance Works of Barrage and,,,,,,,,,,,,,,,,,,,,,,,,,,,,,,,,nan,,REAL_PUBLIC_SOURCE,M000721,cpse_material_corpus.csv,720,2026-09-19T00:42:48.205395,1.0
,,ntpctender.ntpc.co.in,CHIMNEY PACKAGE FOR GADARWARA STPP STAGE,,,,,,,,,,,,,,,,,,,,,,,,,,,,,,,,nan,,REAL_PUBLIC_SOURCE,M000722,cpse_material_corpus.csv,721,2026-09-19T00:42:48.205395,1.0
,,ntpctender.ntpc.co.in,CONSTRUCTION OF ACCESS OR,,,,,,,,,,,,,,,,,,,,,,,,,,,,,,,,nan,,REAL_PUBLIC_SOURCE,M000723,cpse_material_corpus.csv,722,2026-09-19T00:42:48.205395,1.0
,,ntpctender.ntpc.co.in,CONSTRUCTION OF AN ALTERNATE,,,,,,,,,,,,,,,,,,,,,,,,,,,,,,,,nan,,REAL_PUBLIC_SOURCE,M000724,cpse_material_corpus.csv,723,2026-09-19T00:42:48.205395,1.0
,,ntpctender.ntpc.co.in,"Civil works of ICT, 1500 MVA, 765/400KV &",,,,,,,,,,,,,,,,,,,,,,,,,,,,,,,,nan,,REAL_PUBLIC_SOURCE,M000725,cpse_material_corpus.csv,724,2026-09-19T00:42:48.205395,1.0
,,ntpctender.ntpc.co.in,Coal Transportation from CBCMP,,,,,,,,,,,,,,,,,,,,,,,,,,,,,,,,nan,,REAL_PUBLIC_SOURCE,M000726,cpse_material_corpus.csv,725,2026-09-19T00:42:48.205395,1.0
,,ntpctender.ntpc.co.in,Comprehensive Operation and,,,,,,,,,,,,,,,,,,,,,,,,,,,,,,,,nan,,REAL_PUBLIC_SOURCE,M000727,cpse_material_corpus.csv,726,2026-09-19T00:42:48.205395,1.0
,,ntpctender.ntpc.co.in,Construction of Road from NTPC,,,,,,,,,,,,,,,,,,,,,,,,,,,,,,,,nan,,REAL_PUBLIC_SOURCE,M000728,cpse_material_corpus.csv,727,2026-09-19T00:42:48.205395,1.0
,,ntpctender.ntpc.co.in,Cyber Security Audit of OT & IT Systems,,,,,,,,,,,,,,,,,,,,,,,,,,,,,,,,nan,,REAL_PUBLIC_SOURCE,M000729,cpse_material_corpus.csv,728,2026-09-19T00:42:48.205395,1.0
,,ntpctender.ntpc.co.in,EOI Document for Study for Steam Turbine Design,,,,,,,,,,,,,,,,,,,,,,,,,,,,,,,,nan,,REAL_PUBLIC_SOURCE,M000730,cpse_material_corpus.csv,729,2026-09-19T00:42:48.205395,1.0
,,ntpctender.ntpc.co.in,EOI for Issue of Pond Ash from NTPC,,,,,,,,,,,,,,,,,,,,,,,,,,,,,,,,nan,,REAL_PUBLIC_SOURCE,M000731,cpse_material_corpus.csv,730,2026-09-19T00:42:48.205395,1.0
,,ntpctender.ntpc.co.in,Empanelment of Consulting Agencies,,,,,,,,,,,,,,,,,,,,,,,,,,,,,,,,nan,,REAL_PUBLIC_SOURCE,M000732,cpse_material_corpus.csv,731,2026-09-19T00:42:48.205395,1.0
,,ntpctender.ntpc.co.in,Expression of Interest for Deployment,,,,,,,,,,,,,,,,,,,,,,,,,,,,,,,,nan,,REAL_PUBLIC_SOURCE,M000733,cpse_material_corpus.csv,732,2026-09-19T00:42:48.205395,1.0
,,ntpctender.ntpc.co.in,Expression of Interest for Identification of Domestic vendors,,,,,,,,,,,,,,,,,,,,,,,,,,,,,,,,nan,,REAL_PUBLIC_SOURCE,M000734,cpse_material_corpus.csv,733,2026-09-19T00:42:48.205395,1.0
,,ntpctender.ntpc.co.in,"Identification of Vendors for Design, Manufacture, Supply, Erection,",,,,,,,,,,,,,,,,,,,,,,,,,,,,,,,,nan,,REAL_PUBLIC_SOURCE,M000735,cpse_material_corpus.csv,734,2026-09-19T00:42:48.205395,1.0
,,ntpctender.ntpc.co.in,"Identiﬁcation of Vendors for Design, Manufacture, Supply, Erection,",,,,,,,,,,,,,,,,,,,,,,,,,,,,,,,,nan,,REAL_PUBLIC_SOURCE,M000736,cpse_material_corpus.csv,735,2026-09-19T00:42:48.205395,1.0
,,ntpctender.ntpc.co.in,Issue of DRY FLY ASH from NTPC Sipat,,,,,,,,,,,,,,,,,,,,,,,,,,,,,,,,nan,,REAL_PUBLIC_SOURCE,M000737,cpse_material_corpus.csv,736,2026-09-19T00:42:48.205395,1.0
,,ntpctender.ntpc.co.in,"Loading, Transportation, Unloading",,,,,,,,,,,,,,,,,,,,,,,,,,,,,,,,nan,,REAL_PUBLIC_SOURCE,M000738,cpse_material_corpus.csv,737,2026-09-19T00:42:48.205395,1.0
,,ntpctender.ntpc.co.in,Procurement & Installation of 98 Inch Display System,,,,,,,98INCH,,,,,,,,,,,,,,,,,,,,,,,,,nan,,REAL_PUBLIC_SOURCE,M000739,cpse_material_corpus.csv,738,2026-09-19T00:42:48.205395,1.0
,,ntpctender.ntpc.co.in,Procurement of ASTM 517 GR-F Steel,,,,,,,,,,,,,,,,,,,,,,,,,,,,,,,,nan,,REAL_PUBLIC_SOURCE,M000740,cpse_material_corpus.csv,739,2026-09-19T00:42:48.205395,1.0
,,ntpctender.ntpc.co.in,Procurement of Display Systems along,,,,,,,,,,,,,,,,,,,,,,,,,,,,,,,,nan,,REAL_PUBLIC_SOURCE,M000741,cpse_material_corpus.csv,740,2026-09-19T00:42:48.205395,1.0
,,ntpctender.ntpc.co.in,Rate Contract for PAN NTPC,,,,,,,,,,,,,,,,,,,,,,,,,,,,,,,,nan,,REAL_PUBLIC_SOURCE,M000742,cpse_material_corpus.csv,741,2026-09-19T00:42:48.205395,1.0
,,ntpctender.ntpc.co.in,"Supply of Oil Filtration machines, with or without",,,,,,,,,,,,,,,,,,,,,,,,,,,,,,,,nan,,REAL_PUBLIC_SOURCE,M000743,cpse_material_corpus.csv,742,2026-09-19T00:42:48.205395,1.0
,,ntpctender.ntpc.co.in,& 4 mm for the sides. The top & baffle plates shall be of 3 mm' The tank shall be of welded construction &,,,,,,,4MM,,,,,,,,,,,,,,,,,,,,,,,,,nan,,REAL_PUBLIC_SOURCE,M000744,cpse_material_corpus.csv,743,2026-09-19T00:42:48.205395,1.0
,,ntpctender.ntpc.co.in,"& hot vulcanizing) for NN / EP conveyor belt, of be lt width 800 mm or",,,,,,,800MM,,,,,,,,,,,,,,,,,,,,,,,,,nan,,REAL_PUBLIC_SOURCE,M000745,cpse_material_corpus.csv,744,2026-09-19T00:42:48.205395,1.0
,,ntpctender.ntpc.co.in,'CONVEYOR BELT (NN / EP) ABOVE 1400MM WIDTH AND UPTO 1600MM WIDTH” with,,,,,,,1400MM,,,,,,,,,,,,,,,,,,,,,,,,,nan,,REAL_PUBLIC_SOURCE,M000746,cpse_material_corpus.csv,745,2026-09-19T00:42:48.205395,1.0
,,ntpctender.ntpc.co.in,'CONVEYOR BELT (NN/ EP) UPTO 1400MM WIDTH” with Average Annual Turnover (A,,,,,,,1400MM,,,,,,,,,,,,,,,,,,,,,,,,,nan,,REAL_PUBLIC_SOURCE,M000747,cpse_material_corpus.csv,746,2026-09-19T00:42:48.205395,1.0
,,ntpctender.ntpc.co.in,(2) Should have supplied pulverised coal pipe of size of 350 mm or more during last five years as on the date of application,,,Pipe,,,,350MM,,,,,,,,,,,,,,,,,,,,,,,,,nan,,REAL_PUBLIC_SOURCE,M000748,cpse_material_corpus.csv,747,2026-09-19T00:42:48.205395,1.0
,,ntpctender.ntpc.co.in,(RFS) document for setting up of 250 MW/500 MWh STU connected standalone Battery,,,,,,,,,,,,,,,,,,,,,,,,,,,,,,,,nan,,REAL_PUBLIC_SOURCE,M000749,cpse_material_corpus.csv,748,2026-09-19T00:42:48.205395,1.0
,,ntpctender.ntpc.co.in,(VALVE- BALL UP TO 100 MM & CLASS 800:CAT-II &,,,Valve,,,,100MM,,CLASS800,,,,,,,,,,,,,,,,,,,,,,,nan,,REAL_PUBLIC_SOURCE,M000750,cpse_material_corpus.csv,749,2026-09-19T00:42:48.205395,1.0
,,ntpctender.ntpc.co.in,(VALVE-BUTTERFLY UP TO 600MM & CLASS,,,Valve,,,,600MM,,,,,,,,,,,,,,,,,,,,,,,,,nan,,REAL_PUBLIC_SOURCE,M000751,cpse_material_corpus.csv,750,2026-09-19T00:42:48.205395,1.0
,,ntpctender.ntpc.co.in,(a) A chlorine dioxide generator of capacity 10kg/ hour or more,,,,,,,,,,,,,,,,,,,,,,,,,,,,,,,,nan,,REAL_PUBLIC_SOURCE,M000752,cpse_material_corpus.csv,751,2026-09-19T00:42:48.205395,1.0
,,ntpctender.ntpc.co.in,", PIPE ASTM A312,9.53MM,141.3MM,125NB ,",,,Pipe,,,,53MM,,,,,,,,,,,,,,,,,,,,,,,,,nan,,REAL_PUBLIC_SOURCE,M000753,cpse_material_corpus.csv,752,2026-09-19T00:42:48.205395,1.0
,,ntpctender.ntpc.co.in,1. Order Copy evidencing Manufacturer & Supplier of Boiler of unit size 200 MW or,,,,,,,,,,,,,,,,,,,,,,,,,,,,,,,,nan,,REAL_PUBLIC_SOURCE,M000754,cpse_material_corpus.csv,753,2026-09-19T00:42:48.205395,1.0
,,ntpctender.ntpc.co.in,1. Order Copy evidencing Manufacturer & Supplier of Boiler of unit size 200 MW or Higher,,,,,,,,,,,,,,,,,,,,,,,,,,,,,,,,nan,,REAL_PUBLIC_SOURCE,M000755,cpse_material_corpus.csv,754,2026-09-19T00:42:48.205395,1.0
,,ntpctender.ntpc.co.in,1. Power Transformer (66 KV and above): Core shall be,,,,,,,,,,,,,,,,,,,,,,,,,,,,,,,,nan,,REAL_PUBLIC_SOURCE,M000756,cpse_material_corpus.csv,755,2026-09-19T00:42:48.205395,1.0
,,ntpctender.ntpc.co.in,1. The applicant should be manufacturer of NN/EP Conveyor Belt of width 1400 mm or higher,,,,,,,1400MM,,,,,,,,,,,,,,,,,,,,,,,,,nan,,REAL_PUBLIC_SOURCE,M000757,cpse_material_corpus.csv,756,2026-09-19T00:42:48.205395,1.0
,,ntpctender.ntpc.co.in,1. The applicant should be manufacturer of NN/EP Conveyor Belt of width 1600 mm or higher,,,,,,,1600MM,,,,,,,,,,,,,,,,,,,,,,,,,nan,,REAL_PUBLIC_SOURCE,M000758,cpse_material_corpus.csv,757,2026-09-19T00:42:48.205395,1.0
,,ntpctender.ntpc.co.in,1. The applicant should be manufacturer of NN/EP Conveyor Belt of width 1800 mm or higher,,,,,,,1800MM,,,,,,,,,,,,,,,,,,,,,,,,,nan,,REAL_PUBLIC_SOURCE,M000759,cpse_material_corpus.csv,758,2026-09-19T00:42:48.205395,1.0
,,ntpctender.ntpc.co.in,1. The applicant should be manufacturer of NN/EP Conveyor Belt of width 2000 mm or higher,,,,,,,2000MM,,,,,,,,,,,,,,,,,,,,,,,,,nan,,REAL_PUBLIC_SOURCE,M000760,cpse_material_corpus.csv,759,2026-09-19T00:42:48.205395,1.0
,,ntpctender.ntpc.co.in,1. The applicant should be manufacturer of NN/EP Conveyor Belt of width 2200 mm or higher,,,,,,,2200MM,,,,,,,,,,,,,,,,,,,,,,,,,nan,,REAL_PUBLIC_SOURCE,M000761,cpse_material_corpus.csv,760,2026-09-19T00:42:48.205395,1.0
,,ntpctender.ntpc.co.in,1.1.2 The bidder should have executed Similar work(s) of Gas Turbine of capacity of 60 MW,,,,,,,,,,,,,,,,,,,,,,,,,,,,,,,,nan,,REAL_PUBLIC_SOURCE,M000762,cpse_material_corpus.csv,761,2026-09-19T00:42:48.205395,1.0
,,ntpctender.ntpc.co.in,1.1.2 The bidder should have executed contract for supply of Transformer of voltage rating 6.6 KV or abov,,,,,,,,,,,,,,,,,,,,,,,,,,,,,,,,nan,,REAL_PUBLIC_SOURCE,M000763,cpse_material_corpus.csv,762,2026-09-19T00:42:48.205395,1.0
,,ntpctender.ntpc.co.in,1.10 MW rating of Generator,,,,,,,,,,,,,,,,,,,,,,,,,,,,,,,,nan,,REAL_PUBLIC_SOURCE,M000764,cpse_material_corpus.csv,763,2026-09-19T00:42:48.205395,1.0
,,ntpctender.ntpc.co.in,1.4.4 Pressure meter test set up capable to apply pressure up to 80 kg/sq.cm - One (1),,,,,,,,,,,,,,,,,,,,,,,,,,,,,,,,nan,,REAL_PUBLIC_SOURCE,M000765,cpse_material_corpus.csv,764,2026-09-19T00:42:48.205395,1.0
,,ntpctender.ntpc.co.in,"1000 A, TRANSFORMER BUSHING 17.5 KV 1000 A",,,,,,,,,,,,,,,,,,,,,,,,,,,,,,,,nan,,REAL_PUBLIC_SOURCE,M000766,cpse_material_corpus.csv,765,2026-09-19T00:42:48.205395,1.0
,,ntpctender.ntpc.co.in,"100MM , 20_ M1616254395_ PIPE: IS1239-1 MEDIUM, GLV,",,,Pipe,,,,100MM,,,,,,,,,,,,,,,,,,,,,,,,,nan,,REAL_PUBLIC_SOURCE,M000767,cpse_material_corpus.csv,766,2026-09-19T00:42:48.205395,1.0
,,ntpctender.ntpc.co.in,10: M8595280375 LIGHTING ARRESTER: 400 KV: SA WITH,,,,,,,,,,,,,,,,,,,,,,,,,,,,,,,,nan,,REAL_PUBLIC_SOURCE,M000768,cpse_material_corpus.csv,767,2026-09-19T00:42:48.205395,1.0
,,ntpctender.ntpc.co.in,10: M8595280375 LIGHTING ARRESTER: 400 KV: SA WITH POLYMER ( 30 the number pi,,,,,,,,,,,,,,,,,,,,,,,,,,,,,,,,nan,,REAL_PUBLIC_SOURCE,M000769,cpse_material_corpus.csv,768,2026-09-19T00:42:48.205395,1.0
,,ntpctender.ntpc.co.in,"10_ M1613514555_ PIPE, BLK, CS, FE410, 9.5MM, 457MM,",,,Pipe,Carbon Steel,,,5MM,,,,,,,,,,,,,,,,,,,,,,,,,nan,,REAL_PUBLIC_SOURCE,M000770,cpse_material_corpus.csv,769,2026-09-19T00:42:48.205395,1.0
,,ntpctender.ntpc.co.in,"10_ M1613514555_ PIPE, BLK, CS, FE410, 9.5MM, 457MM, 450MM ( 4000 meter )",,,Pipe,Carbon Steel,,,5MM,,,,,,,,,,,,,,,,,,,,,,,,,nan,,REAL_PUBLIC_SOURCE,M000771,cpse_material_corpus.csv,770,2026-09-19T00:42:48.205395,1.0
,,ntpctender.ntpc.co.in,"10_ M1616248370_ PIPE: IS1239-1 MEDIUM, GLV, ERW, PL, 100MM ( 1000 meter )",,,Pipe,,,,100MM,,,,,,,,,,,,,,,,,,,,,,,,,nan,,REAL_PUBLIC_SOURCE,M000772,cpse_material_corpus.csv,771,2026-09-19T00:42:48.205395,1.0
,,ntpctender.ntpc.co.in,"11KV DG Sets, Fire Water Pump House, 33KV and 11KV Transmission Line,",,,,,,,,,,,,,,,,,,,,,,,,,,,,,,,,nan,,REAL_PUBLIC_SOURCE,M000773,cpse_material_corpus.csv,772,2026-09-19T00:42:48.205395,1.0
,,ntpctender.ntpc.co.in,12. Valve size up to 900NB / Class up to 4500 / Unit size up to 800MW,,,Valve,,,,,,,,,,,,,,,,,,,,,,,,,,,,,nan,,REAL_PUBLIC_SOURCE,M000774,cpse_material_corpus.csv,773,2026-09-19T00:42:48.205395,1.0
,,ntpctender.ntpc.co.in,125 MW/ 500 MWh STU-Connected Battery Energy Storage System,,,,,,,,,,,,,,,,,,,,,,,,,,,,,,,,nan,,REAL_PUBLIC_SOURCE,M000775,cpse_material_corpus.csv,774,2026-09-19T00:42:48.205395,1.0
,,ntpctender.ntpc.co.in,14) Agency has to supply the Refractory in 50 KG polythene/HDPE bags with extra liner. The thickness of,,,,,,,,,,,,,,,,,,,,,,,,,,,,,,,,nan,,REAL_PUBLIC_SOURCE,M000776,cpse_material_corpus.csv,775,2026-09-19T00:42:48.205395,1.0
,,ntpctender.ntpc.co.in,14. Valve size up to 900NB / Class up to 4500 / Unit size up to 800MW,,,Valve,,,,,,,,,,,,,,,,,,,,,,,,,,,,,nan,,REAL_PUBLIC_SOURCE,M000777,cpse_material_corpus.csv,776,2026-09-19T00:42:48.205395,1.0
,,ntpctender.ntpc.co.in,150 MW or above capacity. These steam turbine and generator should have been in successful operation for a,,,,,,,,,,,,,,,,,,,,,,,,,,,,,,,,nan,,REAL_PUBLIC_SOURCE,M000778,cpse_material_corpus.csv,777,2026-09-19T00:42:48.205395,1.0
,,ntpctender.ntpc.co.in,16MEG-23 - MS Pipe / Tube (15mm,,,Pipe,,,,15MM,,,,,,,,,,,,,,,,,,,,,,,,,nan,,REAL_PUBLIC_SOURCE,M000779,cpse_material_corpus.csv,778,2026-09-19T00:42:48.205395,1.0
,,ntpctender.ntpc.co.in,2 inch pipe mounting clamp,,,Pipe,,,,2INCH,,,,,,,,,,,,,,,,,,,,,,,,,nan,,REAL_PUBLIC_SOURCE,M000780,cpse_material_corpus.csv,779,2026-09-19T00:42:48.205395,1.0
,,ntpctender.ntpc.co.in,2. Brief Scope of Work: “Supply and replacement of S-panel tubes for stage#1(2*500MW) units at,,,,,,,,,,,,,,,,,,,,,,,,,,,,,,,,nan,,REAL_PUBLIC_SOURCE,M000781,cpse_material_corpus.csv,780,2026-09-19T00:42:48.205395,1.0
,,ntpctender.ntpc.co.in,2. Brief Scope of Work: “Supply and replacement works of S -panel tubes for stage#1(2*500MW),,,,,,,,,,,,,,,,,,,,,,,,,,,,,,,,nan,,REAL_PUBLIC_SOURCE,M000782,cpse_material_corpus.csv,781,2026-09-19T00:42:48.205395,1.0
,,ntpctender.ntpc.co.in,2.0 MEG DESCRIPTION CONVEYOR BELT (NN / EP) above 1400 mm width,,,,,,,1400MM,,,,,,,,,,,,,,,,,,,,,,,,,nan,,REAL_PUBLIC_SOURCE,M000783,cpse_material_corpus.csv,782,2026-09-19T00:42:48.205395,1.0
,,ntpctender.ntpc.co.in,2.0 MEG DESCRIPTION CONVEYOR BELT (NN/ EP) above 1600 mm width,,,,,,,1600MM,,,,,,,,,,,,,,,,,,,,,,,,,nan,,REAL_PUBLIC_SOURCE,M000784,cpse_material_corpus.csv,783,2026-09-19T00:42:48.205395,1.0
,,ntpctender.ntpc.co.in,2.0 MEG DESCRIPTION CONVEYOR BELT (NN/ EP) above 1800 mm width,,,,,,,1800MM,,,,,,,,,,,,,,,,,,,,,,,,,nan,,REAL_PUBLIC_SOURCE,M000785,cpse_material_corpus.csv,784,2026-09-19T00:42:48.205395,1.0
,,ntpctender.ntpc.co.in,2.0 MEG DESCRIPTION CONVEYOR BELT (NN/ EP) above 2000 mm width,,,,,,,2000MM,,,,,,,,,,,,,,,,,,,,,,,,,nan,,REAL_PUBLIC_SOURCE,M000786,cpse_material_corpus.csv,785,2026-09-19T00:42:48.205395,1.0
,,ntpctender.ntpc.co.in,2.0 MEG DESCRIPTION CONVEYOR BELT (NN/ EP) up to 1400 mm width,,,,,,,1400MM,,,,,,,,,,,,,,,,,,,,,,,,,nan,,REAL_PUBLIC_SOURCE,M000787,cpse_material_corpus.csv,786,2026-09-19T00:42:48.205395,1.0
,,ntpctender.ntpc.co.in,2.1.0 For Steam Generator of 250MW Unit,,,,,,,,,,,,,,,,,,,,,,,,,,,,,,,,nan,,REAL_PUBLIC_SOURCE,M000788,cpse_material_corpus.csv,787,2026-09-19T00:42:48.205395,1.0
,,ntpctender.ntpc.co.in,2.2.0 For Steam Turbine Generator of 250 MW Unit,,,,,,,,,,,,,,,,,,,,,,,,,,,,,,,,nan,,REAL_PUBLIC_SOURCE,M000789,cpse_material_corpus.csv,788,2026-09-19T00:42:48.205395,1.0
,,ntpctender.ntpc.co.in,2.A EOT CRANE & ELECTRIC HOIST >5 MT,,,,,,,,,,,,,,,,,,,,,,,,,,,,,,,,nan,,REAL_PUBLIC_SOURCE,M000790,cpse_material_corpus.csv,789,2026-09-19T00:42:48.205395,1.0
,,ntpctender.ntpc.co.in,200 MW or above unit capacity Turbine during the last 5 years as on,,,,,,,,,,,,,,,,,,,,,,,,,,,,,,,,nan,,REAL_PUBLIC_SOURCE,M000791,cpse_material_corpus.csv,790,2026-09-19T00:42:48.205395,1.0
,,ntpctender.ntpc.co.in,"200/500/600 MW sub-critical, 660 MW and 800 MW super-critical steam turbine",,,,,,,,,,,,,,,,,,,,,,,,,,,,,,,,nan,,REAL_PUBLIC_SOURCE,M000792,cpse_material_corpus.csv,791,2026-09-19T00:42:48.205395,1.0
,,ntpctender.ntpc.co.in,"20_ M1616254395_ PIPE: IS1239-1 MEDIUM, GLV, ERW, PL, 125MM ( 300 meter )",,,Pipe,,,,125MM,,,,,,,,,,,,,,,,,,,,,,,,,nan,,REAL_PUBLIC_SOURCE,M000793,cpse_material_corpus.csv,792,2026-09-19T00:42:48.205395,1.0
,,ntpctender.ntpc.co.in,250 MW/ 500 MWh STU-Connected Battery Energy Storage System,,,,,,,,,,,,,,,,,,,,,,,,,,,,,,,,nan,,REAL_PUBLIC_SOURCE,M000794,cpse_material_corpus.csv,793,2026-09-19T00:42:48.205395,1.0
,,ntpctender.ntpc.co.in,297/676 Does Bidder need to Consider 33KV Cable only as 33kV poles,,,Cable,,,,,,,,,,,,,,,,,,,,,,,,,,,,,nan,,REAL_PUBLIC_SOURCE,M000795,cpse_material_corpus.csv,794,2026-09-19T00:42:48.205395,1.0
,,ntpctender.ntpc.co.in,"2HP motor , Dosing Pump , Rewinding of 3 ph 1.5 HP motor ,",,,,,,,,,,,,,,,,,,,,,,,,,,,,,,,,nan,,REAL_PUBLIC_SOURCE,M000796,cpse_material_corpus.csv,795,2026-09-19T00:42:48.205395,1.0
,,ntpctender.ntpc.co.in,300 (VALVE- DUAL PLATE CHECK UP TO 600MM &,,,Valve,,,,600MM,,,,,,,,,,,,,,,,,,,,,,,,,nan,,REAL_PUBLIC_SOURCE,M000797,cpse_material_corpus.csv,796,2026-09-19T00:42:48.205395,1.0
,,ntpctender.ntpc.co.in,"3156, Distribution Transformer, 3 Phase, 33 KV, > 200 KVA",,,,,,,,,,,,,,,,,,,,,,,,,,,,,,,,nan,,REAL_PUBLIC_SOURCE,M000798,cpse_material_corpus.csv,797,2026-09-19T00:42:48.205395,1.0
,,ntpctender.ntpc.co.in,33KV Switchgear located,,,,,,,,,,,,,,,,,,,,,,,,,,,,,,,,nan,,REAL_PUBLIC_SOURCE,M000799,cpse_material_corpus.csv,798,2026-09-19T00:42:48.205395,1.0
,,ntpctender.ntpc.co.in,3A.24 Factory /Works where the Steam turbine equal to 150 MW,,,,,,,,,,,,,,,,,,,,,,,,,,,,,,,,nan,,REAL_PUBLIC_SOURCE,M000800,cpse_material_corpus.csv,799,2026-09-19T00:42:48.205395,1.0
,,ntpctender.ntpc.co.in,3B.10 MW rating of Generator,,,,,,,,,,,,,,,,,,,,,,,,,,,,,,,,nan,,REAL_PUBLIC_SOURCE,M000801,cpse_material_corpus.csv,800,2026-09-19T00:42:48.205395,1.0
,,ntpctender.ntpc.co.in,"3HP motor , SODIUM HYPOCHLORIDE , LIME , UREA , Alum ,",,,,,,,,,,,,,,,,,,,,,,,,,,,,,,,,nan,,REAL_PUBLIC_SOURCE,M000802,cpse_material_corpus.csv,801,2026-09-19T00:42:48.205395,1.0
,,ntpctender.ntpc.co.in,400 KV CURRENT TRANSFORMER,,,,,,,,,,,,,,,,,,,,,,,,,,,,,,,,nan,,REAL_PUBLIC_SOURCE,M000803,cpse_material_corpus.csv,802,2026-09-19T00:42:48.205395,1.0
,,ntpctender.ntpc.co.in,"4000 A, TRANSFORMER BUSHING 17.5 KV 1000 A,",,,,,,,,,,,,,,,,,,,,,,,,,,,,,,,,nan,,REAL_PUBLIC_SOURCE,M000804,cpse_material_corpus.csv,803,2026-09-19T00:42:48.205395,1.0
,,ntpctender.ntpc.co.in,400KV RIP bushing for ICT-2 Transformer,,,,,,,,,,,,,,,,,,,,,,,,,,,,,,,,nan,,REAL_PUBLIC_SOURCE,M000805,cpse_material_corpus.csv,804,2026-09-19T00:42:48.205395,1.0
,,ntpctender.ntpc.co.in,400KV Shunt reactor is already covered in NIMEP 1&2 hence deleted in NIMEP 3&4,,,,,,,,,,,,,,,,,,,,,,,,,,,,,,,,nan,,REAL_PUBLIC_SOURCE,M000806,cpse_material_corpus.csv,805,2026-09-19T00:42:48.205395,1.0
,,ntpctender.ntpc.co.in,"41 Petrol Driven Positive Pressure Ventilator ) - 16"" Size - Engine of 5.5 HP, 16"" Fan Size,(Blower",,,,,,,,,,,,,,,,,,,,,,,,,,,,,,,,nan,,REAL_PUBLIC_SOURCE,M000807,cpse_material_corpus.csv,806,2026-09-19T00:42:48.205395,1.0
,,ntpctender.ntpc.co.in,420KV BUS POST INSULATOR,,,,,,,,,,,,,,,,,,,,,,,,,,,,,,,,nan,,REAL_PUBLIC_SOURCE,M000808,cpse_material_corpus.csv,807,2026-09-19T00:42:48.205395,1.0
,,ntpctender.ntpc.co.in,"450MM , M2430725562: ELECTRODE-HARD FCNG,",,,,,,,450MM,,,,,,,,,,,,,,,,,,,,,,,,,nan,,REAL_PUBLIC_SOURCE,M000809,cpse_material_corpus.csv,808,2026-09-19T00:42:48.205395,1.0
,,ntpctender.ntpc.co.in,5. 1/2 INCH BALL VALVE-02 NOS,,,Valve,,,,2INCH,,,,,,,,,,,,,,,,,,,,,,,,,nan,,REAL_PUBLIC_SOURCE,M000810,cpse_material_corpus.csv,809,2026-09-19T00:42:48.205395,1.0
,,ntpctender.ntpc.co.in,62 APRON FEEDER WITH DRIBBLE CONVEYOR (1600 TPH RATED)I CHP,,,,,,,,,,,,,,,,,,,,,,,,,,,,,,,,nan,,REAL_PUBLIC_SOURCE,M000811,cpse_material_corpus.csv,810,2026-09-19T00:42:48.205395,1.0
,,ntpctender.ntpc.co.in,7 NOTES: 1.0 Similar work means: Work of chemical cleaning of Boiler of 500 MW o r,,,,,,,,,,,,,,,,,,,,,,,,,,,,,,,,nan,,REAL_PUBLIC_SOURCE,M000812,cpse_material_corpus.csv,811,2026-09-19T00:42:48.205395,1.0
,,ntpctender.ntpc.co.in,7.1.1 Bidder should be a manufacturer of 33 KV or above rating Switchgear with,,,,,,,,,,,,,,,,,,,,,,,,,,,,,,,,nan,,REAL_PUBLIC_SOURCE,M000813,cpse_material_corpus.csv,812,2026-09-19T00:42:48.205395,1.0
,,ntpctender.ntpc.co.in,7.3 The water tank shall be fabricated out of minimum 5 mm thick SS plates,,,,Stainless Steel,,,5MM,,,,,,,,,,,,,,,,,,,,,,,,,nan,,REAL_PUBLIC_SOURCE,M000814,cpse_material_corpus.csv,813,2026-09-19T00:42:48.205395,1.0
,,ntpctender.ntpc.co.in,80 MW ( in case of ABB/Alstom make Gas Turbine) ISO,,,,,,,,,,,,,,,,,,,,,,,,,,,,,,,,nan,,REAL_PUBLIC_SOURCE,M000815,cpse_material_corpus.csv,814,2026-09-19T00:42:48.205395,1.0
,,ntpctender.ntpc.co.in,"89 PIPE-SS SEAMLESS II RATNAMANI METALS & TUBES MEHSANA A OD up to 168.3, thick up to 3.4 mm, as per",,,Pipe,Stainless Steel,,,4MM,,,,,,,,,,,,,,,,,,,,,,,,,nan,,REAL_PUBLIC_SOURCE,M000816,cpse_material_corpus.csv,815,2026-09-19T00:42:48.205395,1.0
,,ntpctender.ntpc.co.in,A 50mm diameter drain line with a ball/ butterfly valve shall also be provided to drain the tank for,,,Valve,,,,50MM,,,,,,,,,,,,,,,,,,,,,,,,,nan,,REAL_PUBLIC_SOURCE,M000817,cpse_material_corpus.csv,816,2026-09-19T00:42:48.205395,1.0
,,ntpctender.ntpc.co.in,Air Pressurization System for Generator /Isolated Phase Bus duct in Unit of 200 MW,,,,,,,,,,,,,,,,,,,,,,,,,,,,,,,,nan,,REAL_PUBLIC_SOURCE,M000818,cpse_material_corpus.csv,817,2026-09-19T00:42:48.205395,1.0
,,ntpctender.ntpc.co.in,BOILER & AUXILIARIES OF TWO UNITS OF 200 MW BOILER,,,,,,,,,,,,,,,,,,,,,,,,,,,,,,,,nan,,REAL_PUBLIC_SOURCE,M000819,cpse_material_corpus.csv,818,2026-09-19T00:42:48.205395,1.0
,,ntpctender.ntpc.co.in,"BUSHING 11 KV 2000 A, TRANSFORMER BUSHING 3.6 KV",,,,,,,,,,,,,,,,,,,,,,,,,,,,,,,,nan,,REAL_PUBLIC_SOURCE,M000820,cpse_material_corpus.csv,819,2026-09-19T00:42:48.205395,1.0
,,ntpctender.ntpc.co.in,"BUSHING 3.3 KV 630 A, TRANSFORMER BUSHING 3.3 KV",,,,,,,,,,,,,,,,,,,,,,,,,,,,,,,,nan,,REAL_PUBLIC_SOURCE,M000821,cpse_material_corpus.csv,820,2026-09-19T00:42:48.205395,1.0
,,ntpctender.ntpc.co.in,"BUSHING,MP and GASKET,3.6KV,2000A,AREVA ,",,,,,,,,,,,,,,,,,,,,,,,,,,,,,,,,nan,,REAL_PUBLIC_SOURCE,M000822,cpse_material_corpus.csv,821,2026-09-19T00:42:48.205395,1.0
,,ntpctender.ntpc.co.in,Blocks of 40 MW 160 MWh each) Battery Energy Storage System (BESS) on turnkey basis,,,,,,,,,,,,,,,,,,,,,,,,,,,,,,,,nan,,REAL_PUBLIC_SOURCE,M000823,cpse_material_corpus.csv,822,2026-09-19T00:42:48.205395,1.0
,,ntpctender.ntpc.co.in,Boiler manufacturer manufacturing and supplying boilers for a power plant of 200 MW,,,,,,,,,,,,,,,,,,,,,,,,,,,,,,,,nan,,REAL_PUBLIC_SOURCE,M000824,cpse_material_corpus.csv,823,2026-09-19T00:42:48.205395,1.0
,,ntpctender.ntpc.co.in,Boiler of minimum 200 MW capacity,,,,,,,,,,,,,,,,,,,,,,,,,,,,,,,,nan,,REAL_PUBLIC_SOURCE,M000825,cpse_material_corpus.csv,824,2026-09-19T00:42:48.205395,1.0
,,ntpctender.ntpc.co.in,Boiler*/Turbine**/BOPs*** of 500 MW or,,,,,,,,,,,,,,,,,,,,,,,,,,,,,,,,nan,,REAL_PUBLIC_SOURCE,M000826,cpse_material_corpus.csv,825,2026-09-19T00:42:48.205395,1.0
,,ntpctender.ntpc.co.in,Boiler*/Turbine**/BOPs*** of 500 MW or above capacity,,,,,,,,,,,,,,,,,,,,,,,,,,,,,,,,nan,,REAL_PUBLIC_SOURCE,M000827,cpse_material_corpus.csv,826,2026-09-19T00:42:48.205395,1.0
,,ntpctender.ntpc.co.in,Boiler*/Turbine**/BOPs*** of 500 MW or above capacity Power Plant for a,,,,,,,,,,,,,,,,,,,,,,,,,,,,,,,,nan,,REAL_PUBLIC_SOURCE,M000828,cpse_material_corpus.csv,827,2026-09-19T00:42:48.205395,1.0
,,ntpctender.ntpc.co.in,Boiler*/Turbine**/BOPs*** of 500 MW or above capacity Power Plant for a period of,,,,,,,,,,,,,,,,,,,,,,,,,,,,,,,,nan,,REAL_PUBLIC_SOURCE,M000829,cpse_material_corpus.csv,828,2026-09-19T00:42:48.205395,1.0
,,ntpctender.ntpc.co.in,"CABLE, PWR, 150MM2, 1C, STRANDED, AL, 11KV",,,Cable,,,,,,,,,,,,,,,,,,,,150,SQ.MM,,,,,,,,nan,,REAL_PUBLIC_SOURCE,M000830,cpse_material_corpus.csv,829,2026-09-19T00:42:48.205395,1.0
,,ntpctender.ntpc.co.in,"CABLE, PWR, 150MM2, 1C, STRANDED, AL, 11KV ( 6000 meter )",,,Cable,,,,,,,,,,,,,,,,,,,,150,SQ.MM,,,,,,,,nan,,REAL_PUBLIC_SOURCE,M000831,cpse_material_corpus.csv,830,2026-09-19T00:42:48.205395,1.0
,,ntpctender.ntpc.co.in,"CABLE, PWR, 150MM2, 1C, STRANDED, AL, 11KV , CABLE,",,,Cable,,,,,,,,,,,,,,,,,,,,150,SQ.MM,,,,,,,,nan,,REAL_PUBLIC_SOURCE,M000832,cpse_material_corpus.csv,831,2026-09-19T00:42:48.205395,1.0
,,ntpctender.ntpc.co.in,"CABLE, PWR, 240MM2, 1C, STRANDED, AL, 11KV ( 24000 meter )",,,Cable,,,,,,,,,,,,,,,,,,,,240,SQ.MM,,,,,,,,nan,,REAL_PUBLIC_SOURCE,M000833,cpse_material_corpus.csv,832,2026-09-19T00:42:48.205395,1.0
,,ntpctender.ntpc.co.in,"CABLE,PWR,240MM2,1C,STRANDED,AL,11KV",,,Cable,,,,,,,,,,,,,,,,,,,,240,SQ.MM,,,,,,,,nan,,REAL_PUBLIC_SOURCE,M000834,cpse_material_corpus.csv,833,2026-09-19T00:42:48.205395,1.0
,,ntpctender.ntpc.co.in,CENTURY CRANE ENGINEERS PVT. LTD BALLABHGARH A UP TO 60 MT EOT CRANE,,,,,,,,,,,,,,,,,,,,,,,,,,,,,,,,nan,,REAL_PUBLIC_SOURCE,M000835,cpse_material_corpus.csv,834,2026-09-19T00:42:48.205395,1.0
,,ntpctender.ntpc.co.in,"CONSOLIDATED HOIST SATARA /PUNE * A SATARA UP TO 60 MT HOIST,*PUNE FOR",,,,,,,,,,,,,,,,,,,,,,,,,,,,,,,,nan,,REAL_PUBLIC_SOURCE,M000836,cpse_material_corpus.csv,835,2026-09-19T00:42:48.205395,1.0
,,ntpctender.ntpc.co.in,CRANE PROCESS FLOW SATARA A UP TO 900MM PN10,,,,,,,900MM,,PN10,,,,,,,,,,,,,,,,,,,,,,,nan,,REAL_PUBLIC_SOURCE,M000837,cpse_material_corpus.csv,836,2026-09-19T00:42:48.205395,1.0
,,ntpctender.ntpc.co.in,Cable for Working Voltage up to and Including 1.1 KV,,,Cable,,,,,,,,,,,,,,,,,,,,,,,,,,,,,nan,,REAL_PUBLIC_SOURCE,M000838,cpse_material_corpus.csv,837,2026-09-19T00:42:48.205395,1.0
,,ntpctender.ntpc.co.in,Cable for Working Voltage up to and Including 1.1 KV Marked,,,Cable,,,,,,,,,,,,,,,,,,,,,,,,,,,,,nan,,REAL_PUBLIC_SOURCE,M000839,cpse_material_corpus.csv,838,2026-09-19T00:42:48.205395,1.0
,,ntpctender.ntpc.co.in,Cable for Working Voltages up to and Including 1.1 KV as,,,Cable,,,,,,,,,,,,,,,,,,,,,,,,,,,,,nan,,REAL_PUBLIC_SOURCE,M000840,cpse_material_corpus.csv,839,2026-09-19T00:42:48.205395,1.0
,,ntpctender.ntpc.co.in,"Cable, Pwr, 240mm2, 1c, Stranded, Al, 11kv",,,Cable,,,,,,,,,,,,,,,,,,,,240,SQ.MM,,,,,,,,nan,,REAL_PUBLIC_SOURCE,M000841,cpse_material_corpus.csv,840,2026-09-19T00:42:48.205395,1.0
,,ntpctender.ntpc.co.in,"Commissioning of 15.75/230 KV, 195 MVA, 3phase Steam Turbine Generator",,,,,,,,,,,,,,,,,,,,,,,,,,,,,,,,nan,,REAL_PUBLIC_SOURCE,M000842,cpse_material_corpus.csv,841,2026-09-19T00:42:48.205395,1.0
,,ntpctender.ntpc.co.in,Contractor enlistment for Overhauling of TDBFP drive turbine for 490 MW,,,,,,,,,,,,,,,,,,,,,,,,,,,,,,,,nan,,REAL_PUBLIC_SOURCE,M000843,cpse_material_corpus.csv,842,2026-09-19T00:42:48.205395,1.0
,,ntpctender.ntpc.co.in,Converyer Belt 1400mm,,,,,,,1400MM,,,,,,,,,,,,,,,,,,,,,,,,,nan,,REAL_PUBLIC_SOURCE,M000844,cpse_material_corpus.csv,843,2026-09-19T00:42:48.205395,1.0
,,ntpctender.ntpc.co.in,"Copper Tube 104.9mm-OFB, XLPE Cable for Working",,,Pipe,,,,9MM,,,,,,,,,,,,,,,,,,,,,,,,,nan,,REAL_PUBLIC_SOURCE,M000845,cpse_material_corpus.csv,844,2026-09-19T00:42:48.205395,1.0
,,ntpctender.ntpc.co.in,Crane (15 MT or Above) and Fork Lift (3MT or Above)”,,,,,,,,,,,,,,,,,,,,,,,,,,,,,,,,nan,,REAL_PUBLIC_SOURCE,M000846,cpse_material_corpus.csv,845,2026-09-19T00:42:48.205395,1.0
,,ntpctender.ntpc.co.in,Development of 6 MW Floating Solar PV Project coupled with 6 MW /24 MWhr Battery,,,,,,,,,,,,,,,,,,,,,,,,,,,,,,,,nan,,REAL_PUBLIC_SOURCE,M000847,cpse_material_corpus.csv,846,2026-09-19T00:42:48.205395,1.0
,,ntpctender.ntpc.co.in,"Distribution Transformer, 3 Phase, 33 KV, > 200 KVA Up to",,,,,,,,,,,,,,,,,,,,,,,,,,,,,,,,nan,,REAL_PUBLIC_SOURCE,M000848,cpse_material_corpus.csv,847,2026-09-19T00:42:48.205395,1.0
,,ntpctender.ntpc.co.in,EDDY CRANE PUNE A UPTO 10 MT,,,,,,,,,,,,,,,,,,,,,,,,,,,,,,,,nan,,REAL_PUBLIC_SOURCE,M000849,cpse_material_corpus.csv,848,2026-09-19T00:42:48.205395,1.0
,,ntpctender.ntpc.co.in,ELECTRIC HOIST UPTO 15 MT,,,,,,,,,,,,,,,,,,,,,,,,,,,,,,,,nan,,REAL_PUBLIC_SOURCE,M000850,cpse_material_corpus.csv,849,2026-09-19T00:42:48.205395,1.0
,,ntpctender.ntpc.co.in,"ELECTRODE-HARD FCNG,TUBULAR,HI TMP,400MM",,,,,,,400MM,,,,,,,,,,,,,,,,,,,,,,,,,nan,,REAL_PUBLIC_SOURCE,M000851,cpse_material_corpus.csv,850,2026-09-19T00:42:48.205395,1.0
,,ntpctender.ntpc.co.in,ELECTROTHERAPHY RISHRA A UPTO 15 MT FOR ELECTRIC HOIST ONLY,,,,,,,,,,,,,,,,,,,,,,,,,,,,,,,,nan,,REAL_PUBLIC_SOURCE,M000852,cpse_material_corpus.csv,851,2026-09-19T00:42:48.205395,1.0
,,ntpctender.ntpc.co.in,EPC PACKAGE FOR DEVELOPMENT OF 800MW/3200MWH BATTERY,,,,,,,,,,,,,,,,,,,,,,,,,,,,,,,,nan,,REAL_PUBLIC_SOURCE,M000853,cpse_material_corpus.csv,852,2026-09-19T00:42:48.205395,1.0
,,ntpctender.ntpc.co.in,EPC Package for Development of 800MW/3200MWh Battery Energy Storage System (BESS) at,,,,,,,,,,,,,,,,,,,,,,,,,,,,,,,,nan,,REAL_PUBLIC_SOURCE,M000854,cpse_material_corpus.csv,853,2026-09-19T00:42:48.205395,1.0
,,ntpctender.ntpc.co.in,"Evacuation system upto owner's 33 KV pooling switchgear , Cables, Communication",,,Cable,,,,,,,,,,,,,,,,,,,,,,,,,,,,,nan,,REAL_PUBLIC_SOURCE,M000855,cpse_material_corpus.csv,854,2026-09-19T00:42:48.205395,1.0
,,ntpctender.ntpc.co.in,FLANGE-S:ANSI:B16.5 CL-150:SLIP-ON:500MM(20INCH),,,,,,,500MM,,,,,,,,,,,,,,,,,,,,,,,,,nan,,REAL_PUBLIC_SOURCE,M000856,cpse_material_corpus.csv,855,2026-09-19T00:42:48.205395,1.0
,,ntpctender.ntpc.co.in,"FLANGE-S:ASA:B16.5 CL-150 A182:SLIP-ON:25MM(1INCH,",,,,,,,25MM,,,,,,,,,,,,,,,,,,,,,,,,,nan,,REAL_PUBLIC_SOURCE,M000857,cpse_material_corpus.csv,856,2026-09-19T00:42:48.205395,1.0
,,ntpctender.ntpc.co.in,"FLANGE-S:ASA:B16.5 CL-150 A182:SLIP-ON:450MM(18INCH),",,,,,,,450MM,,,,,,,,,,,,,,,,,,,,,,,,,nan,,REAL_PUBLIC_SOURCE,M000858,cpse_material_corpus.csv,857,2026-09-19T00:42:48.205395,1.0
,,ntpctender.ntpc.co.in,"FLANGE-S:ASA:B16.5 CL-150 A182:SLIP-ON:50MM(2INCH,",,,,,,,50MM,,,,,,,,,,,,,,,,,,,,,,,,,nan,,REAL_PUBLIC_SOURCE,M000859,cpse_material_corpus.csv,858,2026-09-19T00:42:48.205395,1.0
,,ntpctender.ntpc.co.in,"FLANGE-S:ASA:B16.5 CL-150 A182:SLIP-ON:65MM, FLANGE",,,,,,,65MM,,,,,,,,,,,,,,,,,,,,,,,,,nan,,REAL_PUBLIC_SOURCE,M000860,cpse_material_corpus.csv,859,2026-09-19T00:42:48.205395,1.0
,,ntpctender.ntpc.co.in,"FORECH CHENNAI A FABRIC BELT UPTO 2000 MM WIDTH ,",,,,,,,2000MM,,,,,,,,,,,,,,,,,,,,,,,,,nan,,REAL_PUBLIC_SOURCE,M000861,cpse_material_corpus.csv,860,2026-09-19T00:42:48.205395,1.0
,,ntpctender.ntpc.co.in,"GASKET,17.5KV,1000A,AREVA , M8752065803LV",,,,,,,,,,,,,,,,,,,,,,,,,,,,,,,,nan,,REAL_PUBLIC_SOURCE,M000862,cpse_material_corpus.csv,861,2026-09-19T00:42:48.205395,1.0
,,ntpctender.ntpc.co.in,GRIP ENGINEERS FARIDABAD A UPTO 60 MT ELECTRIC HOIST ONLY,,,,,,,,,,,,,,,,,,,,,,,,,,,,,,,,nan,,REAL_PUBLIC_SOURCE,M000863,cpse_material_corpus.csv,862,2026-09-19T00:42:48.205395,1.0
,,ntpctender.ntpc.co.in,GRIP ENGINEERS HYDERABAD A 50 MT (GEARBOX FROM NTPC APPROVED,,,,,,,,,,,,,,,,,,,,,,,,,,,,,,,,nan,,REAL_PUBLIC_SOURCE,M000864,cpse_material_corpus.csv,863,2026-09-19T00:42:48.205395,1.0
,,ntpctender.ntpc.co.in,H.T. CABLE upto 33KV,,,Cable,,,,,,,,,,,,,,,,,,,,,,,,,,,,,nan,,REAL_PUBLIC_SOURCE,M000865,cpse_material_corpus.csv,864,2026-09-19T00:42:48.205395,1.0
,,ntpctender.ntpc.co.in,HERCULES HOIST RAIGAD A UPTO 15 MT FOR ELECTRIC HOIST ONLY,,,,,,,,,,,,,,,,,,,,,,,,,,,,,,,,nan,,REAL_PUBLIC_SOURCE,M000866,cpse_material_corpus.csv,865,2026-09-19T00:42:48.205395,1.0
,,ntpctender.ntpc.co.in,HINDUSTAN RUBBER SILVASA A FABRIC BELT UPTO 1600 MM WIDTH,,,,,,,1600MM,,,,,,,,,,,,,,,,,,,,,,,,,nan,,REAL_PUBLIC_SOURCE,M000867,cpse_material_corpus.csv,866,2026-09-19T00:42:48.205395,1.0
,,ntpctender.ntpc.co.in,HOIST UPTO 15 MT ONLY. GEARBOX FROM,,,,,,,,,,,,,,,,,,,,,,,,,,,,,,,,nan,,REAL_PUBLIC_SOURCE,M000868,cpse_material_corpus.csv,867,2026-09-19T00:42:48.205395,1.0
,,ntpctender.ntpc.co.in,Hot Gas Path inspection (HGPI) of Gas Turbine of capacity of 60 MW or above in,,,,,,,,,,,,,,,,,,,,,,,,,,,,,,,,nan,,REAL_PUBLIC_SOURCE,M000869,cpse_material_corpus.csv,868,2026-09-19T00:42:48.205395,1.0
,,ntpctender.ntpc.co.in,"IEC:60296 to Transformer Manufacturer(s) of 220 KV or higher class, prior to date of",,,,,,,,,,,,,,,,,,,,,,,,,,,,,,,,nan,,REAL_PUBLIC_SOURCE,M000870,cpse_material_corpus.csv,869,2026-09-19T00:42:48.205395,1.0
,,ntpctender.ntpc.co.in,"IMASS S.A GREECE A FABRIC BELT UPTO 2400 MM WIDTH ,",,,,,,,2400MM,,,,,,,,,,,,,,,,,,,,,,,,,nan,,REAL_PUBLIC_SOURCE,M000871,cpse_material_corpus.csv,870,2026-09-19T00:42:48.205395,1.0
,,ntpctender.ntpc.co.in,"Including 1.1 KV as per IS 7098 (Part 1), leather belt, V",,,,,,,,,,,,,,,,,,,,,,,,,,,,,,,,nan,,REAL_PUBLIC_SOURCE,M000872,cpse_material_corpus.csv,871,2026-09-19T00:42:48.205395,1.0
,,ntpctender.ntpc.co.in,Installation and Commissioning of grid connected 80 MW/320 MWh Battery Energy Storage System,,,,,,,,,,,,,,,,,,,,,,,,,,,,,,,,nan,,REAL_PUBLIC_SOURCE,M000873,cpse_material_corpus.csv,872,2026-09-19T00:42:48.205395,1.0
,,ntpctender.ntpc.co.in,Integration with Owner's 33 KV pooling switchgear,,,,,,,,,,,,,,,,,,,,,,,,,,,,,,,,nan,,REAL_PUBLIC_SOURCE,M000874,cpse_material_corpus.csv,873,2026-09-19T00:42:48.205395,1.0
,,ntpctender.ntpc.co.in,"KV POWER TRANSFORMER, 33 KV HT AND 415 V LT",,,,,,,,,,,,,,,,,,,,,,,,,,,,,,,,nan,,REAL_PUBLIC_SOURCE,M000875,cpse_material_corpus.csv,874,2026-09-19T00:42:48.205395,1.0
,,ntpctender.ntpc.co.in,LS CABLE & SYSTEM LTD BHIWADI Up to 132 KV,,,Cable,,,,,,,,,,,,,,,,,,,,,,,,,,,,,nan,,REAL_PUBLIC_SOURCE,M000876,cpse_material_corpus.csv,875,2026-09-19T00:42:48.205395,1.0
,,ntpctender.ntpc.co.in,LS CABLE & SYSTEM LTD South Korea Up to 400 KV,,,Cable,,,,,,,,,,,,,,,,,,,,,,,,,,,,,nan,,REAL_PUBLIC_SOURCE,M000877,cpse_material_corpus.csv,876,2026-09-19T00:42:48.205395,1.0
,,ntpctender.ntpc.co.in,"LT Control Cable 1.1 KV, Type - PVC (incl",,,Cable,,,,,,,,,,,,,,,,,,,,,,,,,,,,,nan,,REAL_PUBLIC_SOURCE,M000878,cpse_material_corpus.csv,877,2026-09-19T00:42:48.205395,1.0
,,ntpctender.ntpc.co.in,M0190455237: FLAT/STRIP: 2062 GI: W-100MM: T-6.0MM ( 4000 meter ),,,,,,,100MM,,,,,,,,,,,,,,,,,,,,,,,,,nan,,REAL_PUBLIC_SOURCE,M000879,cpse_material_corpus.csv,878,2026-09-19T00:42:48.205395,1.0
,,ntpctender.ntpc.co.in,"M1613517861_ PIPE, BLK, CS, FE410, 9.5MM, 508MM,",,,Pipe,Carbon Steel,,,5MM,,,,,,,,,,,,,,,,,,,,,,,,,nan,,REAL_PUBLIC_SOURCE,M000880,cpse_material_corpus.csv,879,2026-09-19T00:42:48.205395,1.0
,,ntpctender.ntpc.co.in,"M1613517861_ PIPE, BLK, CS, FE410, 9.5MM, 508MM, 500MM ( 4000 meter )",,,Pipe,Carbon Steel,,,5MM,,,,,,,,,,,,,,,,,,,,,,,,,nan,,REAL_PUBLIC_SOURCE,M000881,cpse_material_corpus.csv,880,2026-09-19T00:42:48.205395,1.0
,,ntpctender.ntpc.co.in,"M1616254395-PIPE: IS1239-1 MEDIUM,GLV,ERW,PL,125MM",,,Pipe,,,,125MM,,,,,,,,,,,,,,,,,,,,,,,,,nan,,REAL_PUBLIC_SOURCE,M000882,cpse_material_corpus.csv,881,2026-09-19T00:42:48.205395,1.0
,,ntpctender.ntpc.co.in,M1634752993: BSLT-L PIPE: FE-410: 500NB: 26.35MM: 6 M,,,Pipe,,,,35MM,,,,,,,,,,,,,,,,,,,,,,,,,nan,,REAL_PUBLIC_SOURCE,M000883,cpse_material_corpus.csv,882,2026-09-19T00:42:48.205395,1.0
,,ntpctender.ntpc.co.in,M1634752993: BSLT-L PIPE: FE-410: 500NB: 26.35MM: 6 M ( 165 the number pi ),,,Pipe,,,,35MM,,,,,,,,,,,,,,,,,,,,,,,,,nan,,REAL_PUBLIC_SOURCE,M000884,cpse_material_corpus.csv,883,2026-09-19T00:42:48.205395,1.0
,,ntpctender.ntpc.co.in,"M1634752993: BSLT-L PIPE: FE-410: 500NB: 26.35MM: 6 M ,",,,Pipe,,,,35MM,,,,,,,,,,,,,,,,,,,,,,,,,nan,,REAL_PUBLIC_SOURCE,M000885,cpse_material_corpus.csv,884,2026-09-19T00:42:48.205395,1.0
,,ntpctender.ntpc.co.in,"M2430715563: ELECTRODE-HARD FCNG, TUBULR, 6.3X350-450MM ( 300 kilogram )",,,,,,,450MM,,,,,,,,,,,,,,,,,,,,,,,,,nan,,REAL_PUBLIC_SOURCE,M000886,cpse_material_corpus.csv,885,2026-09-19T00:42:48.205395,1.0
,,ntpctender.ntpc.co.in,"M2430725562: ELECTRODE-HARD FCNG, TUBULAR, HI TMP, 400MM ( 900 kilogram )",,,,,,,400MM,,,,,,,,,,,,,,,,,,,,,,,,,nan,,REAL_PUBLIC_SOURCE,M000887,cpse_material_corpus.csv,886,2026-09-19T00:42:48.205395,1.0
,,ntpctender.ntpc.co.in,"M4801164756_ _ TUBE, STRT, AS, A213-T91, 51MM, 7.1MM, 4-7M ( 2000 meter )",,,Pipe,,,,51MM,,,,,,,,,,,,,,,,,,,,,,,,,nan,,REAL_PUBLIC_SOURCE,M000888,cpse_material_corpus.csv,887,2026-09-19T00:42:48.205395,1.0
,,ntpctender.ntpc.co.in,"M4801164925_ TUBE, STRT, AS, A213-T91, 54MM, 4MM ( 500 meter )",,,Pipe,,,,54MM,,,,,,,,,,,,,,,,,,,,,,,,,nan,,REAL_PUBLIC_SOURCE,M000889,cpse_material_corpus.csv,888,2026-09-19T00:42:48.205395,1.0
,,ntpctender.ntpc.co.in,"M5507326224_ BLT CNV: STL, FR, 1600MM, 1800KN/M, 8MM, 6MM ( 1200 meter )",,,,,,,1600MM,,,,,,,,,,,,,,,,,,,,,,,,,nan,,REAL_PUBLIC_SOURCE,M000890,cpse_material_corpus.csv,889,2026-09-19T00:42:48.205395,1.0
,,ntpctender.ntpc.co.in,M8523453956N: S/W GEAR: 420KV BUS POST INSULATOR,,,,,,,,,,,,,,,,,,,,,,,,,,,,,,,,nan,,REAL_PUBLIC_SOURCE,M000891,cpse_material_corpus.csv,890,2026-09-19T00:42:48.205395,1.0
,,ntpctender.ntpc.co.in,M8523453956N: S/W GEAR: 420KV BUS POST INSULATOR WITH C ( 9 the number pi ),,,,,,,,,,,,,,,,,,,,,,,,,,,,,,,,nan,,REAL_PUBLIC_SOURCE,M000892,cpse_material_corpus.csv,891,2026-09-19T00:42:48.205395,1.0
,,ntpctender.ntpc.co.in,"M8702181506N TRANSFORMER,2MVA,11 .433KV DYN1 AN",,,,,,,,,,,,,,,,,,,,,,,,,,,,,,,,nan,,REAL_PUBLIC_SOURCE,M000893,cpse_material_corpus.csv,892,2026-09-19T00:42:48.205395,1.0
,,ntpctender.ntpc.co.in,"M8702181506N TRANSFORMER,2MVA,11 .433KV DYN1 AN ,",,,,,,,,,,,,,,,,,,,,,,,,,,,,,,,,nan,,REAL_PUBLIC_SOURCE,M000894,cpse_material_corpus.csv,893,2026-09-19T00:42:48.205395,1.0
,,ntpctender.ntpc.co.in,"M8702182509 TRANSFORMER-2MVA,11 0.433KV,DYN1,TYPE",,,,,,,,,,,,,,,,,,,,,,,,,,,,,,,,nan,,REAL_PUBLIC_SOURCE,M000895,cpse_material_corpus.csv,894,2026-09-19T00:42:48.205395,1.0
,,ntpctender.ntpc.co.in,"M8702182509 TRANSFORMER-2MVA,11 0.433KV,DYN1,TYPE 2",,,,,,,,,,,,,,,,,,,,,,,,,,,,,,,,nan,,REAL_PUBLIC_SOURCE,M000896,cpse_material_corpus.csv,895,2026-09-19T00:42:48.205395,1.0
,,ntpctender.ntpc.co.in,"M8752065802 HV BUSHING,MP And GASKET,17.5KV,1000A,AREVA",,,,,,,,,,,,,,,,,,,,,,,,,,,,,,,,nan,,REAL_PUBLIC_SOURCE,M000897,cpse_material_corpus.csv,896,2026-09-19T00:42:48.205395,1.0
,,ntpctender.ntpc.co.in,"M8752065803LV BUSHING,MP And GASKET,3.6KV,2000A,AREVA",,,,,,,,,,,,,,,,,,,,,,,,,,,,,,,,nan,,REAL_PUBLIC_SOURCE,M000898,cpse_material_corpus.csv,897,2026-09-19T00:42:48.205395,1.0
,,ntpctender.ntpc.co.in,MANGLA HOIST GREATER NOIDA A UP TO 10MT,,,,,,,,,,,,,,,,,,,,,,,,,,,,,,,,nan,,REAL_PUBLIC_SOURCE,M000899,cpse_material_corpus.csv,898,2026-09-19T00:42:48.205395,1.0
,,ntpctender.ntpc.co.in,MEGA CRANE INDIA PVT LDT COIMBATORE A UP TO 10 MT,,,,,,,,,,,,,,,,,,,,,,,,,,,,,,,,nan,,REAL_PUBLIC_SOURCE,M000900,cpse_material_corpus.csv,899,2026-09-19T00:42:48.205395,1.0
,,ntpctender.ntpc.co.in,MM(WITH TOLERANCE OF ±2 MM) 6)CASING:MS-PIPE AS PER,,,Pipe,,,,2MM,,,,,,,,,,,,,,,,,,,,,,,,,nan,,REAL_PUBLIC_SOURCE,M000901,cpse_material_corpus.csv,900,2026-09-19T00:42:48.205395,1.0
,,ntpctender.ntpc.co.in,"MOTOR , Rewinding of 3 ph 2 HP MOTOR , Rewinding of 3 ph",,,,,,,,,,,,,,,,,,,,,,,,,,,,,,,,nan,,REAL_PUBLIC_SOURCE,M000902,cpse_material_corpus.csv,901,2026-09-19T00:42:48.205395,1.0
,,ntpctender.ntpc.co.in,MRF CHENNAI A FABRIC BELT UPTO 1600 MM WIDTH,,,,,,,1600MM,,,,,,,,,,,,,,,,,,,,,,,,,nan,,REAL_PUBLIC_SOURCE,M000903,cpse_material_corpus.csv,902,2026-09-19T00:42:48.205395,1.0
,,ntpctender.ntpc.co.in,"MVA, 18/ 400 KV Generator Transformer for Stage - I of RSTPS) | Meeting-Join",,,,,,,,,,,,,,,,,,,,,,,,,,,,,,,,nan,,REAL_PUBLIC_SOURCE,M000904,cpse_material_corpus.csv,903,2026-09-19T00:42:48.205395,1.0
,,ntpctender.ntpc.co.in,NAME OF CEG: Overhauling of TDBFP drive turbine for 490 MW units and above,,,,,,,,,,,,,,,,,,,,,,,,,,,,,,,,nan,,REAL_PUBLIC_SOURCE,M000905,cpse_material_corpus.csv,904,2026-09-19T00:42:48.205395,1.0
,,ntpctender.ntpc.co.in,NORTHLAND RUBBER SONEPAT A FABRIC BELT UPTO 2200 MM WIDTH,,,,,,,2200MM,,,,,,,,,,,,,,,,,,,,,,,,,nan,,REAL_PUBLIC_SOURCE,M000906,cpse_material_corpus.csv,905,2026-09-19T00:42:48.205395,1.0
,,ntpctender.ntpc.co.in,Name of work Supply and replacement of S -panel tubes for stage#1(2*500MW) units at,,,,,,,,,,,,,,,,,,,,,,,,,,,,,,,,nan,,REAL_PUBLIC_SOURCE,M000907,cpse_material_corpus.csv,906,2026-09-19T00:42:48.205395,1.0
,,ntpctender.ntpc.co.in,Name of work Supply and replacement work of S-panel tubes for stage#1(2*500MW) units at,,,,,,,,,,,,,,,,,,,,,,,,,,,,,,,,nan,,REAL_PUBLIC_SOURCE,M000908,cpse_material_corpus.csv,907,2026-09-19T00:42:48.205395,1.0
,,ntpctender.ntpc.co.in,Oil Filled Current Transformer upto 00KV,,,,,,,,,,,,,,,,,,,,,,,,,,,,,,,,nan,,REAL_PUBLIC_SOURCE,M000909,cpse_material_corpus.csv,908,2026-09-19T00:42:48.205395,1.0
,,ntpctender.ntpc.co.in,Oriental Rubber Pune A Upto 2000 MM B/w79 Steel Cord Pipe Conveyor (FR Grade) I,,,Pipe,,,,2000MM,,,,,,,,,,,,,,,,,,,,,,,,,nan,,REAL_PUBLIC_SOURCE,M000910,cpse_material_corpus.csv,909,2026-09-19T00:42:48.205395,1.0
,,ntpctender.ntpc.co.in,Overhauling of drive turbine of TDBFP for 490 MW power generation units or,,,,,,,,,,,,,,,,,,,,,,,,,,,,,,,,nan,,REAL_PUBLIC_SOURCE,M000911,cpse_material_corpus.csv,910,2026-09-19T00:42:48.205395,1.0
,,ntpctender.ntpc.co.in,"PHOENIX CONVEYOR BELT KOLKATA A FABRIC BELT UPTO 2200 MM WIDTH,",,,,,,,2200MM,,,,,,,,,,,,,,,,,,,,,,,,,nan,,REAL_PUBLIC_SOURCE,M000912,cpse_material_corpus.csv,911,2026-09-19T00:42:48.205395,1.0
,,ntpctender.ntpc.co.in,"PIPE SEAMLESS,SS,A312-TP304L,80S,15MM",,,Pipe,Stainless Steel,,,15MM,,,,,,,,,,,,,,,,,,,,,,,,,nan,,REAL_PUBLIC_SOURCE,M000913,cpse_material_corpus.csv,912,2026-09-19T00:42:48.205395,1.0
,,ntpctender.ntpc.co.in,"PIPE SEAMLESS,SS,A312-TP304L,80S,15MM , PIPE",,,Pipe,Stainless Steel,,,15MM,,,,,,,,,,,,,,,,,,,,,,,,,nan,,REAL_PUBLIC_SOURCE,M000914,cpse_material_corpus.csv,913,2026-09-19T00:42:48.205395,1.0
,,ntpctender.ntpc.co.in,"PIPE,TP304L,SMLS,SCH80,5000-7000MM,20MM , PIPE ASTM",,,Pipe,,,,7000MM,,,,,,,,,,,,,,,,,,,,,,,,,nan,,REAL_PUBLIC_SOURCE,M000915,cpse_material_corpus.csv,914,2026-09-19T00:42:48.205395,1.0
,,ntpctender.ntpc.co.in,"PIPE: SEAMLESS,SS,A312-TP304L,80S,15MM",,,Pipe,Stainless Steel,,,15MM,,,,,,,,,,,,,,,,,,,,,,,,,nan,,REAL_PUBLIC_SOURCE,M000916,cpse_material_corpus.csv,915,2026-09-19T00:42:48.205395,1.0
,,ntpctender.ntpc.co.in,"PIPE:BLK, CORTEN,A423GR1,ERW,2MM,40MM",,,Pipe,,,,2MM,,,,,,,,,,,,,,,,,,,,,,,,,nan,,REAL_PUBLIC_SOURCE,M000917,cpse_material_corpus.csv,916,2026-09-19T00:42:48.205395,1.0
,,ntpctender.ntpc.co.in,PRAYAS ENGG (PBL) V V NAGAR A UPTO 10 MT FOR ELECTRIC HOIST ONLY,,,,,,,,,,,,,,,,,,,,,,,,,,,,,,,,nan,,REAL_PUBLIC_SOURCE,M000918,cpse_material_corpus.csv,917,2026-09-19T00:42:48.205395,1.0
,,ntpctender.ntpc.co.in,PROJECT COUPLED WITH 6 MW /24 MWHR BATTERY ENERGY,,,,,,,,,,,,,,,,,,,,,,,,,,,,,,,,nan,,REAL_PUBLIC_SOURCE,M000919,cpse_material_corpus.csv,918,2026-09-19T00:42:48.205395,1.0
,,ntpctender.ntpc.co.in,PUMP HYDRO ENERGY STORAGE SOLUT IONS OF 2000 MW / 12000 MWh WITH,,,,,,,,,,,,,,,,,,,,,,,,,,,,,,,,nan,,REAL_PUBLIC_SOURCE,M000920,cpse_material_corpus.csv,919,2026-09-19T00:42:48.205395,1.0
,,ntpctender.ntpc.co.in,PUMP/ FAN/ COMPRESSOR UPTO 6.6KV 750KW,,,,,,,,,,,,,,,,,,,,,,,,,,,,,,,,nan,,REAL_PUBLIC_SOURCE,M000921,cpse_material_corpus.csv,920,2026-09-19T00:42:48.205395,1.0
,,ntpctender.ntpc.co.in,PV PROJECT COUPLED WITH 6 MW /24 MWHR BATTERY ENERGY STORAGE SYSTEM,,,,,,,,,,,,,,,,,,,,,,,,,,,,,,,,nan,,REAL_PUBLIC_SOURCE,M000922,cpse_material_corpus.csv,921,2026-09-19T00:42:48.205395,1.0
,,ntpctender.ntpc.co.in,Phonix Cnoveyor belt Kolkata A Upto 2400 MM B/w,,,,,,,2400MM,,,,,,,,,,,,,,,,,,,,,,,,,nan,,REAL_PUBLIC_SOURCE,M000923,cpse_material_corpus.csv,922,2026-09-19T00:42:48.205395,1.0
,,ntpctender.ntpc.co.in,"Pipe Astm A312,12.70mm,323.9mm,300nb",,,Pipe,,,,70MM,,,,,,,,,,,,,,,,,,,,,,,,,nan,,REAL_PUBLIC_SOURCE,M000924,cpse_material_corpus.csv,923,2026-09-19T00:42:48.205395,1.0
,,ntpctender.ntpc.co.in,"Pipe Astm A312,9.53mm,141.3mm,125nb",,,Pipe,,,,53MM,,,,,,,,,,,,,,,,,,,,,,,,,nan,,REAL_PUBLIC_SOURCE,M000925,cpse_material_corpus.csv,924,2026-09-19T00:42:48.205395,1.0
,,ntpctender.ntpc.co.in,"Pipe Seamless,ss,a312-tp304l,40s,80mm",,,Pipe,Stainless Steel,,,80MM,,,,,,,,,,,,,,,,,,,,,,,,,nan,,REAL_PUBLIC_SOURCE,M000926,cpse_material_corpus.csv,925,2026-09-19T00:42:48.205395,1.0
,,ntpctender.ntpc.co.in,"Pipe Seamless,ss,a312-tp304l,80s,25mm",,,Pipe,Stainless Steel,,,25MM,,,,,,,,,,,,,,,,,,,,,,,,,nan,,REAL_PUBLIC_SOURCE,M000927,cpse_material_corpus.csv,926,2026-09-19T00:42:48.205395,1.0
,,ntpctender.ntpc.co.in,"Pipe Seamless,ss,a312-tp304l,80s,40mm",,,Pipe,Stainless Steel,,,40MM,,,,,,,,,,,,,,,,,,,,,,,,,nan,,REAL_PUBLIC_SOURCE,M000928,cpse_material_corpus.csv,927,2026-09-19T00:42:48.205395,1.0
,,ntpctender.ntpc.co.in,"Pipe Seamless,ss,a312-tp304l,80s,50mm",,,Pipe,Stainless Steel,,,50MM,,,,,,,,,,,,,,,,,,,,,,,,,nan,,REAL_PUBLIC_SOURCE,M000929,cpse_material_corpus.csv,928,2026-09-19T00:42:48.205395,1.0
,,ntpctender.ntpc.co.in,"Pipe Smls,ss,a312-tp304l,80s,32mm",,,Pipe,Stainless Steel,,,32MM,,,,,,,,,,,,,,,,,,,,,,,,,nan,,REAL_PUBLIC_SOURCE,M000930,cpse_material_corpus.csv,929,2026-09-19T00:42:48.205395,1.0
,,ntpctender.ntpc.co.in,"Pipe Ss,a312-tp304l,smls,40s,100mm",,,Pipe,Stainless Steel,,,100MM,,,,,,,,,,,,,,,,,,,,,,,,,nan,,REAL_PUBLIC_SOURCE,M000931,cpse_material_corpus.csv,930,2026-09-19T00:42:48.205395,1.0
,,ntpctender.ntpc.co.in,"Pipe,tp304l,smls,sch80,5000-7000mm,20mm",,,Pipe,,,,7000MM,,,,,,,,,,,,,,,,,,,,,,,,,nan,,REAL_PUBLIC_SOURCE,M000932,cpse_material_corpus.csv,931,2026-09-19T00:42:48.205395,1.0
,,ntpctender.ntpc.co.in,"Power Evacuation system upto owner's 33 KV pooling switchgear , Cables,",,,Cable,,,,,,,,,,,,,,,,,,,,,,,,,,,,,nan,,REAL_PUBLIC_SOURCE,M000933,cpse_material_corpus.csv,932,2026-09-19T00:42:48.205395,1.0
,,ntpctender.ntpc.co.in,Pressurization System for Generator /Isolated Phase Bus duct in Unit of 200 MW or,,,,,,,,,,,,,,,,,,,,,,,,,,,,,,,,nan,,REAL_PUBLIC_SOURCE,M000934,cpse_material_corpus.csv,933,2026-09-19T00:42:48.205395,1.0
,,ntpctender.ntpc.co.in,Procurement Of 400KV RIP Bushing For ICT-2 Transformer At SSTPS ( 2 pieces ),,,,,,,,,,,,,,,,,,,,,,,,,,,,,,,,nan,,REAL_PUBLIC_SOURCE,M000935,cpse_material_corpus.csv,934,2026-09-19T00:42:48.205395,1.0
,,ntpctender.ntpc.co.in,Procurement Of 65mm Crushed Stone Ballast For NTPC LARA ( 30000 cubic meter ),,,,,,,65MM,,,,,,,,,,,,,,,,,,,,,,,,,nan,,REAL_PUBLIC_SOURCE,M000936,cpse_material_corpus.csv,935,2026-09-19T00:42:48.205395,1.0
,,ntpctender.ntpc.co.in,"Procurement of 250 MVA, 18/ 400 KV Generator Transformer for",,,,,,,,,,,,,,,,,,,,,,,,,,,,,,,,nan,,REAL_PUBLIC_SOURCE,M000937,cpse_material_corpus.csv,936,2026-09-19T00:42:48.205395,1.0
,,ntpctender.ntpc.co.in,"Procurement of 250 MVA, 18/ 400 KV Generator Transformer for Stage - I of",,,,,,,,,,,,,,,,,,,,,,,,,,,,,,,,nan,,REAL_PUBLIC_SOURCE,M000938,cpse_material_corpus.csv,937,2026-09-19T00:42:48.205395,1.0
,,ntpctender.ntpc.co.in,Procurement of 400KV RIP bushing for ICT-2 Transformer at,,,,,,,,,,,,,,,,,,,,,,,,,,,,,,,,nan,,REAL_PUBLIC_SOURCE,M000939,cpse_material_corpus.csv,938,2026-09-19T00:42:48.205395,1.0
,,ntpctender.ntpc.co.in,Procurement of 50MVA 220KV/11.5KV Power Transformer for CO2-ESS system at NTPC,,,,,,,,,,,,,,,,,,,,,,,,,,,,,,,,nan,,REAL_PUBLIC_SOURCE,M000940,cpse_material_corpus.csv,939,2026-09-19T00:42:48.205395,1.0
,,ntpctender.ntpc.co.in,Project coupled with 6 MW /24 MWhr Battery Energy Storage System,,,,,,,,,,,,,,,,,,,,,,,,,,,,,,,,nan,,REAL_PUBLIC_SOURCE,M000941,cpse_material_corpus.csv,940,2026-09-19T00:42:48.205395,1.0
,,ntpctender.ntpc.co.in,Project with 50 MW/200 MWh Battery Energy Storage System (BESS) in the state of,,,,,,,,,,,,,,,,,,,,,,,,,,,,,,,,nan,,REAL_PUBLIC_SOURCE,M000942,cpse_material_corpus.csv,941,2026-09-19T00:42:48.205395,1.0
,,ntpctender.ntpc.co.in,RAVASCO TRANSMISSION LTD. VAPI A FABRIC BELT UPTO 2200 MM WIDTH,,,,,,,2200MM,,,,,,,,,,,,,,,,,,,,,,,,,nan,,REAL_PUBLIC_SOURCE,M000943,cpse_material_corpus.csv,942,2026-09-19T00:42:48.205395,1.0
,,ntpctender.ntpc.co.in,ROTOR STAND FOR 500 MW GENERATOR FOR NTPC KORBA,,,,,,,,,,,,,,,,,,,,,,,,,,,,,,,,nan,,REAL_PUBLIC_SOURCE,M000944,cpse_material_corpus.csv,943,2026-09-19T00:42:48.205395,1.0
,,ntpctender.ntpc.co.in,ROTOR STAND FOR 500 MW GENERATOR FOR NTPC KORBA ( 1 pieces ),,,,,,,,,,,,,,,,,,,,,,,,,,,,,,,,nan,,REAL_PUBLIC_SOURCE,M000945,cpse_material_corpus.csv,944,2026-09-19T00:42:48.205395,1.0
,,ntpctender.ntpc.co.in,"Reactor Building Cranes & Hoists, Crawler crane and 250 MT Mobile cranes. The module is sub-divided",,,,,,,,,,,,,,,,,,,,,,,,,,,,,,,,nan,,REAL_PUBLIC_SOURCE,M000946,cpse_material_corpus.csv,945,2026-09-19T00:42:48.205395,1.0
,,ntpctender.ntpc.co.in,Repair of BFP Main pump Cartridge for units up to 500 MW units,,,,,,,,,,,,,,,,,,,,,,,,,,,,,,,,nan,,REAL_PUBLIC_SOURCE,M000947,cpse_material_corpus.csv,946,2026-09-19T00:42:48.205395,1.0
,,ntpctender.ntpc.co.in,Revival of bus duct pressurizing system of 16.5 KV BHEL make generator bus,,,,,,,,,,,,,,,,,,,,,,,,,,,,,,,,nan,,REAL_PUBLIC_SOURCE,M000948,cpse_material_corpus.csv,947,2026-09-19T00:42:48.205395,1.0
,,ntpctender.ntpc.co.in,Rewinding Of 3 Ph 1 HP Motor,,,,,,,,,,,,,,,,,,,,,,,,,,,,,,,,nan,,REAL_PUBLIC_SOURCE,M000949,cpse_material_corpus.csv,948,2026-09-19T00:42:48.205395,1.0
,,ntpctender.ntpc.co.in,Rewinding Of 3 Ph 1.5 HP Motor,,,,,,,,,,,,,,,,,,,,,,,,,,,,,,,,nan,,REAL_PUBLIC_SOURCE,M000950,cpse_material_corpus.csv,949,2026-09-19T00:42:48.205395,1.0
,,ntpctender.ntpc.co.in,Rewinding Of 3 Ph 2 HP Motor,,,,,,,,,,,,,,,,,,,,,,,,,,,,,,,,nan,,REAL_PUBLIC_SOURCE,M000951,cpse_material_corpus.csv,950,2026-09-19T00:42:48.205395,1.0
,,ntpctender.ntpc.co.in,Rewinding Of 3 Ph 2HP Motor,,,,,,,,,,,,,,,,,,,,,,,,,,,,,,,,nan,,REAL_PUBLIC_SOURCE,M000952,cpse_material_corpus.csv,951,2026-09-19T00:42:48.205395,1.0
,,ntpctender.ntpc.co.in,Rewinding Of 3 Ph 3 HP MOTOR,,,,,,,,,,,,,,,,,,,,,,,,,,,,,,,,nan,,REAL_PUBLIC_SOURCE,M000953,cpse_material_corpus.csv,952,2026-09-19T00:42:48.205395,1.0
,,ntpctender.ntpc.co.in,Rewinding Of 3 Ph 3HP Motor,,,,,,,,,,,,,,,,,,,,,,,,,,,,,,,,nan,,REAL_PUBLIC_SOURCE,M000954,cpse_material_corpus.csv,953,2026-09-19T00:42:48.205395,1.0
,,ntpctender.ntpc.co.in,Rewinding Of 3 Ph 5 HP Motor,,,,,,,,,,,,,,,,,,,,,,,,,,,,,,,,nan,,REAL_PUBLIC_SOURCE,M000955,cpse_material_corpus.csv,954,2026-09-19T00:42:48.205395,1.0
,,ntpctender.ntpc.co.in,"Rewinding of 3 ph 2 HP motor , Rewinding of 3 ph 1 HP",,,,,,,,,,,,,,,,,,,,,,,,,,,,,,,,nan,,REAL_PUBLIC_SOURCE,M000956,cpse_material_corpus.csv,955,2026-09-19T00:42:48.205395,1.0
,,ntpctender.ntpc.co.in,"Rewinding of 3 ph 5 HP motor , Rewinding of 3 ph 3 HP",,,,,,,,,,,,,,,,,,,,,,,,,,,,,,,,nan,,REAL_PUBLIC_SOURCE,M000957,cpse_material_corpus.csv,956,2026-09-19T00:42:48.205395,1.0
,,ntpctender.ntpc.co.in,Rosenbauer or equivalent (CE certified/ UL listed) pump with a discharge capacity of 4000 lpm @ 10 kg/cm2,,,,,,,,,,,,,,,,,,,,,,,,,,,,,,,,nan,,REAL_PUBLIC_SOURCE,M000958,cpse_material_corpus.csv,957,2026-09-19T00:42:48.205395,1.0
,,ntpctender.ntpc.co.in,Rotor for 19.5 MW Steam Turbine Generator (BHEL),,,,,,,,,,,,,,,,,,,,,,,,,,,,,,,,nan,,REAL_PUBLIC_SOURCE,M000959,cpse_material_corpus.csv,958,2026-09-19T00:42:48.205395,1.0
,,ntpctender.ntpc.co.in,"Rotor for 19.5 MW Steam Turbine Generator (BHEL), Diesel",,,,,,,,,,,,,,,,,,,,,,,,,,,,,,,,nan,,REAL_PUBLIC_SOURCE,M000960,cpse_material_corpus.csv,959,2026-09-19T00:42:48.205395,1.0
,,ntpctender.ntpc.co.in,"S:ASA:B16.5 CL-150 A182:SLIP-ON:100MM, FLANGE",,,,,,,100MM,,,,,,,,,,,,,,,,,,,,,,,,,nan,,REAL_PUBLIC_SOURCE,M000961,cpse_material_corpus.csv,960,2026-09-19T00:42:48.205395,1.0
,,ntpctender.ntpc.co.in,"S:ASA:B16.5 CL-150 A182:SLIP-ON:150MM, FLANGE",,,,,,,150MM,,,,,,,,,,,,,,,,,,,,,,,,,nan,,REAL_PUBLIC_SOURCE,M000962,cpse_material_corpus.csv,961,2026-09-19T00:42:48.205395,1.0
,,ntpctender.ntpc.co.in,"S:ASA:B16.5 CL-150 A182:SLIP-ON:200MM, FLANGE",,,,,,,200MM,,,,,,,,,,,,,,,,,,,,,,,,,nan,,REAL_PUBLIC_SOURCE,M000963,cpse_material_corpus.csv,962,2026-09-19T00:42:48.205395,1.0
,,ntpctender.ntpc.co.in,"S:ASA:B16.5 CL-150 A182:SLIP-ON:250MM, FLANGE",,,,,,,250MM,,,,,,,,,,,,,,,,,,,,,,,,,nan,,REAL_PUBLIC_SOURCE,M000964,cpse_material_corpus.csv,963,2026-09-19T00:42:48.205395,1.0
,,ntpctender.ntpc.co.in,"S:ASA:B16.5 CL-150 A182:SLIP-ON:300MM, FLANGE",,,,,,,300MM,,,,,,,,,,,,,,,,,,,,,,,,,nan,,REAL_PUBLIC_SOURCE,M000965,cpse_material_corpus.csv,964,2026-09-19T00:42:48.205395,1.0
,,ntpctender.ntpc.co.in,"S:ASA:B16.5 CL-150 A182:SLIP-ON:80MM, FLANGE",,,,,,,80MM,,,,,,,,,,,,,,,,,,,,,,,,,nan,,REAL_PUBLIC_SOURCE,M000966,cpse_material_corpus.csv,965,2026-09-19T00:42:48.205395,1.0
,,ntpctender.ntpc.co.in,SCOOP COUPLING & 11 KV 1600 KW FOR OTHER,,,,,,,,,,,,,,,,,,,,,,,,,,,,,,,,nan,,REAL_PUBLIC_SOURCE,M000967,cpse_material_corpus.csv,966,2026-09-19T00:42:48.205395,1.0
,,ntpctender.ntpc.co.in,"SEAMLESS,SS,A312-TP304L,80S,25MM , PIPE SMLS,SS,A312",,,Pipe,Stainless Steel,,,25MM,,,,,,,,,,,,,,,,,,,,,,,,,nan,,REAL_PUBLIC_SOURCE,M000968,cpse_material_corpus.csv,967,2026-09-19T00:42:48.205395,1.0
,,ntpctender.ntpc.co.in,SEMPELTRAN NIRLON MUMBAI A FABRIC BELT UPTO 1600 MM WIDTH,,,,,,,1600MM,,,,,,,,,,,,,,,,,,,,,,,,,nan,,REAL_PUBLIC_SOURCE,M000969,cpse_material_corpus.csv,968,2026-09-19T00:42:48.205395,1.0
,,ntpctender.ntpc.co.in,SOMI CONVEYOR JODHPUR A FABRIC BELT UPTO 2000 MM WIDTH,,,,,,,2000MM,,,,,,,,,,,,,,,,,,,,,,,,,nan,,REAL_PUBLIC_SOURCE,M000970,cpse_material_corpus.csv,969,2026-09-19T00:42:48.205395,1.0
,,ntpctender.ntpc.co.in,SWIMS TECHNOLOGIES HUBLI A CI/ DI BUTTERFLY VALVE UP TO 1000MM,,,Valve,,,,1000MM,,,,,,,,,,,,,,,,,,,,,,,,,nan,,REAL_PUBLIC_SOURCE,M000971,cpse_material_corpus.csv,970,2026-09-19T00:42:48.205395,1.0
,,ntpctender.ntpc.co.in,SWITCHGEAR & STRUCTURALS HYDERABAD UP TO 765 KV,,,,,,,,,,,,,,,,,,,,,,,,,,,,,,,,nan,,REAL_PUBLIC_SOURCE,M000972,cpse_material_corpus.csv,971,2026-09-19T00:42:48.205395,1.0
,,ntpctender.ntpc.co.in,Solar plant Infra at 33 KV Pooling switchgear (being developed through a Separate package) to,,,,,,,,,,,,,,,,,,,,,,,,,,,,,,,,nan,,REAL_PUBLIC_SOURCE,M000973,cpse_material_corpus.csv,972,2026-09-19T00:42:48.205395,1.0
,,ntpctender.ntpc.co.in,"Steel pipe with wrapping coating + 800mm nominal diameter, 20km route",,,Pipe,,,,800MM,,,,,,,,,,,,,,,,,,,,,,,,,nan,,REAL_PUBLIC_SOURCE,M000974,cpse_material_corpus.csv,973,2026-09-19T00:42:48.205395,1.0
,,ntpctender.ntpc.co.in,Supply of pulverised coal pipe of size of 350 mm or more,,,Pipe,,,,350MM,,,,,,,,,,,,,,,,,,,,,,,,,nan,,REAL_PUBLIC_SOURCE,M000975,cpse_material_corpus.csv,974,2026-09-19T00:42:48.205395,1.0
,,ntpctender.ntpc.co.in,TDBFP drive turbine for 490 MW,,,,,,,,,,,,,,,,,,,,,,,,,,,,,,,,nan,,REAL_PUBLIC_SOURCE,M000976,cpse_material_corpus.csv,975,2026-09-19T00:42:48.205395,1.0
,,ntpctender.ntpc.co.in,THICKNESS : 6 MM LENGTH : 6000 NOMINAL PIPE SIZE : 500,,,Pipe,,,,6MM,,,,,,,,,,,,,,,,,,,,,,,,,nan,,REAL_PUBLIC_SOURCE,M000977,cpse_material_corpus.csv,976,2026-09-19T00:42:48.205395,1.0
,,ntpctender.ntpc.co.in,"TP304L,40S,80MM , PIPE SS,A312-TP304L,SMLS,40S,100MM",,,Pipe,Stainless Steel,,,80MM,,,,,,,,,,,,,,,,,,,,,,,,,nan,,REAL_PUBLIC_SOURCE,M000978,cpse_material_corpus.csv,977,2026-09-19T00:42:48.205395,1.0
,,ntpctender.ntpc.co.in,"TP304L,80S,32MM , PIPE SEAMLESS,SS,A312",,,Pipe,Stainless Steel,,,32MM,,,,,,,,,,,,,,,,,,,,,,,,,nan,,REAL_PUBLIC_SOURCE,M000979,cpse_material_corpus.csv,978,2026-09-19T00:42:48.205395,1.0
,,ntpctender.ntpc.co.in,"TP304L,80S,40MM , PIPE SEAMLESS,SS,A312",,,Pipe,Stainless Steel,,,40MM,,,,,,,,,,,,,,,,,,,,,,,,,nan,,REAL_PUBLIC_SOURCE,M000980,cpse_material_corpus.csv,979,2026-09-19T00:42:48.205395,1.0
,,ntpctender.ntpc.co.in,"TP304L,80S,50MM , PIPE SEAMLESS,SS,A312",,,Pipe,Stainless Steel,,,50MM,,,,,,,,,,,,,,,,,,,,,,,,,nan,,REAL_PUBLIC_SOURCE,M000981,cpse_material_corpus.csv,980,2026-09-19T00:42:48.205395,1.0
,,ntpctender.ntpc.co.in,TRACTEL TIRFOR PALWAL A UPTO 15 MT FOR ELECTRIC HOIST AND,,,,,,,,,,,,,,,,,,,,,,,,,,,,,,,,nan,,REAL_PUBLIC_SOURCE,M000982,cpse_material_corpus.csv,981,2026-09-19T00:42:48.205395,1.0
,,ntpctender.ntpc.co.in,TRANSFORMER BUSHING 1.1 KV LV,,,,,,,,,,,,,,,,,,,,,,,,,,,,,,,,nan,,REAL_PUBLIC_SOURCE,M000983,cpse_material_corpus.csv,982,2026-09-19T00:42:48.205395,1.0
,,ntpctender.ntpc.co.in,"TRANSFORMER BUSHING 1.1 KV LV BUSHING 4000 A,",,,,,,,,,,,,,,,,,,,,,,,,,,,,,,,,nan,,REAL_PUBLIC_SOURCE,M000984,cpse_material_corpus.csv,983,2026-09-19T00:42:48.205395,1.0
,,ntpctender.ntpc.co.in,TRANSFORMER BUSHING 11 KV 2000 A,,,,,,,,,,,,,,,,,,,,,,,,,,,,,,,,nan,,REAL_PUBLIC_SOURCE,M000985,cpse_material_corpus.csv,984,2026-09-19T00:42:48.205395,1.0
,,ntpctender.ntpc.co.in,TRANSFORMER BUSHING 11KV HV,,,,,,,,,,,,,,,,,,,,,,,,,,,,,,,,nan,,REAL_PUBLIC_SOURCE,M000986,cpse_material_corpus.csv,985,2026-09-19T00:42:48.205395,1.0
,,ntpctender.ntpc.co.in,"TRANSFORMER BUSHING 11KV HV BUSHING 250 A,",,,,,,,,,,,,,,,,,,,,,,,,,,,,,,,,nan,,REAL_PUBLIC_SOURCE,M000987,cpse_material_corpus.csv,986,2026-09-19T00:42:48.205395,1.0
,,ntpctender.ntpc.co.in,TRANSFORMER BUSHING 17.5 KV 1000 A,,,,,,,,,,,,,,,,,,,,,,,,,,,,,,,,nan,,REAL_PUBLIC_SOURCE,M000988,cpse_material_corpus.csv,987,2026-09-19T00:42:48.205395,1.0
,,ntpctender.ntpc.co.in,TRANSFORMER BUSHING 3.3 KV 4000 A,,,,,,,,,,,,,,,,,,,,,,,,,,,,,,,,nan,,REAL_PUBLIC_SOURCE,M000989,cpse_material_corpus.csv,988,2026-09-19T00:42:48.205395,1.0
,,ntpctender.ntpc.co.in,TRANSFORMER BUSHING 3.3 KV 630 A,,,,,,,,,,,,,,,,,,,,,,,,,,,,,,,,nan,,REAL_PUBLIC_SOURCE,M000990,cpse_material_corpus.csv,989,2026-09-19T00:42:48.205395,1.0
,,ntpctender.ntpc.co.in,TRANSFORMER BUSHING 3.6 KV 1000 A,,,,,,,,,,,,,,,,,,,,,,,,,,,,,,,,nan,,REAL_PUBLIC_SOURCE,M000991,cpse_material_corpus.csv,990,2026-09-19T00:42:48.205395,1.0
,,ntpctender.ntpc.co.in,TRANSFORMER BUSHING 3.6 KV 2000 A,,,,,,,,,,,,,,,,,,,,,,,,,,,,,,,,nan,,REAL_PUBLIC_SOURCE,M000992,cpse_material_corpus.csv,991,2026-09-19T00:42:48.205395,1.0
,,ntpctender.ntpc.co.in,"TRANSFORMER BUSHING 3.6 KV 2000 A, TRANSFORMER",,,,,,,,,,,,,,,,,,,,,,,,,,,,,,,,nan,,REAL_PUBLIC_SOURCE,M000993,cpse_material_corpus.csv,992,2026-09-19T00:42:48.205395,1.0
,,ntpctender.ntpc.co.in,TRANSFORMER BUSHING 33KV 630 A,,,,,,,,,,,,,,,,,,,,,,,,,,,,,,,,nan,,REAL_PUBLIC_SOURCE,M000994,cpse_material_corpus.csv,993,2026-09-19T00:42:48.205395,1.0
,,ntpctender.ntpc.co.in,"TRANSFORMER BUSHING 33KV 630 A, TRANSFORMER",,,,,,,,,,,,,,,,,,,,,,,,,,,,,,,,nan,,REAL_PUBLIC_SOURCE,M000995,cpse_material_corpus.csv,994,2026-09-19T00:42:48.205395,1.0
,,ntpctender.ntpc.co.in,"TRANSFORMER, 33 KV HT AND 415 V LT SWITCHGEARS FOR NGEL",,,,,,,,,,,,,,,,,,,,,,,,,,,,,,,,nan,,REAL_PUBLIC_SOURCE,M000996,cpse_material_corpus.csv,995,2026-09-19T00:42:48.205395,1.0
,,ntpctender.ntpc.co.in,"TRANSFORMER, 33 KV HT AND 415 V LT SWITCHGEARS FOR NGEL GREEN",,,,,,,,,,,,,,,,,,,,,,,,,,,,,,,,nan,,REAL_PUBLIC_SOURCE,M000997,cpse_material_corpus.csv,996,2026-09-19T00:42:48.205395,1.0
,,ntpctender.ntpc.co.in,"TRANSFORMER, 33 KV HT AND 415 V LT SWITCHGEARS,",,,,,,,,,,,,,,,,,,,,,,,,,,,,,,,,nan,,REAL_PUBLIC_SOURCE,M000998,cpse_material_corpus.csv,997,2026-09-19T00:42:48.205395,1.0
,,ntpctender.ntpc.co.in,"Tank shall be of 500 litres, fabricated from 3 mm SS 3161 plates only & die-pressed on all sides to ensure",,,,Stainless Steel,,,3MM,,,,,,,,,,,,,,,,,,,,,,,,,nan,,REAL_PUBLIC_SOURCE,M000999,cpse_material_corpus.csv,998,2026-09-19T00:42:48.205395,1.0
,,ntpctender.ntpc.co.in,The pump casing shall be subjected to a hydraulic test pressure of a minimu m 25 kg/cm2,,,,,,,,,,,,,,,,,,,,,,,,,,,,,,,,nan,,REAL_PUBLIC_SOURCE,M001000,cpse_material_corpus.csv,999,2026-09-19T00:42:48.205395,1.0
