query_id,candidate_id,query_cpse,candidate_cpse,query_description,candidate_description,semantic_similarity,lexical_similarity,retrieval_rank,retrieval_sources,cross_cpse,fingerprint_match,abbrev_diff,q_abbrev_count,c_abbrev_count,technical_conflict,dimension_match,pressure_rating_match,material_grade_match,standard_match,component_type_match,manufacturer_match,mpn_match,uom_compatibility,missing_dimension,missing_pressure,missing_material,missing_standard,missing_component,technical_attribute_overlap,additional_attribute_count,lane6_relationship,lane6_explanation,candidate_pool,review_relation,review_status,reviewer_notes,evidence_type
M001323,M002192,NTPC Limited,NTPC Limited,"Biennial Maintenance Contract for MMD, NTPC KAWAS (Year 2026-28)",Proposal for Annual Maintenance of Horticulture Work at NTPC Tanda,0.722040933638366,0.0,27,VECTOR,False,False,0,0,0,False,,,,,,,,1.0,True,True,True,True,True,0,0,UNDETERMINED,Otherwise: Undetermined due to insufficient matches or multiple critical mismatches.,F,,UNREVIEWED,,
M008430,M019914,Oil India Limited,Oil India Limited,"Construction and Laying of Three Nos of 200MM X 2500 Meter COD Line, 250 psig HP Natural Gas Pipeline and 30 psig LP Natural Gas Pipeline from Hebeda- OCS to Makum- OCS in Tinsukia district, Assam","Laying / construction of 250mm NB diameter, 3LPE coated Gas Distribution pipeline from Moran OCS to Lakwagaon GGS in OILs Operational Area in the state of Assam",0.748730239636825,39.5803679344694,5,"VECTOR,BM25",False,False,1,0,1,True,0.0,,,,,,,1.0,False,True,True,True,True,1,1,DISTINCT,Technical conflict detected.; Priority 1: Distinct due to explicit technical conflict.,"C,F",,UNREVIEWED,,
M003259,M003242,Oil India Limited,Oil India Limited,"Construction/modification of approach road, plinth and foundation to Suit S-1 (E-1400) Rig outfit on cluster basis in any existing location in Dikom and Kathaloni area or any area under CENTRAL FIELD ","Construction of the approach road, plinth and foundation for Drilling Location in Dikom, Kathaloni & Bhogpara area or any area under Central field west in Dibrugarh District ,including supply all mate",0.78510196855593,78.74155194562282,26,"VECTOR,BM25",False,False,0,0,0,False,,,,,,,,1.0,True,True,True,True,True,0,1,UNDETERMINED,Otherwise: Undetermined due to insufficient matches or multiple critical mismatches.,"B,F,G",,UNREVIEWED,,
M008430,M010691,Oil India Limited,Oil India Limited,"Construction and Laying of Three Nos of 200MM X 2500 Meter COD Line, 250 psig HP Natural Gas Pipeline and 30 psig LP Natural Gas Pipeline from Hebeda- OCS to Makum- OCS in Tinsukia district, Assam","HIRING OF SERVICES FOR LAYING OF 250 MM NB, 11 KM GAS PIPELINE FROM BAREKURI EPS TO LOC#HNE IN THE STATE OF ASSAM",0.734628024220678,35.79799758419318,8,"VECTOR,BM25",False,False,1,0,1,True,0.0,,,,,,,1.0,False,True,True,True,True,1,1,DISTINCT,Technical conflict detected.; Priority 1: Distinct due to explicit technical conflict.,"C,F",,UNREVIEWED,,
M018244,M018242,Oil India Limited,Oil India Limited,"Construction of CC/RCC foundation,Approach Road Development (Approx. length 500.00 Mtr),Construction of Plinth to suit E-1400 Rig Outfit rig at any other drilling location under Moran & Lakwagaon Demo","Construction of CC/RCC foundation, Development of Approach road of Approx. length 1000.00 Mtr, Construction of Plinth to suit VFD(E-2000) rig at any drilling location under Moran & Lakwagaon Demow are",0.92639002054341,93.53220457021449,4,"VECTOR,BM25",False,False,0,0,0,False,,,,,,,,1.0,True,True,True,True,True,0,0,UNDETERMINED,Otherwise: Undetermined due to insufficient matches or multiple critical mismatches.,"A,B,F",,UNREVIEWED,,
M006145,M006144,Oil India Limited,Oil India Limited,"To provide Miscellaneous support services such as Jungle cutting & RoW painting, Maintenance of RoW identification facilities, Stickers for display in RoW, Hiring of JCB/ Excavator, Hiring of Crane fr","To provide Miscellaneous support services such as Jungle cutting & RoW painting, Maintenance of RoW identification facilities, Restoration of RoW, Exposure/Erosion Repairs etc. from PLKm 920 to PLKm 1",0.894301583017406,102.5847343606789,7,"VECTOR,BM25",False,False,0,0,0,False,,,,,,,,1.0,True,True,True,True,True,0,1,UNDETERMINED,Otherwise: Undetermined due to insufficient matches or multiple critical mismatches.,"A,B,F,G",,UNREVIEWED,,
M003009,M003008,Oil India Limited,Oil India Limited,Charter Hire of 03 (Three) Numbers of 2000 HP (Minimum)Brand New Drilling Rig Package (with Top Drive) for a period of 06 (Six) years,Charter Hire of 03 (Three) Numbers of 2000 HP (Minimum) Drilling Rig Package with a provision to hire 02 (Two) more additional rigs for a period of 04 (Four) years,0.955650573211098,53.377877018769006,6,"VECTOR,BM25",False,False,0,0,0,False,,,,,,,,1.0,True,True,True,True,True,0,1,UNDETERMINED,Otherwise: Undetermined due to insufficient matches or multiple critical mismatches.,"A,F,G",,UNREVIEWED,,
M006145,M013582,Oil India Limited,Oil India Limited,"To provide Miscellaneous support services such as Jungle cutting & RoW painting, Maintenance of RoW identification facilities, Stickers for display in RoW, Hiring of JCB/ Excavator, Hiring of Crane fr","Miscellaneous support services such as Jungle cutting & RoW painting, Maintenance of RoW identification facilities etc. under PLM Section, PS-8, Sonapur, West Bengal",0.852268853037305,72.90277988436011,9,"VECTOR,BM25",False,False,0,0,0,False,,,,,,,,1.0,True,True,True,True,True,0,1,UNDETERMINED,Otherwise: Undetermined due to insufficient matches or multiple critical mismatches.,"A,B,F,G",,UNREVIEWED,,
M003259,M003262,Oil India Limited,Oil India Limited,"Construction/modification of approach road, plinth and foundation to Suit S-1 (E-1400) Rig outfit on cluster basis in any existing location in Dikom and Kathaloni area or any area under CENTRAL FIELD ","Construction/repairing of Approach road of approx.1.7 KM, repairing and extension of hardstanding area of the plinth, dewatering, removal of mud of the effluent pit and construction of CC/ RCC foundat",0.761908583275256,61.47780452441633,33,"VECTOR,BM25",False,False,0,0,0,False,,,,,,,,1.0,True,True,True,True,True,0,1,UNDETERMINED,Otherwise: Undetermined due to insufficient matches or multiple critical mismatches.,"B,F,G",,UNREVIEWED,,
M001145,M001172,NTPC Limited,NTPC Limited,"PIPE, BLK, CS, FE410, 9.5MM, 508MM",250 NB ERW Pipes (FE410) for thickness range 6.3 to 10 mm (CAT-I),0.786743298517823,0.0,14,VECTOR,False,False,1,1,2,True,0.0,,,,,,,1.0,False,True,True,True,True,1,1,DISTINCT,Technical conflict detected.; Priority 1: Distinct due to explicit technical conflict.,"C,F",,UNREVIEWED,,
M006298,M021509,Oil India Limited,Oil India Limited,XC Polymer Premium,XC Polymer Premium,0.999868064655399,30.857915688306583,1,"VECTOR,BM25",False,True,0,0,0,False,,,,,,,,1.0,True,True,True,True,True,0,0,UNDETERMINED,Otherwise: Undetermined due to insufficient matches or multiple critical mismatches.,"A,E,F",,UNREVIEWED,,
M006298,M021507,Oil India Limited,Oil India Limited,XC Polymer Premium,XC POLYMER PREMIUM,0.999868064655399,30.857915688306583,2,"VECTOR,BM25",False,True,0,0,0,False,,,,,,,,1.0,True,True,True,True,True,0,0,UNDETERMINED,Otherwise: Undetermined due to insufficient matches or multiple critical mismatches.,"A,E,F",,UNREVIEWED,,
M017925,M019840,Oil India Limited,Oil India Limited,"Battery-operated (cordless) pipe cutting machine, pipe threading machine and 10 Ton hydraulic Puller",Internal Casing Cutter,0.743168266154303,0.0,40,VECTOR,False,False,0,0,0,False,,,,,,,,1.0,True,True,True,True,True,0,1,UNDETERMINED,Otherwise: Undetermined due to insufficient matches or multiple critical mismatches.,"F,G",,UNREVIEWED,,
M006145,M017015,Oil India Limited,Oil India Limited,"To provide Miscellaneous support services such as Jungle cutting & RoW painting, Maintenance of RoW identification facilities, Stickers for display in RoW, Hiring of JCB/ Excavator, Hiring of Crane fr","To provide Miscellaneous support services such as repair of Minor leak point/Pilferage Point, Grouting of Boundary Marker/Kilometer Post, Location of Pipeline in RoW, Survey and Demarcation, Earth cut",0.789660604239769,76.40207544337288,16,"VECTOR,BM25",False,False,0,0,0,False,,,,,,,,1.0,True,True,True,True,True,0,1,UNDETERMINED,Otherwise: Undetermined due to insufficient matches or multiple critical mismatches.,"B,F,G",,UNREVIEWED,,
M014245,M003876,Oil India Limited,Oil India Limited,PUMP : Single stage Horizontal Axially Split Centrifugal Pump,"High pressure, multistage, vertical, skid mounted, centrifugal feed water pump with motor",0.797394973627471,13.439348747482846,9,"VECTOR,BM25",False,False,0,0,0,False,,,,,,,,1.0,True,True,True,True,True,0,1,UNDETERMINED,Otherwise: Undetermined due to insufficient matches or multiple critical mismatches.,"F,G",,UNREVIEWED,,
M013334,M004778,Oil India Limited,Oil India Limited,"Line Pipe, 4"" , Seamless, B/E, 12.66 PPF (09019712) (Q3)","Line Pipe, 6"" & 10"", Steel, ERW Bevelled",0.777868591361343,0.0,38,VECTOR,False,False,1,0,1,False,,,,,,,,1.0,True,True,True,True,True,0,1,UNDETERMINED,Otherwise: Undetermined due to insufficient matches or multiple critical mismatches.,"F,G",,UNREVIEWED,,
M001145,M007111,NTPC Limited,Oil India Limited,"PIPE, BLK, CS, FE410, 9.5MM, 508MM",BLACK STEEL LINEPIPE,0.768904836867836,0.0,26,VECTOR,True,False,1,1,0,False,,,,,,,,1.0,True,True,True,True,True,0,1,UNDETERMINED,Otherwise: Undetermined due to insufficient matches or multiple critical mismatches.,"D,F,G",,UNREVIEWED,,
M008430,M013160,Oil India Limited,Oil India Limited,"Construction and Laying of Three Nos of 200MM X 2500 Meter COD Line, 250 psig HP Natural Gas Pipeline and 30 psig LP Natural Gas Pipeline from Hebeda- OCS to Makum- OCS in Tinsukia district, Assam","LAYING/CONSTRUCTION OF 400MM NB DIAMETER, 6.5KM LONG GAS PIPELINE FROM OCS-3 TO CGGS, MADHUBAN",0.714106957186726,0.0,26,VECTOR,False,False,1,0,1,True,0.0,,,,,,,1.0,False,True,True,True,True,1,1,DISTINCT,Technical conflict detected.; Priority 1: Distinct due to explicit technical conflict.,"C,F",,UNREVIEWED,,
M018244,M003098,Oil India Limited,Oil India Limited,"Construction of CC/RCC foundation,Approach Road Development (Approx. length 500.00 Mtr),Construction of Plinth to suit E-1400 Rig Outfit rig at any other drilling location under Moran & Lakwagaon Demo","Construction of 500 mtr long Approach road including cross drainage works, well plinth,Road over plinth, CC/RCC Foundation to suit E-1400 AC/SCR Rig outfit at Lakwagaon, Demow area or any other locati",0.81175174371098,76.82272407696078,22,"VECTOR,BM25",False,False,0,0,0,False,,,,,,,,1.0,True,True,True,True,True,0,0,UNDETERMINED,Otherwise: Undetermined due to insufficient matches or multiple critical mismatches.,"B,F",,UNREVIEWED,,
M008430,M013274,Oil India Limited,Oil India Limited,"Construction and Laying of Three Nos of 200MM X 2500 Meter COD Line, 250 psig HP Natural Gas Pipeline and 30 psig LP Natural Gas Pipeline from Hebeda- OCS to Makum- OCS in Tinsukia district, Assam","Laying/construction of 200mm NB diameter, 2.8 Km long 3 LPE coated pipeline from Well #06 plinth to OCS-3 area for transportation of Wet Crude from OCS 1, 2, 6 & 8 to STF in OIL's Operational Areas in",0.706816977276023,0.0,29,VECTOR,False,False,1,0,1,False,1.0,,,,,,,1.0,False,True,True,True,True,1,1,VARIANT_OF,Priority 3: Variant because core technical identity matches but additional compatible attributes exist.,"F,G",,UNREVIEWED,,
M001145,M013234,NTPC Limited,Oil India Limited,"PIPE, BLK, CS, FE410, 9.5MM, 508MM","Launcher Barrel for 200mm NB(8"") Pipeline (Specification is As per Attachment A) Receiver Barrel for 200mm NB(8"") Pipeline (Specification is As per Attachment B) Flow tee (8x8x8) inch as per,Design co",0.757154720900366,0.0,34,VECTOR,True,False,1,1,2,True,0.0,,,,,,,1.0,False,True,True,True,True,1,1,DISTINCT,Technical conflict detected.; Priority 1: Distinct due to explicit technical conflict.,"C,D,F",,UNREVIEWED,,
M001145,M013318,NTPC Limited,Oil India Limited,"PIPE, BLK, CS, FE410, 9.5MM, 508MM","Line Pipe, 101.6 mm, Seamless, BE, 12.66 PPF. Qty: 63.50KM",0.755302766608842,0.0,36,VECTOR,True,False,1,1,0,True,0.0,,,,,,,1.0,False,True,True,True,True,1,1,DISTINCT,Technical conflict detected.; Priority 1: Distinct due to explicit technical conflict.,"C,D,F",,UNREVIEWED,,
M011291,M011773,Oil India Limited,Oil India Limited,Hiring of 01 one no of 4 WD 4X4 DIESEL AC MAHINDRA SCORPIO 7Seater S4 Plus equivalent or above,"Hiring of a brand new vehicle Mahindra Scorpio, S4+ or above with 4WD (4x4) BSIV (7 seater) with AC (commercial registration) along with driver",0.850333882105194,26.056751478992844,1,"VECTOR,BM25",False,False,0,0,0,False,,,,,,,,1.0,True,True,True,True,True,0,1,UNDETERMINED,Otherwise: Undetermined due to insufficient matches or multiple critical mismatches.,"A,F,G",,UNREVIEWED,,
M005423,M004646,Oil India Limited,Oil India Limited,"Revamping of Hukuta Chariali to Madhuban Tiniali Main Road (Approx 3.85 KM) with 75 MM WBM as per requirement, widening of turnings, Paver-block at selected stretches, 50 MM BM & 40 MM SDBC, fixing of","Improvement of damaged approach road (approx length 3.55 km) by providing two layers 75 mm thick WBM, 50 mm thick BM and 25 mm thick SDBC from Belbari Tiniali to Location HZV at Sessabil area, Dibruga",0.621600278410352,61.14906767065736,17,"VECTOR,BM25",False,False,0,0,0,False,1.0,,,,,,,1.0,False,True,True,True,True,1,1,VARIANT_OF,Priority 3: Variant because core technical identity matches but additional compatible attributes exist.,B,,UNREVIEWED,,
M006145,M013578,Oil India Limited,Oil India Limited,"To provide Miscellaneous support services such as Jungle cutting & RoW painting, Maintenance of RoW identification facilities, Stickers for display in RoW, Hiring of JCB/ Excavator, Hiring of Crane fr","Miscellaneous services such as Support services for repair of pilferage point, RoW Maintenance, Jungle cutting, etc",0.766611965480358,0.0,41,VECTOR,False,False,0,0,0,False,,,,,,,,1.0,True,True,True,True,True,0,1,UNDETERMINED,Otherwise: Undetermined due to insufficient matches or multiple critical mismatches.,"F,G",,UNREVIEWED,,
M018845,M003722,Oil India Limited,Oil India Limited,HIRING OF SERVICES FOR PROVIDING HIGH PRESSURE (HP) MOBILE BOILER ALONG WITH ANCILLARIES FOR GENERATION OF HIGH QUALITY STEAM TO CARRY OUT CYCLIC STEAM STIMULATION OPERATION FOR PRODUCTION OF HEAVY OI,HIRING OF SERVICES FOR PROVIDING HIGH PRESSURE (HP) MOBILE BOILER ALONG WITH ANCILLARIES FOR GENERATION OF HIGH QUALITY STEAM TO CARRY OUT CYCLIC STEAM STIMULATION OPERATION FOR PRODUCTION OF HEAVY OI,0.999870903955998,121.83456512951278,1,"VECTOR,BM25",False,True,0,0,0,False,,,,,,,,1.0,True,True,True,True,True,0,0,UNDETERMINED,Otherwise: Undetermined due to insufficient matches or multiple critical mismatches.,"A,B,E,F",,UNREVIEWED,,
M009938,M012004,Oil India Limited,Oil India Limited,Empanelment of Service Provider for providing assistance in land acquisition matters of Oil India Ltd. (OIL) in Assam and Arunachal Pradesh,Hiring of services for providing assistance in Land Acquisition Matters of Oil India Limited OIL in the state of Assam and Arunachal Pradesh,0.928768530564968,52.47410558642406,2,"VECTOR,BM25",False,False,0,0,0,False,,,,,,,,1.0,True,True,True,True,True,0,0,UNDETERMINED,Otherwise: Undetermined due to insufficient matches or multiple critical mismatches.,"A,F",,UNREVIEWED,,
M018845,M003721,Oil India Limited,Oil India Limited,HIRING OF SERVICES FOR PROVIDING HIGH PRESSURE (HP) MOBILE BOILER ALONG WITH ANCILLARIES FOR GENERATION OF HIGH QUALITY STEAM TO CARRY OUT CYCLIC STEAM STIMULATION OPERATION FOR PRODUCTION OF HEAVY OI,HIRING OF SERVICES FOR PROVIDING HIGH PRESSURE (HP) MOBILE BOILER ALONG WITH ANCILLARIES FOR GENERATION OF HIGH QUALITY STEAM TO CARRY OUT CYCLIC STEAM STIMULATION OPERATION FOR PRODUCTION OF HEAVY OI,0.996346128409015,117.47725932744787,2,"VECTOR,BM25",False,False,0,0,0,False,,,,,,,,1.0,True,True,True,True,True,0,1,UNDETERMINED,Otherwise: Undetermined due to insufficient matches or multiple critical mismatches.,"A,B,F,G",,UNREVIEWED,,
M018845,M018846,Oil India Limited,Oil India Limited,HIRING OF SERVICES FOR PROVIDING HIGH PRESSURE (HP) MOBILE BOILER ALONG WITH ANCILLARIES FOR GENERATION OF HIGH QUALITY STEAM TO CARRY OUT CYCLIC STEAM STIMULATION OPERATION FOR PRODUCTION OF HEAVY OI,HIRING OF SERVICES FOR PROVIDING HIGH PRESSURE (HP) MOBILE BOILER ALONG WITH ANCILLARIES FOR GENERATION OF HIGH-QUALITY STEAM TO CARRY OUT CYCLIC STEAM STIMULATION OPERATION FOR PRODUCTION OF HEAVY OI,0.985512478802146,88.96602891654314,4,"VECTOR,BM25",False,False,0,0,0,False,,,,,,,,1.0,True,True,True,True,True,0,1,UNDETERMINED,Otherwise: Undetermined due to insufficient matches or multiple critical mismatches.,"A,B,F,G",,UNREVIEWED,,
M003009,M009822,Oil India Limited,Oil India Limited,Charter Hire of 03 (Three) Numbers of 2000 HP (Minimum)Brand New Drilling Rig Package (with Top Drive) for a period of 06 (Six) years,EOI for Charter Hire of 2000HP (Minimum) Drilling Rig,0.862037965501018,0.0,38,VECTOR,False,False,0,0,0,False,,,,,,,,1.0,True,True,True,True,True,0,1,UNDETERMINED,Otherwise: Undetermined due to insufficient matches or multiple critical mismatches.,"A,F,G",,UNREVIEWED,,
M015208,M016543,Oil India Limited,Oil India Limited,Repairing/Servicing/Overhauling of 3 nos. of Disc brake of Draw works,Supply of Spares for Draw works,0.729301341327358,25.30265646036294,4,"VECTOR,BM25",False,False,0,0,0,False,,,,,,,,1.0,True,True,True,True,True,0,1,UNDETERMINED,Otherwise: Undetermined due to insufficient matches or multiple critical mismatches.,"F,G",,UNREVIEWED,,
M015987,M020922,Oil India Limited,Oil India Limited,"Services of High quality Sound system for outdoor / indoor functions under PS5, Telecom, for a period of 2(two)years & extendable by another one year upon review","Services to provide High quality Sound system for outdoor/indoor functions under PS5,Telecom,for a period of 3(three) years",0.981127391733866,50.29915457200228,1,"VECTOR,BM25",False,False,0,0,0,False,,,,,,,,1.0,True,True,True,True,True,0,1,UNDETERMINED,Otherwise: Undetermined due to insufficient matches or multiple critical mismatches.,"A,F,G",,UNREVIEWED,,
M012097,M012073,Oil India Limited,Oil India Limited,Hiring of transport services of 01 (One) brand new passenger vehicle,Hiring of services of one No brand new passenger vehicle,0.880168237057709,32.94392038513128,1,"VECTOR,BM25",False,False,0,0,0,False,,,,,,,,1.0,True,True,True,True,True,0,1,UNDETERMINED,Otherwise: Undetermined due to insufficient matches or multiple critical mismatches.,"A,F,G",,UNREVIEWED,,
M012097,M011292,Oil India Limited,Oil India Limited,Hiring of transport services of 01 (One) brand new passenger vehicle,Hiring of 01 one no of brand new passenger vehicle,0.868978113004011,35.64616217901473,2,"VECTOR,BM25",False,False,0,0,0,False,,,,,,,,1.0,True,True,True,True,True,0,1,UNDETERMINED,Otherwise: Undetermined due to insufficient matches or multiple critical mismatches.,"A,F,G",,UNREVIEWED,,
M019394,M004243,Oil India Limited,Oil India Limited,Hiring of services for Manpower supply of Listed WCLs for a period of five (05) years,Hiring of services for Manpower supply of Listed WCLs for a period of five (05) years,0.999893776656797,56.78652706638308,1,"VECTOR,BM25",False,True,0,0,0,False,,,,,,,,1.0,True,True,True,True,True,0,0,UNDETERMINED,Otherwise: Undetermined due to insufficient matches or multiple critical mismatches.,"A,E,F",,UNREVIEWED,,
M016908,M008109,Oil India Limited,Oil India Limited,Tender Cancellation Notice against GeM Bid No. GEM/2023/B/3610902 dated 24/06/2023,Cancellation Notice for GeM Tender GEM/2023/B/2982756 dtd. 13/01/2023,0.862957722005282,0.0,36,VECTOR,False,False,0,0,0,False,,,,,,,,1.0,True,True,True,True,True,0,1,UNDETERMINED,Otherwise: Undetermined due to insufficient matches or multiple critical mismatches.,"A,F,G",,UNREVIEWED,,
M020635,M005443,Oil India Limited,Oil India Limited,"Rock Bit 17-1/2"" (IADC 1-3-5)","Rock Bit 17-1/2"" (IADC 1-3-5)",0.94450401420571,44.24674849781806,1,"VECTOR,BM25",False,True,0,0,0,False,,,,,,,,1.0,True,True,True,True,True,0,0,UNDETERMINED,Otherwise: Undetermined due to insufficient matches or multiple critical mismatches.,"A,E,F",,UNREVIEWED,,
M016473,M016477,Oil India Limited,Oil India Limited,Supply of MANILA ROPES,Supply of Manila Ropes,0.99986614124267,28.06624592597012,1,"VECTOR,BM25",False,True,0,0,0,False,,,,,,,,1.0,True,True,True,True,True,0,0,UNDETERMINED,Otherwise: Undetermined due to insufficient matches or multiple critical mismatches.,"A,E,F",,UNREVIEWED,,
M008716,M008581,Oil India Limited,Oil India Limited,Construction of New Boundary wall with two numbers of gates at the front side for OGPL&P Department at Duliajan by dismantling the existing fencing & gates and including supply of all materials except,"Construction of Boundary Wall around Recognized Union Office at Duliajan, including supply of all materials except cement",0.830964525372875,43.05105934475324,5,"VECTOR,BM25",False,False,0,0,0,False,,,,,,,,1.0,True,True,True,True,True,0,1,UNDETERMINED,Otherwise: Undetermined due to insufficient matches or multiple critical mismatches.,"F,G",,UNREVIEWED,,
M006919,M006925,Oil India Limited,Oil India Limited,Amendment No. 01 to GeM Tender No. GEM/2023/B/4289088 dtd. 08/12/2023,Amendment No. 01 to GeM Tender No.: GEM/2022/B/2362137 dtd.19/07/2022,0.903192583799343,0.0,37,VECTOR,False,False,0,0,0,False,,,,,,,,1.0,True,True,True,True,True,0,0,UNDETERMINED,Otherwise: Undetermined due to insufficient matches or multiple critical mismatches.,"A,F",,UNREVIEWED,,
M018671,M000255,Oil India Limited,Indian Oil Corporation Limited,FLP Pedestal Fans for LPG Filling Plant of LPG Department,LPG Loading arm,0.713045438253205,0.0,30,VECTOR,True,False,0,0,0,False,,,,,,,,0.0,True,True,True,True,True,0,1,UNDETERMINED,Otherwise: Undetermined due to insufficient matches or multiple critical mismatches.,"D,F,G",,UNREVIEWED,,
M007691,M007793,Oil India Limited,Oil India Limited,Bids for the supply of 5000 KG OF XC POLYMER PREMIUM through E-Procurement,Bids for the supply of Tubing tong through E-Procurement,0.783323208368965,27.027663791226722,14,"VECTOR,BM25",False,False,0,0,0,False,,,,,,,,1.0,True,True,True,True,True,0,1,UNDETERMINED,Otherwise: Undetermined due to insufficient matches or multiple critical mismatches.,"F,G",,UNREVIEWED,,
M002922,M018019,Oil India Limited,Oil India Limited,CTU Tools etc,CTU Tools etc,0.99984690631943,27.325837787693178,1,"VECTOR,BM25",False,True,0,0,0,False,,,,,,,,1.0,True,True,True,True,True,0,0,UNDETERMINED,Otherwise: Undetermined due to insufficient matches or multiple critical mismatches.,"A,E,F",,UNREVIEWED,,
M004876,M020047,Oil India Limited,Oil India Limited,Miscellaneous Carpentry works at Industrial and domestic area at PS 3 Jorhat for a period of 2 (two) years,Miscellaneous Carpentry works at Industrial and domestic area at PS 3 Jorhat for a period of 2 (two) years,0.999823414249403,59.94143059268169,1,"VECTOR,BM25",False,True,0,0,0,False,,,,,,,,1.0,True,True,True,True,True,0,0,UNDETERMINED,Otherwise: Undetermined due to insufficient matches or multiple critical mismatches.,"A,E,F",,UNREVIEWED,,
M002374,M002357,NTPC Limited,NTPC Limited,Supply and Retrofitting of 400 kV SF6 Circuit Breakers at NTPC,Supply and Commissioning of 400 KV SF6 Circuit breakers under Renovation and Modernization Head 2019-2024 at NTPC Rihand,0.917033364939761,39.58287351328688,1,"VECTOR,BM25",False,False,0,0,0,False,,,,,,,,1.0,True,True,True,True,True,0,1,UNDETERMINED,Otherwise: Undetermined due to insufficient matches or multiple critical mismatches.,"A,F,G",,UNREVIEWED,,
M013341,M015401,Oil India Limited,Oil India Limited,"Line pipe Bevel Ended 3 LPE coated 200 mm (8.5/8”) NB dia., ERW/LSAW/ HSAW, Grade API 5L X-46, PSL -2, W/T 6.4 mm as per API 5L latest edition","SEAMLESS LINE PIPES OF VARIOUS SIZES, API-5L",0.701407748353947,0.0,18,VECTOR,False,False,2,2,0,False,,,,,,,,1.0,True,True,True,True,True,0,1,UNDETERMINED,Otherwise: Undetermined due to insufficient matches or multiple critical mismatches.,"F,G,H",,UNREVIEWED,,
M001153,M000926,NTPC Limited,NTPC Limited,"SEAMLESS,SS,A312-TP304L,80S,15MM , PIPE","Pipe Seamless,ss,a312-tp304l,40s,80mm",0.779475176855881,26.066887359173,6,"VECTOR,BM25",False,False,0,0,0,True,0.0,,,,,,,1.0,False,True,True,True,True,1,0,DISTINCT,Technical conflict detected.; Priority 1: Distinct due to explicit technical conflict.,"C,F",,UNREVIEWED,,
M005061,M020238,Oil India Limited,Oil India Limited,Passive Night Vision Binoculars as per (MHA) QRs,Passive Night Vision Binoculars as per (MHA) QRs,0.980635122630446,74.36675542322193,1,"VECTOR,BM25",False,True,0,0,0,False,,,,,,,,1.0,True,True,True,True,True,0,0,UNDETERMINED,Otherwise: Undetermined due to insufficient matches or multiple critical mismatches.,"A,B,E,F",,UNREVIEWED,,
M001153,M013185,NTPC Limited,Oil India Limited,"SEAMLESS,SS,A312-TP304L,80S,15MM , PIPE","LINE PIPE, 3/4', ERW GALVANISED, SCREWED (Q3)",0.773511328652503,0.0,16,VECTOR,True,False,1,0,1,False,,,,,,,,1.0,True,True,True,True,True,0,0,UNDETERMINED,Otherwise: Undetermined due to insufficient matches or multiple critical mismatches.,"D,F",,UNREVIEWED,,
M018589,M003473,Oil India Limited,Oil India Limited,"Electronic Quartz BHP/BHT Memory Gauges, Qty=5 Nos","Electronic Quartz BHP/BHT Memory Gauges, Qty=5 Nos",0.999783392934055,67.77288102017056,1,"VECTOR,BM25",False,True,0,0,0,False,,,,,,,,1.0,True,True,True,True,True,0,0,UNDETERMINED,Otherwise: Undetermined due to insufficient matches or multiple critical mismatches.,"A,B,E,F",,UNREVIEWED,,
M002374,M021193,NTPC Limited,Oil India Limited,Supply and Retrofitting of 400 kV SF6 Circuit Breakers at NTPC,Supply of Residual Current Operated Circuit Breakers (RCBO),0.716212183041393,23.288133200273766,19,"VECTOR,BM25",True,False,0,0,0,False,,,,,,,,1.0,True,True,True,True,True,0,0,UNDETERMINED,Otherwise: Undetermined due to insufficient matches or multiple critical mismatches.,"D,F",,UNREVIEWED,,
M004876,M012067,Oil India Limited,Oil India Limited,Miscellaneous Carpentry works at Industrial and domestic area at PS 3 Jorhat for a period of 2 (two) years,Hiring of services of Unskilled Assistance WCL(L-1) for Miscellaneous Jobs under Operation Section at PS3 Jorhat for a period from 01.02.2023 o 31.01.2027,0.708624721012521,0.0,28,VECTOR,False,False,0,0,0,False,,,,,,,,1.0,True,True,True,True,True,0,1,UNDETERMINED,Otherwise: Undetermined due to insufficient matches or multiple critical mismatches.,"F,G",,UNREVIEWED,,
M003378,M018490,Oil India Limited,Oil India Limited,Displacer type level transmitter,Displacer type level transmitter,0.999825075633323,36.58230888655144,1,"VECTOR,BM25",False,True,0,0,0,False,,,,,,,,1.0,True,True,True,True,True,0,0,UNDETERMINED,Otherwise: Undetermined due to insufficient matches or multiple critical mismatches.,"A,E,F",,UNREVIEWED,,
M003269,M003315,Oil India Limited,Oil India Limited,Consumables of Dialysis,DIALYSIS MACHINE,0.838830790861657,13.150902045127062,3,"VECTOR,BM25",False,False,0,0,0,False,,,,,,,,1.0,True,True,True,True,True,0,1,UNDETERMINED,Otherwise: Undetermined due to insufficient matches or multiple critical mismatches.,"F,G",,UNREVIEWED,,
M003378,M002424,Oil India Limited,NTPC Limited,Displacer type level transmitter,"Supply, Installation, Commissioning of LT MCC for Administrative Building of NTPC Simhadri",0.727025921016777,11.711523028339451,14,"VECTOR,BM25",True,False,0,0,0,False,,,,,,,,1.0,True,True,True,True,True,0,1,UNDETERMINED,Otherwise: Undetermined due to insufficient matches or multiple critical mismatches.,"D,F,G",,UNREVIEWED,,
M003378,M001772,Oil India Limited,NTPC Limited,Displacer type level transmitter,Guided Wave Radar Type Level Transmitter,0.723488984213388,20.959268148331414,15,"VECTOR,BM25",True,False,0,0,0,False,,,,,,,,1.0,True,True,True,True,True,0,1,UNDETERMINED,Otherwise: Undetermined due to insufficient matches or multiple critical mismatches.,"D,F,G",,UNREVIEWED,,
M015212,M015154,Oil India Limited,Oil India Limited,"Repairing/construction of approach road 100.00 meter long,",Repairing of Graveled approach road 160 m long,0.783354515432639,17.83817791120437,11,"VECTOR,BM25",False,False,0,0,0,False,,,,,,,,1.0,True,True,True,True,True,0,1,UNDETERMINED,Otherwise: Undetermined due to insufficient matches or multiple critical mismatches.,"F,G",,UNREVIEWED,,
M013254,M019661,Oil India Limited,Oil India Limited,"Laying of 25 KM, 100 mm NB, CS welded flow lines from Baghewala Pilot Plant to the new drilling in Bikaner-Nagaur basin of OIL's operational areas in Rajasthan",Hiring the services for laying of welded flow lines of various sizes for transportation of gas oil and steam in Dandewala and Tanot fields of Jaisalmer Mining Lease Gas and Baghewala Mining Lease Oil ,0.739169007343702,34.65848188281247,3,"VECTOR,BM25",False,False,2,2,0,False,,,,,,,,1.0,True,True,True,True,True,0,1,UNDETERMINED,Otherwise: Undetermined due to insufficient matches or multiple critical mismatches.,"F,G,H",,UNREVIEWED,,
M013254,M011985,Oil India Limited,Oil India Limited,"Laying of 25 KM, 100 mm NB, CS welded flow lines from Baghewala Pilot Plant to the new drilling in Bikaner-Nagaur basin of OIL's operational areas in Rajasthan","Hiring of services for laying of welded flow lines of various sizes for transportation of gas, oil & steam in Dandewala & Tanot Field of Jaisalmer Mining Lease (Gas) & Baghewala mining lease (oil) in ",0.726022915138836,41.00694387592997,6,"VECTOR,BM25",False,False,2,2,0,False,,,,,,,,1.0,True,True,True,True,True,0,1,UNDETERMINED,Otherwise: Undetermined due to insufficient matches or multiple critical mismatches.,"F,G,H",,UNREVIEWED,,
M004185,M019335,Oil India Limited,Oil India Limited,"Hiring of miscellaneous services like attending telephone calls, pollution control, cement handling and other miscellaneous office jobs in OIL's operational areas for a period of 02 (two) years","Hiring of miscellaneous services like attending telephone calls, pollution control, cement handling and other miscellaneous office jobs in OIL's operational areas for a period of 02 (two) years",0.999883953581766,86.44888177869984,1,"VECTOR,BM25",False,True,0,0,0,False,,,,,,,,1.0,True,True,True,True,True,0,0,UNDETERMINED,Otherwise: Undetermined due to insufficient matches or multiple critical mismatches.,"A,B,E,F",,UNREVIEWED,,
M015212,M013014,Oil India Limited,Oil India Limited,"Repairing/construction of approach road 100.00 meter long,","Improvement gravel approach Road of length 0.10 Km(approx),",0.764481671285656,0.0,28,VECTOR,False,False,0,0,0,False,,,,,,,,1.0,True,True,True,True,True,0,0,UNDETERMINED,Otherwise: Undetermined due to insufficient matches or multiple critical mismatches.,F,,UNREVIEWED,,
M004185,M019334,Oil India Limited,Oil India Limited,"Hiring of miscellaneous services like attending telephone calls, pollution control, cement handling and other miscellaneous office jobs in OIL's operational areas for a period of 02 (two) years",Hiring of miscellaneous services like attending telephone calls pollution control cement handling and other miscellaneous office jobs in OILs operational areas for a period of 02 two years,0.963762112309234,81.73785213549513,4,"VECTOR,BM25",False,True,0,0,0,False,,,,,,,,1.0,True,True,True,True,True,0,0,UNDETERMINED,Otherwise: Undetermined due to insufficient matches or multiple critical mismatches.,"A,B,E,F",,UNREVIEWED,,
M016799,M007617,Oil India Limited,Oil India Limited,"TENDER FOR SUPPLY, INSTALLATION and COMMISSIONING OF WORKSTATION",Bids for the supply and AMS of All in One Desktop Computers,0.751683397424653,0.0,26,VECTOR,False,False,0,0,0,False,,,,,,,,1.0,True,True,True,True,True,0,0,UNDETERMINED,Otherwise: Undetermined due to insufficient matches or multiple critical mismatches.,F,,UNREVIEWED,,
M004626,M004680,Oil India Limited,Oil India Limited,INTRINSICALLY SAFE MULTIFUNCTION CALIBRATOR,Intrinsically Safe Portable Digital Pressure Calibrator,0.866205147441543,27.22928104746574,4,"VECTOR,BM25",False,False,0,0,0,False,,,,,,,,1.0,True,True,True,True,True,0,1,UNDETERMINED,Otherwise: Undetermined due to insufficient matches or multiple critical mismatches.,"A,F,G",,UNREVIEWED,,
M001331,M001912,NTPC Limited,NTPC Limited,Biennial Round the Clock Maintenance Contract of Signaling and Telecommunication / Electrical of MGR & Wayside Stations NTPC Farakka,Maintenance of Signalling and Telecommunication System of MGR Area,0.72359253921661,31.493051889248328,3,"VECTOR,BM25",False,False,0,0,0,False,,,,,,,,1.0,True,True,True,True,True,0,1,UNDETERMINED,Otherwise: Undetermined due to insufficient matches or multiple critical mismatches.,"F,G",,UNREVIEWED,,
M011296,M017447,Oil India Limited,Oil India Limited,Hiring of 01(ONE) No Brand New Mahindra Bolero Camper 2WD BS4 with AC (Goods Carrier Registration only) along with Driver,"for hiring of One No. Brand New Mahindra Bolero Camper DX (Four Wheel Drive) with seating capacity 1+5 and a cargo box Vehicle under Operation Section, N.T., Numaligarh",0.862641095306394,23.975512580093284,2,"VECTOR,BM25",False,False,0,0,0,False,,,,,,,,1.0,True,True,True,True,True,0,1,UNDETERMINED,Otherwise: Undetermined due to insufficient matches or multiple critical mismatches.,"A,F,G",,UNREVIEWED,,
M004108,M019251,Oil India Limited,Oil India Limited,"Hiring of Services for Replacement of various sizes of Water and domestic gas pipelines, hydrant, valves, fittings, enclosures, coating, wrapping of pipelines including painting and other related jobs","Hiring of Services for Replacement of various sizes of Water and domestic gas pipelines, hydrant, valves, fittings, enclosures, coating, wrapping of pipelines including painting and other related jobs",0.999859604443528,99.73717225832706,1,"VECTOR,BM25",False,True,0,0,0,False,,,,,,,,1.0,True,True,True,True,True,0,0,UNDETERMINED,Otherwise: Undetermined due to insufficient matches or multiple critical mismatches.,"A,B,E,F",,UNREVIEWED,,
M014952,M015023,Oil India Limited,Oil India Limited,"Re-decoration of Staff Quarters [A-type – 28 units, B-type - 24 units and C-type – 24 units] at PHQ-Noonmati",Renovation of 2 block RCC garages (16 unit) at PHQ Noonmati,0.759266467051212,0.0,11,VECTOR,False,False,0,0,0,False,,,,,,,,1.0,True,True,True,True,True,0,1,UNDETERMINED,Otherwise: Undetermined due to insufficient matches or multiple critical mismatches.,"F,G",,UNREVIEWED,,
M015557,M015535,Oil India Limited,Oil India Limited,"SPARES FOR NITROGEN PUMPING UNIT , FIRED TYPE",SPARES FOR GAS LIFT COMPRESSORS,0.736242475319193,0.0,27,VECTOR,False,False,0,0,0,False,,,,,,,,1.0,True,True,True,True,True,0,1,UNDETERMINED,Otherwise: Undetermined due to insufficient matches or multiple critical mismatches.,"F,G",,UNREVIEWED,,
M014751,M014749,Oil India Limited,Oil India Limited,Providing the services Grass cutting and compound cleaning of vacant qtrs at PS-9 Dumar.w.e.f 01/04/2019 to 31/03/2020. with a provision for extension for another 6 (Six) Months,"Providing the Services Grass Cutting at PS-9, Dumar",0.813055143079488,30.74899632013869,14,"VECTOR,BM25",False,False,0,0,0,False,,,,,,,,1.0,True,True,True,True,True,0,1,UNDETERMINED,Otherwise: Undetermined due to insufficient matches or multiple critical mismatches.,"F,G",,UNREVIEWED,,
M015991,M003640,Oil India Limited,Oil India Limited,"Services of RoW Patrolling by line walkers from PL KM post 1056.00 (Thanabihpur) to PL KM post 1157.58 (Barauni Pump Station), stretching through Bhagalpur, Khagaria & Begusarai Districts of Bihar, un",Ground Patrolling of the pipeline ROW by engaging Line Walkers under Nahakatiya Barauni Pipeline(NBPL) from PL KM 1058 to PL km 1157.5.000 under the jurisdiction of Pump station -10 for a period of 4(,0.76085716671122,74.10129381793394,13,"VECTOR,BM25",False,False,0,0,0,True,,,,,,,,1.0,True,True,True,True,True,0,1,DISTINCT,Technical conflict detected.; Priority 1: Distinct due to explicit technical conflict.,"B,C,F",,UNREVIEWED,,
M014751,M004536,Oil India Limited,Oil India Limited,Providing the services Grass cutting and compound cleaning of vacant qtrs at PS-9 Dumar.w.e.f 01/04/2019 to 31/03/2020. with a provision for extension for another 6 (Six) Months,"Hiring the services of Grass cutting and removal work from inside Industrial area of PS2, Moran & Staff Guest house area including cleaning of surrounding fence at PS2 for the period of one year with ",0.706227063508383,25.01832440196372,23,"VECTOR,BM25",False,False,0,0,0,False,,,,,,,,1.0,True,True,True,True,True,0,1,UNDETERMINED,Otherwise: Undetermined due to insufficient matches or multiple critical mismatches.,"F,G",,UNREVIEWED,,
M015991,M003639,Oil India Limited,Oil India Limited,"Services of RoW Patrolling by line walkers from PL KM post 1056.00 (Thanabihpur) to PL KM post 1157.58 (Barauni Pump Station), stretching through Bhagalpur, Khagaria & Begusarai Districts of Bihar, un",Ground Patrolling of the pipeline ROW by engaging Line Walkers from PL km 920.000 to PL km 1058.000 under Pump station -9 for a period of 04(Four) years,0.745226176040817,75.56215089177049,18,"VECTOR,BM25",False,False,0,0,0,True,,,,,,,,1.0,True,True,True,True,True,0,1,DISTINCT,Technical conflict detected.; Priority 1: Distinct due to explicit technical conflict.,"B,C,F",,UNREVIEWED,,
M008895,M008902,Oil India Limited,Oil India Limited,Construction of bituminous approach road from Well no. NHK#98 Junction to well plinth of NHK#238 in Mohmari area. (Length = 400 m approx) including supply of all materials except Bitumen,Construction of bituminous road by laying 25mm SDBC from outside of well plinth of NHK#382 towards the junction point connecting Kamini Road (via well NHK#304) under Langkashi area. Total Length: 0.90,0.78144496284246,38.26243713601636,6,"VECTOR,BM25",False,False,0,0,0,True,0.0,,,,,,,1.0,False,True,True,True,True,1,1,DISTINCT,Technical conflict detected.; Priority 1: Distinct due to explicit technical conflict.,"C,F",,UNREVIEWED,,
M000880,M019947,NTPC Limited,Oil India Limited,"M1613517861_ PIPE, BLK, CS, FE410, 9.5MM, 508MM,","Line Pipe, 6"" & 10"", Steel, ERW Bevelled",0.720884234808295,0.0,36,VECTOR,True,False,0,1,1,False,,,,,,,,1.0,True,True,True,True,True,0,1,UNDETERMINED,Otherwise: Undetermined due to insufficient matches or multiple critical mismatches.,"D,F,G",,UNREVIEWED,,
M000880,M013325,NTPC Limited,Oil India Limited,"M1613517861_ PIPE, BLK, CS, FE410, 9.5MM, 508MM,","Line Pipe, 2"" , Black Steel, ERW Screwed (Q3)",0.721047699501843,0.0,35,VECTOR,True,False,0,1,1,False,,,,,,,,1.0,True,True,True,True,True,0,0,UNDETERMINED,Otherwise: Undetermined due to insufficient matches or multiple critical mismatches.,"D,F",,UNREVIEWED,,
M000880,M013324,NTPC Limited,Oil India Limited,"M1613517861_ PIPE, BLK, CS, FE410, 9.5MM, 508MM,","Line Pipe, 152.4 mm, Steel, ERW Bevelled. Qty: 2 KM",0.716484756722776,0.0,39,VECTOR,True,False,0,1,1,True,0.0,,,,,,,1.0,False,True,True,True,True,1,0,DISTINCT,Technical conflict detected.; Priority 1: Distinct due to explicit technical conflict.,"C,D,F",,UNREVIEWED,,
M017540,M018528,Oil India Limited,Oil India Limited,ELECTRICAL CABLES,ELECTRICAL CABLES,0.999905403564757,15.873678744013993,1,"VECTOR,BM25",False,True,0,0,0,False,,,,,,,,1.0,True,True,True,True,True,0,0,UNDETERMINED,Otherwise: Undetermined due to insufficient matches or multiple critical mismatches.,"A,E,F",,UNREVIEWED,,
M011296,M010791,Oil India Limited,Oil India Limited,Hiring of 01(ONE) No Brand New Mahindra Bolero Camper 2WD BS4 with AC (Goods Carrier Registration only) along with Driver,HIRING SERVICES OF 1(ONE) MAHINDRA BOLERO B4(BASE MODEL) VEHICLE FOR A PERIOD OF 4(FOUR) YEARS FOR SHIFT DUTY AND OTHER OPERATIONAL PURPOSES AT NUMALIGARH TERMINAL) YEARS,0.782421261362812,0.0,40,VECTOR,False,False,0,0,0,False,,,,,,,,1.0,True,True,True,True,True,0,1,UNDETERMINED,Otherwise: Undetermined due to insufficient matches or multiple critical mismatches.,"F,G",,UNREVIEWED,,
M014495,M007349,Oil India Limited,Oil India Limited,Procurement of Non Sparking,Bids for PROCUREMENT OF IT INFRASTRUCTURE UPGRADATION FOR NON-ERP APPLICATIONS,0.717384336189522,0.0,16,VECTOR,False,False,0,0,0,False,,,,,,,,1.0,True,True,True,True,True,0,1,UNDETERMINED,Otherwise: Undetermined due to insufficient matches or multiple critical mismatches.,"F,G",,UNREVIEWED,,
M016705,M020785,Oil India Limited,Oil India Limited,"Supply, Installation and Testing of LED luminaire with Octagonal GI Pole The Supply lighting package The Street lighting unit shall include the following major supply items: i) Galvanized Octagonal po",SUPPLY OF 90 WATT STREET LIGHT LED LUMINAIRE,0.707553907180621,57.73611477561974,3,"VECTOR,BM25",False,False,2,2,0,False,,,,,,,,1.0,True,True,True,True,True,0,1,UNDETERMINED,Otherwise: Undetermined due to insufficient matches or multiple critical mismatches.,"F,G,H",,UNREVIEWED,,
M001341,M010349,NTPC Limited,Oil India Limited,Bottom Ash Handling Gates & Spares,"GATE VALVE & THEIR SPARES, FLEX SEAL TYPE, WITH HAND WHEEL,FOR MUD SERVICE",0.738490660475169,0.0,7,VECTOR,True,False,0,0,0,False,,,,,,,,1.0,True,True,True,True,True,0,1,UNDETERMINED,Otherwise: Undetermined due to insufficient matches or multiple critical mismatches.,"D,F,G",,UNREVIEWED,,
M008895,M008562,Oil India Limited,Oil India Limited,Construction of bituminous approach road from Well no. NHK#98 Junction to well plinth of NHK#238 in Mohmari area. (Length = 400 m approx) including supply of all materials except Bitumen,"Construction of Bituminous road (320 Mtr) from main gate to process area inside NKF#QPS with 75 mm WBM (2nd layers), 20 MM Premix including supply of all materials by contractor except Bitumen",0.753143847162005,0.0,20,VECTOR,False,False,0,0,0,True,0.0,,,,,,,1.0,False,True,True,True,True,1,0,DISTINCT,Technical conflict detected.; Priority 1: Distinct due to explicit technical conflict.,"C,F",,UNREVIEWED,,
M014751,M011738,Oil India Limited,Oil India Limited,Providing the services Grass cutting and compound cleaning of vacant qtrs at PS-9 Dumar.w.e.f 01/04/2019 to 31/03/2020. with a provision for extension for another 6 (Six) Months,"Hiring of Sweeping Services, gardening and staff guest house maintenance services as and when required basis for various cleaning jobs at PS9 Dumar for 2 year with a provision of one (01) year extensi",0.722076567043715,0.0,40,VECTOR,False,False,0,0,0,False,,,,,,,,1.0,True,True,True,True,True,0,1,UNDETERMINED,Otherwise: Undetermined due to insufficient matches or multiple critical mismatches.,"F,G",,UNREVIEWED,,
M009414,M011618,Oil India Limited,Oil India Limited,Custom Bid for Services - Hiring of Service for Upkeepment and Operation of Satellite Camp for Drill,Hiring of Services for Maintenance and upkeepment of different Production Installations,0.717201438143375,19.321783102592097,8,"VECTOR,BM25",False,False,0,0,0,False,,,,,,,,1.0,True,True,True,True,True,0,1,UNDETERMINED,Otherwise: Undetermined due to insufficient matches or multiple critical mismatches.,"F,G",,UNREVIEWED,,
M008895,M008653,Oil India Limited,Oil India Limited,Construction of bituminous approach road from Well no. NHK#98 Junction to well plinth of NHK#238 in Mohmari area. (Length = 400 m approx) including supply of all materials except Bitumen,"Construction of Dust Free Bituminous approach road of well no. MRN#102 at Moran (Total length 1270.00M & width 3.75 mtr) by providing 100mm GSB, 75mm thick WBM (2 layers) & 25mm thick SDBC including s",0.738956395030234,0.0,25,VECTOR,False,False,0,0,0,True,0.0,,,,,,,1.0,False,True,True,True,True,1,1,DISTINCT,Technical conflict detected.; Priority 1: Distinct due to explicit technical conflict.,"C,F",,UNREVIEWED,,
M008895,M008854,Oil India Limited,Oil India Limited,Construction of bituminous approach road from Well no. NHK#98 Junction to well plinth of NHK#238 in Mohmari area. (Length = 400 m approx) including supply of all materials except Bitumen,"Construction of approach road of well NHK#326 under OCS-6 (approx. length 750 m) by 100 mm GSB, 150 mm WBM (in two layers 75 mm each), 20 mm premix carpeting with seal coat including supply of bitumen",0.736225747207105,0.0,27,VECTOR,False,False,0,0,0,True,0.0,,,,,,,1.0,False,True,True,True,True,1,1,DISTINCT,Technical conflict detected.; Priority 1: Distinct due to explicit technical conflict.,"C,F",,UNREVIEWED,,
M001341,M005558,NTPC Limited,Oil India Limited,Bottom Ash Handling Gates & Spares,"STEEL DUSTBIN (H24"" X D12"")",0.71688359928474,0.0,16,VECTOR,True,False,0,0,0,False,,,,,,,,1.0,True,True,True,True,True,0,1,UNDETERMINED,Otherwise: Undetermined due to insufficient matches or multiple critical mismatches.,"D,F,G",,UNREVIEWED,,
M008895,M008851,Oil India Limited,Oil India Limited,Construction of bituminous approach road from Well no. NHK#98 Junction to well plinth of NHK#238 in Mohmari area. (Length = 400 m approx) including supply of all materials except Bitumen,"Construction of approach road of well NHK#121 under OCS-2 (approx. length 500 m) by 100 mm GSB, 150 mm WBM (in two layers 75 mm each), 20 mm premix carpeting with seal coat including supply of bitumen",0.7357565719774,0.0,29,VECTOR,False,False,0,0,0,True,0.0,,,,,,,1.0,False,True,True,True,True,1,1,DISTINCT,Technical conflict detected.; Priority 1: Distinct due to explicit technical conflict.,"C,F",,UNREVIEWED,,
M020572,M003227,Oil India Limited,Oil India Limited,"Repairing of gravelled approach road, plinth preparation/ repairing along with de-watering of existing effluent pits with pit bundh strengthening, construction of CC/RCC foundations to suit S-3 E-1400","Construction of gravel approach road (1000.00 mtrs.), construction of plinth, road over plinth, effluent pits with suitable bundhs/embankment etc, drilling cleaning of plinth, construction CC/RCC foun",0.7699733782196,75.83282757380658,27,"VECTOR,BM25",False,False,0,0,0,False,,,,,,,,1.0,True,True,True,True,True,0,1,UNDETERMINED,Otherwise: Undetermined due to insufficient matches or multiple critical mismatches.,"B,F,G",,UNREVIEWED,,
M000881,M013180,NTPC Limited,Oil India Limited,"M1613517861_ PIPE, BLK, CS, FE410, 9.5MM, 508MM, 500MM ( 4000 meter )","LINE PIPE LINE PIPE 100 MM (4"")",0.762011971698733,0.0,13,VECTOR,True,False,1,1,0,True,0.0,,,,,,,1.0,False,True,True,True,True,1,1,DISTINCT,Technical conflict detected.; Priority 1: Distinct due to explicit technical conflict.,"C,D,F",,UNREVIEWED,,
M008895,M017217,Oil India Limited,Oil India Limited,Construction of bituminous approach road from Well no. NHK#98 Junction to well plinth of NHK#238 in Mohmari area. (Length = 400 m approx) including supply of all materials except Bitumen,"Upgradation of existing bituminous DBY-NHK road from junction point of Jorajan OCS approach to upto 8.00 KM post Digboi with WBM repairing,50mm BM, 40mm SDBC L= 6900 mtr. Supply of all materials and m",0.728765952001844,0.0,32,VECTOR,False,False,0,0,0,True,0.0,,,,,,,1.0,False,True,True,True,True,1,1,DISTINCT,Technical conflict detected.; Priority 1: Distinct due to explicit technical conflict.,"C,F",,UNREVIEWED,,
M001341,M012942,NTPC Limited,Oil India Limited,Bottom Ash Handling Gates & Spares,Hydraulically Operated Gate Valves,0.713004939237565,0.0,17,VECTOR,True,False,0,0,0,False,,,,,,,,1.0,True,True,True,True,True,0,0,UNDETERMINED,Otherwise: Undetermined due to insufficient matches or multiple critical mismatches.,"D,F",,UNREVIEWED,,
M006158,M021367,Oil India Limited,Oil India Limited,Toner Cartridges/ Ink Cartridges/ Consumables for Printers (Q2),Toner Cartridges/ Ink Cartridges/ Consumables for Printers (Q2),0.999899670903065,77.9594216890366,1,"VECTOR,BM25",False,True,0,0,0,False,,,,,,,,1.0,True,True,True,True,True,0,0,UNDETERMINED,Otherwise: Undetermined due to insufficient matches or multiple critical mismatches.,"A,B,E,F",,UNREVIEWED,,
M001341,M015755,NTPC Limited,Oil India Limited,Bottom Ash Handling Gates & Spares,SUPPLY OF OIL & WATER DUMP VALVES,0.704082476879358,0.0,24,VECTOR,True,False,0,0,0,False,,,,,,,,1.0,True,True,True,True,True,0,0,UNDETERMINED,Otherwise: Undetermined due to insufficient matches or multiple critical mismatches.,"D,F",,UNREVIEWED,,
M008895,M008571,Oil India Limited,Oil India Limited,Construction of bituminous approach road from Well no. NHK#98 Junction to well plinth of NHK#238 in Mohmari area. (Length = 400 m approx) including supply of all materials except Bitumen,"Construction of Bituminous road leading to well plinth BGP#005 with 100 mm thick GSB, 150 mm thick WBM , 25 mm SDBC and sealcoat including supply of all materials by the contractor except cement . Tot",0.724473978175753,0.0,36,VECTOR,False,False,0,0,0,True,0.0,,,,,,,1.0,False,True,True,True,True,1,1,DISTINCT,Technical conflict detected.; Priority 1: Distinct due to explicit technical conflict.,"C,F",,UNREVIEWED,,
M000881,M013318,NTPC Limited,Oil India Limited,"M1613517861_ PIPE, BLK, CS, FE410, 9.5MM, 508MM, 500MM ( 4000 meter )","Line Pipe, 101.6 mm, Seamless, BE, 12.66 PPF. Qty: 63.50KM",0.750280853189936,0.0,19,VECTOR,True,False,1,1,0,True,0.0,,,,,,,1.0,False,True,True,True,True,1,1,DISTINCT,Technical conflict detected.; Priority 1: Distinct due to explicit technical conflict.,"C,D,F",,UNREVIEWED,,
M010056,M014953,Oil India Limited,Oil India Limited,"Extension of PHQ dispensary building,Noonmati",Re-decoration of dispensary building at PHQ-Noonmati,0.861158862957026,19.82590639548921,1,"VECTOR,BM25",False,False,0,0,0,False,,,,,,,,1.0,True,True,True,True,True,0,1,UNDETERMINED,Otherwise: Undetermined due to insufficient matches or multiple critical mismatches.,"A,F,G",,UNREVIEWED,,
M020572,M009079,Oil India Limited,Oil India Limited,"Repairing of gravelled approach road, plinth preparation/ repairing along with de-watering of existing effluent pits with pit bundh strengthening, construction of CC/RCC foundations to suit S-3 E-1400","Construction/repairing of approach road, preparation of plinth, disilting of existing effluent pits and construction/ modification RCC foundation",0.789152159457529,0.0,39,VECTOR,False,False,0,0,0,False,,,,,,,,1.0,True,True,True,True,True,0,1,UNDETERMINED,Otherwise: Undetermined due to insufficient matches or multiple critical mismatches.,"F,G",,UNREVIEWED,,
M000881,M001176,NTPC Limited,NTPC Limited,"M1613517861_ PIPE, BLK, CS, FE410, 9.5MM, 508MM, 500MM ( 4000 meter )",350 NB ERW Pipes (FE410) for thickness range 6.3 to 10 mm (CAT-1),0.736333861120134,0.0,28,VECTOR,False,False,1,1,2,True,0.0,,,,,,,1.0,False,True,True,True,True,1,0,DISTINCT,Technical conflict detected.; Priority 1: Distinct due to explicit technical conflict.,"C,F",,UNREVIEWED,,
M000881,M004778,NTPC Limited,Oil India Limited,"M1613517861_ PIPE, BLK, CS, FE410, 9.5MM, 508MM, 500MM ( 4000 meter )","Line Pipe, 6"" & 10"", Steel, ERW Bevelled",0.735388429143255,0.0,30,VECTOR,True,False,0,1,1,False,,,,,,,,1.0,True,True,True,True,True,0,1,UNDETERMINED,Otherwise: Undetermined due to insufficient matches or multiple critical mismatches.,"D,F,G",,UNREVIEWED,,
M006304,M006307,Oil India Limited,Oil India Limited,Amendment No. 02,Amendment No. 05,0.944831408923923,13.823987511732856,4,"VECTOR,BM25",False,False,0,0,0,False,,,,,,,,1.0,True,True,True,True,True,0,0,UNDETERMINED,Otherwise: Undetermined due to insufficient matches or multiple critical mismatches.,"A,F",,UNREVIEWED,,
M005530,M020724,Oil India Limited,Oil India Limited,SPARES FOR MUD PUMP,SPARES FOR MUD PUMP,0.999847635868768,23.89281139306036,1,"VECTOR,BM25",False,True,0,0,0,False,,,,,,,,1.0,True,True,True,True,True,0,0,UNDETERMINED,Otherwise: Undetermined due to insufficient matches or multiple critical mismatches.,"A,E,F",,UNREVIEWED,,
M012618,M015423,Oil India Limited,Oil India Limited,"Hiring the services of 1(One) No. Brand New BoleroSLX, (4x2) Drive (2WD),or above model with latest BS compliance, Diesel engine driven Vehicle for plying under Contracts Section, Pipeline Headquarter","SERVICES OF 1 (ONE) NUMBER BRAND NEW BOLERO SINGLE CABIN 4WD PS PICK UP OR HIGHER MODEL of latest BS compliance FOR PIPELINE MAINTENANCE SECTION, PS5- NOONMATI",0.747858596608808,0.0,24,VECTOR,False,False,0,0,0,False,,,,,,,,1.0,True,True,True,True,True,0,1,UNDETERMINED,Otherwise: Undetermined due to insufficient matches or multiple critical mismatches.,"F,G",,UNREVIEWED,,
M005257,M020445,Oil India Limited,Oil India Limited,"Providing services for Misc maintenance works as and when required at industrial area, Repeater stations & BGR Terminal under PS-6 Bongaigaon","Providing services for Misc maintenance works as and when required at industrial area, Repeater stations & BGR Terminal under PS-6 Bongaigaon",0.960614633057434,67.94750609224074,1,"VECTOR,BM25",False,True,0,0,0,False,,,,,,,,1.0,True,True,True,True,True,0,0,UNDETERMINED,Otherwise: Undetermined due to insufficient matches or multiple critical mismatches.,"A,B,E,F",,UNREVIEWED,,
M000094,M016369,Indian Oil Corporation Limited,Oil India Limited,Bulk(Pipe/Fittings/Flanges/Va lve),Supply of Flanges,0.758936225561139,0.0,6,VECTOR,True,False,0,0,0,True,,,,,,,,0.0,True,True,True,True,True,0,1,DISTINCT,Technical conflict detected.; Priority 1: Distinct due to explicit technical conflict.,"C,D,F",,UNREVIEWED,,
M006849,M011661,Oil India Limited,Oil India Limited,Acquisition of 180 LKM 2 –D seismic data in Pasighat (AA-ONHP-2017/17) falls under Arunachal Pradesh,Hiring of Services for Seismic Data Acquisition in Assam and Arunanchal Pradesh,0.70996072590488,27.265801823292772,9,"VECTOR,BM25",False,False,0,0,0,False,,,,,,,,1.0,True,True,True,True,True,0,1,UNDETERMINED,Otherwise: Undetermined due to insufficient matches or multiple critical mismatches.,"F,G",,UNREVIEWED,,
M014869,M014877,Oil India Limited,Oil India Limited,"ROCK BIT, MEDIUM FORMATION, JET CIRCULATION, TRI CONE, JOURNAL BEARING, HEEL PAC, MILLED TOOTH TYPE BEARING API MONOGRAM AS PER APISPEC 7","ROCK BIT, SOFT FORMATION, JET CIRCULATION, TRI CONE, MILLED TOOTH, API MONOGRAM AS PER API SPEC 7-1",0.867589281993565,75.50124722667097,4,"VECTOR,BM25",False,False,0,0,0,False,,,,,,,,1.0,True,True,True,True,True,0,1,UNDETERMINED,Otherwise: Undetermined due to insufficient matches or multiple critical mismatches.,"A,B,F,G",,UNREVIEWED,,
M014869,M014878,Oil India Limited,Oil India Limited,"ROCK BIT, MEDIUM FORMATION, JET CIRCULATION, TRI CONE, JOURNAL BEARING, HEEL PAC, MILLED TOOTH TYPE BEARING API MONOGRAM AS PER APISPEC 7","ROCK BIT, SOFT FORMATION, JET CIRCULATION, TRI CONE, MILLED TOOTH, API MONOGRAM AS PER API SPEC.7-1",0.863442920787234,76.9522832552852,5,"VECTOR,BM25",False,False,0,0,0,False,,,,,,,,1.0,True,True,True,True,True,0,1,UNDETERMINED,Otherwise: Undetermined due to insufficient matches or multiple critical mismatches.,"A,B,F,G",,UNREVIEWED,,
M000881,M001171,NTPC Limited,NTPC Limited,"M1613517861_ PIPE, BLK, CS, FE410, 9.5MM, 508MM, 500MM ( 4000 meter )",250 NB ERW Pipes (FE410) for thickness range 6.3 to 10 mm (CAT-2),0.728277727927062,0.0,45,VECTOR,False,False,1,1,2,True,0.0,,,,,,,1.0,False,True,True,True,True,1,0,DISTINCT,Technical conflict detected.; Priority 1: Distinct due to explicit technical conflict.,"C,F",,UNREVIEWED,,
M006158,M000029,Oil India Limited,Indian Oil Corporation Limited,Toner Cartridges/ Ink Cartridges/ Consumables for Printers (Q2),A3 Printer,0.796841589826329,0.0,32,VECTOR,True,False,0,0,0,False,,,,,,,,0.0,True,True,True,True,True,0,1,UNDETERMINED,Otherwise: Undetermined due to insufficient matches or multiple critical mismatches.,"D,F,G",,UNREVIEWED,,
M014869,M014872,Oil India Limited,Oil India Limited,"ROCK BIT, MEDIUM FORMATION, JET CIRCULATION, TRI CONE, JOURNAL BEARING, HEEL PAC, MILLED TOOTH TYPE BEARING API MONOGRAM AS PER APISPEC 7","ROCK BIT, MEDIUM FORMATION, TRICONE, NON -SEALED BEARING, MILLED TOOTH TYPE WITH CENTRE PORT (FIXED)FOR CIRCULATION",0.830245176698098,63.20015395498153,9,"VECTOR,BM25",False,False,0,0,0,False,,,,,,,,1.0,True,True,True,True,True,0,1,UNDETERMINED,Otherwise: Undetermined due to insufficient matches or multiple critical mismatches.,"B,F,G",,UNREVIEWED,,
M000094,M002782,Indian Oil Corporation Limited,Oil India Limited,Bulk(Pipe/Fittings/Flanges/Va lve),Angular Hydraulic Fittings,0.709522705582661,0.0,17,VECTOR,True,False,0,0,0,True,,,,,,,,0.0,True,True,True,True,True,0,1,DISTINCT,Technical conflict detected.; Priority 1: Distinct due to explicit technical conflict.,"C,D,F",,UNREVIEWED,,
M005440,M020632,Oil India Limited,Oil India Limited,Ring joint Gasket,Ring joint Gasket,0.828214758837303,27.078279652942825,11,"VECTOR,BM25",False,True,0,0,0,False,,,,,,,,1.0,True,True,True,True,True,0,0,UNDETERMINED,Otherwise: Undetermined due to insufficient matches or multiple critical mismatches.,"E,F",,UNREVIEWED,,
M005440,M020629,Oil India Limited,Oil India Limited,Ring joint Gasket,Ring Joint Gasket,0.828214758837303,27.078279652942825,12,"VECTOR,BM25",False,True,0,0,0,False,,,,,,,,1.0,True,True,True,True,True,0,0,UNDETERMINED,Otherwise: Undetermined due to insufficient matches or multiple critical mismatches.,"E,F",,UNREVIEWED,,
M015908,M000116,Oil India Limited,Indian Oil Corporation Limited,"Safety Valve Full Bore (For 73.025 mm Tubing), Qty. : 6 Nos","Check Valves (exotic metallurgy, dual plate, swing type, duplex)",0.765510958933996,0.0,23,VECTOR,True,False,0,0,0,False,,,,,,,,0.0,True,True,True,True,True,0,0,UNDETERMINED,Otherwise: Undetermined due to insufficient matches or multiple critical mismatches.,"D,F",,UNREVIEWED,,
M003270,M005034,Oil India Limited,Oil India Limited,Consumables of Pathology Lab,PROCUREMENT OF LABORATORY CHEMICAL REAGENTS,0.710887286754281,0.0,17,VECTOR,False,False,0,0,0,False,,,,,,,,1.0,True,True,True,True,True,0,1,UNDETERMINED,Otherwise: Undetermined due to insufficient matches or multiple critical mismatches.,"F,G",,UNREVIEWED,,
M020193,M020262,Oil India Limited,Oil India Limited,POOR BOY SWIVEL,Poor Boy Swivel,0.999800434103207,35.069588854694494,1,"VECTOR,BM25",False,True,0,0,0,False,,,,,,,,1.0,True,True,True,True,True,0,0,UNDETERMINED,Otherwise: Undetermined due to insufficient matches or multiple critical mismatches.,"A,E,F",,UNREVIEWED,,
M015908,M020128,Oil India Limited,Oil India Limited,"Safety Valve Full Bore (For 73.025 mm Tubing), Qty. : 6 Nos","OIL DUMP VALVE FOR ET, 3"" X150CL, ANGLE ,QTY -25 NOS WATER DUMP VALVE FOR ET, 2"" X150CL, ANGLE-QTY-50 NOS",0.762034287131154,0.0,28,VECTOR,False,False,0,0,0,False,,,,,,,,1.0,True,True,True,True,True,0,1,UNDETERMINED,Otherwise: Undetermined due to insufficient matches or multiple critical mismatches.,"F,G",,UNREVIEWED,,
M004516,M019678,Oil India Limited,Oil India Limited,"Hiring the services of 1 (One) no. Skilled WCL(LI), 1 (One) no. Unskilled WCL(L)and 1 (One) no. Unskilled WCL(L-I) for miscellaneous jobs of Contracts Department, PHQ for a period of 4 (Four) years","Hiring the services of 1 (One) no. Skilled WCL(LI), 1 (One) no. Unskilled WCL(L)and 1 (One) no. Unskilled WCL(L-I) for miscellaneous jobs of Contracts Department, PHQ for a period of 4 (Four) years",0.999794534880678,117.99718545103084,1,"VECTOR,BM25",False,True,0,0,0,False,,,,,,,,1.0,True,True,True,True,True,0,0,UNDETERMINED,Otherwise: Undetermined due to insufficient matches or multiple critical mismatches.,"A,B,E,F",,UNREVIEWED,,
M015908,M000660,Oil India Limited,Indian Oil Corporation Limited,"Safety Valve Full Bore (For 73.025 mm Tubing), Qty. : 6 Nos",SUPPLY OF ON-OFF VALVES (LOT-2),0.761124574831217,0.0,30,VECTOR,True,False,0,0,0,False,,,,,,,,1.0,True,True,True,True,True,0,1,UNDETERMINED,Otherwise: Undetermined due to insufficient matches or multiple critical mismatches.,"D,F,G",,UNREVIEWED,,
M009074,M009080,Oil India Limited,Oil India Limited,"Construction/repairing of approach road, plinth and foundation for location HXT-H","Construction/repairing of approach road, preparation of plinth, road over plinth, effluent pits, pillow foundations, RCC foundation",0.750941368036919,25.75846812418836,16,"VECTOR,BM25",False,False,0,0,0,False,,,,,,,,1.0,True,True,True,True,True,0,1,UNDETERMINED,Otherwise: Undetermined due to insufficient matches or multiple critical mismatches.,"F,G",,UNREVIEWED,,
M005530,M014491,Oil India Limited,Oil India Limited,SPARES FOR MUD PUMP,Procurement of Mud Motors,0.788417983666522,0.0,41,VECTOR,False,False,0,0,0,True,,,,,,,,1.0,True,True,True,True,True,0,0,DISTINCT,Technical conflict detected.; Priority 1: Distinct due to explicit technical conflict.,"C,F",,UNREVIEWED,,
M021448,M006238,Oil India Limited,Oil India Limited,Various Medical Laboratory Consumable Items,Various Medical Laboratory Consumable Items,0.999894147783692,41.64056049180545,1,"VECTOR,BM25",False,True,0,0,0,False,,,,,,,,1.0,True,True,True,True,True,0,0,UNDETERMINED,Otherwise: Undetermined due to insufficient matches or multiple critical mismatches.,"A,E,F",,UNREVIEWED,,
M008101,M020076,Oil India Limited,Oil India Limited,"Calibration of Master Equipments of Chemical Laboratory, OIL, Duliajan for 03 years (once in a year)",Multi function Calibrators,0.723774865748949,0.0,20,VECTOR,False,False,0,0,0,False,,,,,,,,1.0,True,True,True,True,True,0,1,UNDETERMINED,Otherwise: Undetermined due to insufficient matches or multiple critical mismatches.,"F,G",,UNREVIEWED,,
M020640,M005448,Oil India Limited,Oil India Limited,Rock Bit/Drilling Bits,Rock Bit/Drilling Bits,0.999773599078709,32.58311051664343,1,"VECTOR,BM25",False,True,0,0,0,False,,,,,,,,1.0,True,True,True,True,True,0,0,UNDETERMINED,Otherwise: Undetermined due to insufficient matches or multiple critical mismatches.,"A,E,F",,UNREVIEWED,,
M002143,M014146,NTPC Limited,Oil India Limited,Procurement of Ordinary Portland Cement (V3) Conforming to IS 269 for Bulk Buying (Q3),"PROCUREMENT OF ORDINARY PORTLAND CEMENT GRADE- 43 (QTY=3,35,000 BAGS)",0.854085765903345,25.980952028603987,1,"VECTOR,BM25",True,False,0,0,0,False,,,,,,,,1.0,True,True,True,True,True,0,1,UNDETERMINED,Otherwise: Undetermined due to insufficient matches or multiple critical mismatches.,"A,D,F,G",,UNREVIEWED,,
M003483,M018599,Oil India Limited,Oil India Limited,"Empanelment/Short-listing of Five (05) Nos. Vendors/Civil Contractors and awarding of Rate contracts to carry out miscellaneous civil jobs including new minor construction work, repairing and maintena","Empanelment/Short-listing of Five (05) Nos. Vendors/Civil Contractors and awarding of Rate contracts to carry out miscellaneous civil jobs including new minor construction work, repairing and maintena",0.967104801815787,133.71829903718148,1,"VECTOR,BM25",False,True,0,0,0,False,,,,,,,,1.0,True,True,True,True,True,0,0,UNDETERMINED,Otherwise: Undetermined due to insufficient matches or multiple critical mismatches.,"A,B,E,F",,UNREVIEWED,,
M005440,M020109,Oil India Limited,Oil India Limited,Ring joint Gasket,"Nipple, Short Joints and Coupling for Casing",0.704635787893829,0.0,37,VECTOR,False,False,0,0,0,False,,,,,,,,1.0,True,True,True,True,True,0,1,UNDETERMINED,Otherwise: Undetermined due to insufficient matches or multiple critical mismatches.,"F,G",,UNREVIEWED,,
M007717,M007788,Oil India Limited,Oil India Limited,Bids for the supply of Christmas Tree Assembly,Bids for the supply of Stainless Steel Christmas Tree Assembly,0.850307319522158,31.127866132920396,3,"VECTOR,BM25",False,False,0,0,0,False,,,,,,,,1.0,True,True,True,True,True,0,1,UNDETERMINED,Otherwise: Undetermined due to insufficient matches or multiple critical mismatches.,"A,F,G",,UNREVIEWED,,
M010946,M012940,Oil India Limited,Oil India Limited,HYDRAULIC NUT SPLITTER WITH SINGLE STAGE,Hydraulic torque wrenches with air operated high pressure hydraulic pump (Q3),0.746879999302737,9.861592733120673,7,"VECTOR,BM25",False,False,0,0,0,False,,,,,,,,1.0,True,True,True,True,True,0,1,UNDETERMINED,Otherwise: Undetermined due to insufficient matches or multiple critical mismatches.,"F,G",,UNREVIEWED,,
M002143,M008237,NTPC Limited,Oil India Limited,Procurement of Ordinary Portland Cement (V3) Conforming to IS 269 for Bulk Buying (Q3),"Cement, Ordinary Portland, 43 grade conforming to IS:8112 - 1989 (Reaffirmed 2005) packed in 50 kg",0.725023630549927,25.989536400140114,12,"VECTOR,BM25",True,False,0,0,0,False,,,,,,,,1.0,True,True,True,True,True,0,1,UNDETERMINED,Otherwise: Undetermined due to insufficient matches or multiple critical mismatches.,"D,F,G",,UNREVIEWED,,
M002143,M020202,NTPC Limited,Oil India Limited,Procurement of Ordinary Portland Cement (V3) Conforming to IS 269 for Bulk Buying (Q3),PORTLAND POZZOLANA CEMENT,0.721109993705615,16.31478579688251,13,"VECTOR,BM25",True,False,0,0,0,False,,,,,,,,1.0,True,True,True,True,True,0,1,UNDETERMINED,Otherwise: Undetermined due to insufficient matches or multiple critical mismatches.,"D,F,G",,UNREVIEWED,,
M018447,M019113,Oil India Limited,Oil India Limited,"Design, implementation and support for Command-and-Control Centre & OT Data Lake project for OIL India Ltd",Hiring of Consultancy Service for DRIVE 2.0 of Oil India Limited,0.701067524450421,0.0,27,VECTOR,False,False,0,0,0,False,,,,,,,,1.0,True,True,True,True,True,0,1,UNDETERMINED,Otherwise: Undetermined due to insufficient matches or multiple critical mismatches.,"F,G",,UNREVIEWED,,
M017729,M002643,Oil India Limited,Oil India Limited,3Cx 2.5 Sq. mm Ethylene Propylene Rubber (EPR) insulated Cable,3Cx 2.5 Sq. mm Ethylene Propylene Rubber (EPR) insulated Cable,0.929683424542744,77.06688867896523,1,"VECTOR,BM25",False,True,0,0,0,False,,,,,,,,1.0,True,True,True,True,True,0,0,UNDETERMINED,Otherwise: Undetermined due to insufficient matches or multiple critical mismatches.,"A,B,E,F",,UNREVIEWED,,
M017015,M006153,Oil India Limited,Oil India Limited,"To provide Miscellaneous support services such as repair of Minor leak point/Pilferage Point, Grouting of Boundary Marker/Kilometer Post, Location of Pipeline in RoW, Survey and Demarcation, Earth cut","To provide Miscellaneous support services such as repair of Minor leak point/Pilferage Point, Installation or Grouting of Boundary Marker/Kilometer Post, Location of Pipeline in RoW, Survey and Demarc",0.941915148105865,123.37318412281711,4,"VECTOR,BM25",False,False,0,0,0,False,,,,,,,,1.0,True,True,True,True,True,0,1,UNDETERMINED,Otherwise: Undetermined due to insufficient matches or multiple critical mismatches.,"A,B,F,G",,UNREVIEWED,,
M020640,M015762,Oil India Limited,Oil India Limited,Rock Bit/Drilling Bits,SUPPLY OF PDC DRILLING BITS,0.824723569230258,0.0,36,VECTOR,False,False,0,0,0,False,,,,,,,,1.0,True,True,True,True,True,0,0,UNDETERMINED,Otherwise: Undetermined due to insufficient matches or multiple critical mismatches.,F,,UNREVIEWED,,
M017015,M017014,Oil India Limited,Oil India Limited,"To provide Miscellaneous support services such as repair of Minor leak point/Pilferage Point, Grouting of Boundary Marker/Kilometer Post, Location of Pipeline in RoW, Survey and Demarcation, Earth cut","To provide Miscellaneous support services such as repair of Minor leak point Pilferage Point, Maintenance of RoW Identification facilities, RoW Painting, Location of Pipeline in RoW, Survey and Demarc",0.868781475487951,94.82717768668013,16,"VECTOR,BM25",False,False,0,0,0,False,,,,,,,,1.0,True,True,True,True,True,0,1,UNDETERMINED,Otherwise: Undetermined due to insufficient matches or multiple critical mismatches.,"A,B,F,G",,UNREVIEWED,,
M003709,M018831,Oil India Limited,Oil India Limited,HIRING OF SERVICES FOR ASSESSMENT & EXPLOITATION OF HEAVY OIL FROM UPPER CARBONATE RESERVOIR OF BAGHEWALA FIELD,HIRING OF SERVICES FOR ASSESSMENT & EXPLOITATION OF HEAVY OIL FROM UPPER CARBONATE RESERVOIR OF BAGHEWALA FIELD,0.999873953490705,73.17714548367243,1,"VECTOR,BM25",False,True,0,0,0,False,,,,,,,,1.0,True,True,True,True,True,0,0,UNDETERMINED,Otherwise: Undetermined due to insufficient matches or multiple critical mismatches.,"A,B,E,F",,UNREVIEWED,,
M002382,M016409,NTPC Limited,Oil India Limited,Supply of 200 NB MS ERW Pipes as per IS 3589,"Supply of Line Pipe 2” Black Steel , ERW (12,600 Mtr)",0.733169248778321,24.15508839656676,7,"VECTOR,BM25",True,False,2,3,1,False,,,,,,,,1.0,True,True,True,True,True,0,1,UNDETERMINED,Otherwise: Undetermined due to insufficient matches or multiple critical mismatches.,"D,F,G,H",,UNREVIEWED,,
M002382,M016277,NTPC Limited,Oil India Limited,Supply of 200 NB MS ERW Pipes as per IS 3589,Supply of 5600 M of ERW LINE PIPE,0.742779722551,0.0,10,VECTOR,True,False,2,3,1,False,,,,,,,,1.0,True,True,True,True,True,0,1,UNDETERMINED,Otherwise: Undetermined due to insufficient matches or multiple critical mismatches.,"D,F,G,H",,UNREVIEWED,,
M002382,M001182,NTPC Limited,NTPC Limited,Supply of 200 NB MS ERW Pipes as per IS 3589,450NB ERW Pipe (FE410) for thickness range 6.3 to 10 mm (CAT-2),0.74071083733835,0.0,11,VECTOR,False,False,2,3,1,False,,,,,,,,1.0,True,True,True,True,True,0,1,UNDETERMINED,Otherwise: Undetermined due to insufficient matches or multiple critical mismatches.,"F,G,H",,UNREVIEWED,,
M002382,M006649,NTPC Limited,Oil India Limited,Supply of 200 NB MS ERW Pipes as per IS 3589,6” ERW Line pipes,0.710122831014212,29.328678903855298,8,"VECTOR,BM25",True,False,2,3,1,False,,,,,,,,1.0,True,True,True,True,True,0,1,UNDETERMINED,Otherwise: Undetermined due to insufficient matches or multiple critical mismatches.,"D,F,G,H",,UNREVIEWED,,
M002382,M001180,NTPC Limited,NTPC Limited,Supply of 200 NB MS ERW Pipes as per IS 3589,400NB ERW Pipe (FE410) for thickness range 6.3 to 10 mm (CAT-2),0.735385341108015,0.0,13,VECTOR,False,False,2,3,1,False,,,,,,,,1.0,True,True,True,True,True,0,1,UNDETERMINED,Otherwise: Undetermined due to insufficient matches or multiple critical mismatches.,"F,G,H",,UNREVIEWED,,
M002382,M007849,NTPC Limited,Oil India Limited,Supply of 200 NB MS ERW Pipes as per IS 3589,"Black steel line pipe, ERW, nom. size - 25 mm (1"")Maximum O.D. - 34.2 mm (1.35""), Min. O.D.33.3 mm, wall thickness 3.2 mm (0.128""), Weight including screwed & socketed 2.43 kg/m (1.63 lb/ft), IS:1239(",0.720141429700994,0.0,14,VECTOR,True,False,2,3,1,False,,,,,,,,1.0,True,True,True,True,True,0,1,UNDETERMINED,Otherwise: Undetermined due to insufficient matches or multiple critical mismatches.,"D,F,G,H",,UNREVIEWED,,
M002382,M006648,NTPC Limited,Oil India Limited,Supply of 200 NB MS ERW Pipes as per IS 3589,"6” ERW GALVANISED LINE PIPE - 8,500 METERS",0.714059366902093,0.0,15,VECTOR,True,False,2,3,1,False,,,,,,,,1.0,True,True,True,True,True,0,0,UNDETERMINED,Otherwise: Undetermined due to insufficient matches or multiple critical mismatches.,"D,F,H",,UNREVIEWED,,
M002382,M013325,NTPC Limited,Oil India Limited,Supply of 200 NB MS ERW Pipes as per IS 3589,"Line Pipe, 2"" , Black Steel, ERW Screwed (Q3)",0.711854960690188,0.0,16,VECTOR,True,False,2,3,1,False,,,,,,,,1.0,True,True,True,True,True,0,0,UNDETERMINED,Otherwise: Undetermined due to insufficient matches or multiple critical mismatches.,"D,F,H",,UNREVIEWED,,
M000422,M020428,Indian Oil Corporation Limited,Oil India Limited,Spare Components (Compressor/Pumps/Feed Coalescer),Procurement of spares of Screw air compressor,0.80422857814646,0.0,16,VECTOR,True,False,0,0,0,False,,,,,,,,0.0,True,True,True,True,True,0,0,UNDETERMINED,Otherwise: Undetermined due to insufficient matches or multiple critical mismatches.,"D,F",,UNREVIEWED,,
M019776,M010960,Oil India Limited,Oil India Limited,ICU Ventilator,Haemodialysis Machine (Q2),0.74241993005198,0.0,10,VECTOR,False,False,0,0,0,False,,,,,,,,1.0,True,True,True,True,True,0,1,UNDETERMINED,Otherwise: Undetermined due to insufficient matches or multiple critical mismatches.,"F,G",,UNREVIEWED,,
M019776,M021162,Oil India Limited,Oil India Limited,ICU Ventilator,"Supply of NEBULIZER MASK,NEBULIZER KIT & HI-MASK (HIGH CONCENTRATION OXYGEN MASK)",0.730571101070694,0.0,11,VECTOR,False,False,0,0,0,False,,,,,,,,1.0,True,True,True,True,True,0,1,UNDETERMINED,Otherwise: Undetermined due to insufficient matches or multiple critical mismatches.,"F,G",,UNREVIEWED,,
M002382,M013327,NTPC Limited,Oil India Limited,Supply of 200 NB MS ERW Pipes as per IS 3589,"Line Pipe, 2"" , ERW Galvanised, Screwed (Q3)",0.704510817559264,0.0,19,VECTOR,True,False,2,3,1,False,,,,,,,,1.0,True,True,True,True,True,0,0,UNDETERMINED,Otherwise: Undetermined due to insufficient matches or multiple critical mismatches.,"D,F,H",,UNREVIEWED,,
M000422,M005782,Indian Oil Corporation Limited,Oil India Limited,Spare Components (Compressor/Pumps/Feed Coalescer),Spares for Screw Air Compressor,0.794213992675024,0.0,20,VECTOR,True,False,0,0,0,False,,,,,,,,0.0,True,True,True,True,True,0,1,UNDETERMINED,Otherwise: Undetermined due to insufficient matches or multiple critical mismatches.,"D,F,G",,UNREVIEWED,,
M006938,M006907,Oil India Limited,Oil India Limited,Amendment No. 02 to GeM Tender No. GEM/2023/B/4210790 dtd. 15/11/2023,Amendment No. 01 to GeM Tender No. GEM/2023/B/3299913 dtd. 23/03/2023,0.906912863159288,35.17640461797766,25,"VECTOR,BM25",False,False,0,0,0,False,,,,,,,,1.0,True,True,True,True,True,0,0,UNDETERMINED,Otherwise: Undetermined due to insufficient matches or multiple critical mismatches.,"A,F",,UNREVIEWED,,
M017090,M015800,Oil India Limited,Oil India Limited,"Tri-ethylene Glycol, 99% Purity.Qty:96 MT",SUPPLY OF TRI-ETHYLENE GLYCOL (99% PURITY),0.939042000054867,20.18080210959729,2,"VECTOR,BM25",False,False,0,0,0,False,,,,,,,,1.0,True,True,True,True,True,0,0,UNDETERMINED,Otherwise: Undetermined due to insufficient matches or multiple critical mismatches.,"A,F",,UNREVIEWED,,
M000422,M020713,Indian Oil Corporation Limited,Oil India Limited,Spare Components (Compressor/Pumps/Feed Coalescer),SPARES FOR COOLING WATER PUMP,0.790471376484463,0.0,23,VECTOR,True,False,0,0,0,False,,,,,,,,0.0,True,True,True,True,True,0,1,UNDETERMINED,Otherwise: Undetermined due to insufficient matches or multiple critical mismatches.,"D,F,G",,UNREVIEWED,,
M013347,M000660,Oil India Limited,Indian Oil Corporation Limited,Liquid Control Valve,SUPPLY OF ON-OFF VALVES (LOT-2),0.757689197017732,0.0,34,VECTOR,True,False,0,0,0,False,,,,,,,,1.0,True,True,True,True,True,0,1,UNDETERMINED,Otherwise: Undetermined due to insufficient matches or multiple critical mismatches.,"D,F,G",,UNREVIEWED,,
M010485,M008125,Oil India Limited,Oil India Limited,Guar Gum- OIL (Q3,Carboxy Methyl Cellulose (Low Viscosity Grade) -OIL (Q3),0.783858998451832,0.0,14,VECTOR,False,False,0,0,0,False,,,,,,,,1.0,True,True,True,True,True,0,1,UNDETERMINED,Otherwise: Undetermined due to insufficient matches or multiple critical mismatches.,"F,G",,UNREVIEWED,,
M014498,M016315,Oil India Limited,Oil India Limited,Procurement of Office Table (Qnty. – 324 Nos.),Supply of Cabinet (Qnty. – 2 Nos.),0.727175710442814,24.350860993653914,6,"VECTOR,BM25",False,False,0,0,0,False,,,,,,,,1.0,True,True,True,True,True,0,1,UNDETERMINED,Otherwise: Undetermined due to insufficient matches or multiple critical mismatches.,"F,G",,UNREVIEWED,,
M002382,M013185,NTPC Limited,Oil India Limited,Supply of 200 NB MS ERW Pipes as per IS 3589,"LINE PIPE, 3/4', ERW GALVANISED, SCREWED (Q3)",0.700636745821556,0.0,21,VECTOR,True,False,2,3,1,False,,,,,,,,1.0,True,True,True,True,True,0,0,UNDETERMINED,Otherwise: Undetermined due to insufficient matches or multiple critical mismatches.,"D,F,H",,UNREVIEWED,,
M000422,M020899,Indian Oil Corporation Limited,Oil India Limited,Spare Components (Compressor/Pumps/Feed Coalescer),Screw Air Compressor,0.773768303879207,0.0,31,VECTOR,True,False,0,0,0,False,,,,,,,,0.0,True,True,True,True,True,0,1,UNDETERMINED,Otherwise: Undetermined due to insufficient matches or multiple critical mismatches.,"D,F,G",,UNREVIEWED,,
M000422,M020982,Indian Oil Corporation Limited,Oil India Limited,Spare Components (Compressor/Pumps/Feed Coalescer),Spares for Screw Air Compressor (Make Ingersoll Rand),0.771951178563433,0.0,32,VECTOR,True,False,0,0,0,False,,,,,,,,0.0,True,True,True,True,True,0,0,UNDETERMINED,Otherwise: Undetermined due to insufficient matches or multiple critical mismatches.,"D,F",,UNREVIEWED,,
M019776,M018649,Oil India Limited,Oil India Limited,ICU Ventilator,FACEPIECE RESPIRATOR,0.706367774265902,0.0,25,VECTOR,False,False,0,0,0,False,,,,,,,,1.0,True,True,True,True,True,0,0,UNDETERMINED,Otherwise: Undetermined due to insufficient matches or multiple critical mismatches.,F,,UNREVIEWED,,
M000422,M020720,Indian Oil Corporation Limited,Oil India Limited,Spare Components (Compressor/Pumps/Feed Coalescer),SPARES FOR GAS LIFT COMPRESSOR,0.767378429986004,0.0,36,VECTOR,True,False,0,0,0,False,,,,,,,,0.0,True,True,True,True,True,0,1,UNDETERMINED,Otherwise: Undetermined due to insufficient matches or multiple critical mismatches.,"D,F,G",,UNREVIEWED,,
M017015,M021354,Oil India Limited,Oil India Limited,"To provide Miscellaneous support services such as repair of Minor leak point/Pilferage Point, Grouting of Boundary Marker/Kilometer Post, Location of Pipeline in RoW, Survey and Demarcation, Earth cut","To provide Miscellaneous support services such as Jungle cutting & RoW painting, Maintenance of RoW identification facilities, Stickers for display in RoW, Hiring of JCB/ Excavator, Hiring of Crane fr",0.0,101.82333130188424,46,BM25,False,False,0,0,0,False,,,,,,,,1.0,True,True,True,True,True,0,1,UNDETERMINED,Otherwise: Undetermined due to insufficient matches or multiple critical mismatches.,B,,UNREVIEWED,,
M004026,M019163,Oil India Limited,Oil India Limited,Hiring of Geophysical and Geotechnical surveying services in blocks AN OSHP 2018/1 & AN OSHP 2018/2 in Andaman Offshore Basins and in block KK OSHP 2018/1 in Kerala Konkan Offshore,Hiring of Geophysical and Geotechnical surveying services in blocks AN OSHP 2018/1 & AN OSHP 2018/2 in Andaman Offshore Basins and in block KK OSHP 2018/1 in Kerala Konkan Offshore,0.953060305111144,157.13590615362168,1,"VECTOR,BM25",False,True,0,0,0,False,1.0,,,,,,,1.0,False,True,True,True,True,1,0,IDENTICAL,Priority 2: Identical because all available critical technical attributes match.,"A,B,E,F",,UNREVIEWED,,
M020495,M014912,Oil India Limited,Oil India Limited,Radar Tank Gauge,Radar Tank Gauge,0.999862198285652,28.430213434692774,1,"VECTOR,BM25",False,True,0,0,0,False,,,,,,,,1.0,True,True,True,True,True,0,0,UNDETERMINED,Otherwise: Undetermined due to insufficient matches or multiple critical mismatches.,"A,E,F",,UNREVIEWED,,
M005961,M018768,Oil India Limited,Oil India Limited,"Supply of NEEDLE VALVE, 1/4 "" SS , MALE CONNECTOR, 1/4 "" X 1/4 "" , SS TUBE 1/4 "" OD , UNION, 1/4 ""","HAND TUBE BENDER SIZE 1/4"", HAND TUBE BENDER SIZE 1/2"", TUBE CUTTER SIZE 1/4"" TO 1/2""",0.0,70.74209914597218,47,BM25,False,False,0,0,0,False,,,,,,,,1.0,True,True,True,True,True,0,1,UNDETERMINED,Otherwise: Undetermined due to insufficient matches or multiple critical mismatches.,B,,UNREVIEWED,,
M004026,M003938,Oil India Limited,Oil India Limited,Hiring of Geophysical and Geotechnical surveying services in blocks AN OSHP 2018/1 & AN OSHP 2018/2 in Andaman Offshore Basins and in block KK OSHP 2018/1 in Kerala Konkan Offshore,"Hiring agency for Geophysical survey and Geotechnical investigations required for drilling exploratory locations in Andaman offshore Block (AN-OSHP-2018/1 & AN-OSHP-2018/2), Kerala-Konkan offshore blo",0.845234700805202,42.08712825943256,3,"VECTOR,BM25",False,False,0,0,0,False,,,,,,,,1.0,True,True,True,True,True,0,1,UNDETERMINED,Otherwise: Undetermined due to insufficient matches or multiple critical mismatches.,"F,G",,UNREVIEWED,,
M002383,M002381,NTPC Limited,NTPC Limited,"Supply of 40,000 MT Sodium Bi Carbonate through Bulkers for DSI system at NTPC DADRI",Supply of 15000 MT Sodium Bi Carbonate through Bulkers for DSI System at NTPC Dadri,0.990601187364426,74.39552137962808,1,"VECTOR,BM25",False,False,0,0,0,False,,,,,,,,1.0,True,True,True,True,True,0,0,UNDETERMINED,Otherwise: Undetermined due to insufficient matches or multiple critical mismatches.,"A,B,F",,UNREVIEWED,,
M013451,M015043,Oil India Limited,Oil India Limited,MODERNIZATION/ UPGRADATION OF KITCHEN & TOILETS IN F TYPE BUNGLOWS AT DULIAJAN,"Renovation of Technical Audit Department at Duliajan, including supply of all materials except cement",0.70764787961833,0.0,25,VECTOR,False,False,0,0,0,False,,,,,,,,1.0,True,True,True,True,True,0,1,UNDETERMINED,Otherwise: Undetermined due to insufficient matches or multiple critical mismatches.,"F,G",,UNREVIEWED,,
M003916,M019048,Oil India Limited,Oil India Limited,"Hiring Services for providing suitable Manpower in Highly Skilled/Skilled/Semi Skilled/Unskilled Categories for Office Jobs in KG Basin Project Office, Kakinada for a period of Three (03) years","Hiring Services for providing suitable Manpower in Highly Skilled/Skilled/Semi Skilled/Unskilled Categories for Office Jobs in KG Basin Project Office, Kakinada for a period of Three (03) years",0.999807339555512,92.08367926724475,1,"VECTOR,BM25",False,True,0,0,0,False,,,,,,,,1.0,True,True,True,True,True,0,0,UNDETERMINED,Otherwise: Undetermined due to insufficient matches or multiple critical mismatches.,"A,B,E,F",,UNREVIEWED,,
M017090,M004720,Oil India Limited,Oil India Limited,"Tri-ethylene Glycol, 99% Purity.Qty:96 MT",LIQUID NITROGEN OF PURITY NOT LESS THAN 99 percent,0.708060431679474,0.0,44,VECTOR,False,False,0,0,0,False,,,,,,,,1.0,True,True,True,True,True,0,1,UNDETERMINED,Otherwise: Undetermined due to insufficient matches or multiple critical mismatches.,"F,G",,UNREVIEWED,,
M019402,M004251,Oil India Limited,Oil India Limited,Hiring of services for Operation & Maintenance (O&M) of Intermediate Tank Farm (ITF)-Tengakhat,Hiring of services for Operation & Maintenance (O&M) of Intermediate Tank Farm (ITF)-Tengakhat,0.99979041123083,57.32228590776016,1,"VECTOR,BM25",False,True,0,0,0,False,,,,,,,,1.0,True,True,True,True,True,0,0,UNDETERMINED,Otherwise: Undetermined due to insufficient matches or multiple critical mismatches.,"A,E,F",,UNREVIEWED,,
M009253,M009299,Oil India Limited,Oil India Limited,Corrigendum No. 01 to GeM Tender No.GEM/2023/B/4053259 dtd. 09/10/2023,Corrigendum No. 02 to GeM Tender No.GEM/2023/B/3553269 dtd. 10/06/2023,0.916829533574205,0.0,30,VECTOR,False,False,0,0,0,False,,,,,,,,1.0,True,True,True,True,True,0,0,UNDETERMINED,Otherwise: Undetermined due to insufficient matches or multiple critical mismatches.,"A,F",,UNREVIEWED,,
M000708,M000707,Indian Oil Corporation Limited,Indian Oil Corporation Limited,"PROJECT MANAGEMENT CONSULTANCY SERVICES (PMC-4) FOR LLDPE/HDPE (SWING) UNIT, PVC AND BUTENE-1 UNDER THE PARADIP PETROCHEMICAL COMPLEX (PDPC) PROJECT OF INDIAN OIL CORPORATION LIMITED AT PARADIP, ODISH","PROJECT MANAGEMENT CONSULTANCY SERVICES (PMC-3) FOR CUMENE AND PHENOL UNITS FOR THE PARADIP PETROCHEMICAL COMPLEX (PDPC) PROJECT OF INDIAN OIL CORPORATION LIMITED AT PARADIP, ODISHA",0.862989819723093,83.0870902414622,2,"VECTOR,BM25",False,False,2,2,0,False,,,,,,,,1.0,True,True,True,True,True,0,1,UNDETERMINED,Otherwise: Undetermined due to insufficient matches or multiple critical mismatches.,"A,B,F,G,H",,UNREVIEWED,,
M009253,M009223,Oil India Limited,Oil India Limited,Corrigendum No. 01 to GeM Tender No.GEM/2023/B/4053259 dtd. 09/10/2023,Corrigendum No. 01 to GeM Tender No. GEM/2023/B/3895852 dtd. 01/09/2023,0.911782946953406,0.0,35,VECTOR,False,False,0,0,0,False,,,,,,,,1.0,True,True,True,True,True,0,0,UNDETERMINED,Otherwise: Undetermined due to insufficient matches or multiple critical mismatches.,"A,F",,UNREVIEWED,,
M020646,M018996,Oil India Limited,Oil India Limited,Roller Cone Bit 8.1/2 inch,High Performance Milled Tooth Roller Cone Bit,0.805862657222556,25.343763725531176,7,"VECTOR,BM25",False,False,0,0,0,False,,,,,,,,1.0,True,True,True,True,True,0,1,UNDETERMINED,Otherwise: Undetermined due to insufficient matches or multiple critical mismatches.,"F,G",,UNREVIEWED,,
M004026,M003942,Oil India Limited,Oil India Limited,Hiring of Geophysical and Geotechnical surveying services in blocks AN OSHP 2018/1 & AN OSHP 2018/2 in Andaman Offshore Basins and in block KK OSHP 2018/1 in Kerala Konkan Offshore,Hiring consultancy services to carry out G&G interpretation of 600 sq.km. of 3D seismic data in OIL's OALP-II BLOCK- AN-OSHP-2018/1 in the Andaman basin,0.705528706356462,0.0,29,VECTOR,False,False,0,0,0,True,0.0,,,,,,,1.0,False,True,True,True,True,1,1,DISTINCT,Technical conflict detected.; Priority 1: Distinct due to explicit technical conflict.,"C,F",,UNREVIEWED,,
M020495,M017549,Oil India Limited,Oil India Limited,Radar Tank Gauge,Guard Railing of 37.37 KL Rectangular Tank,0.712669096363754,0.0,27,VECTOR,False,False,0,0,0,False,,,,,,,,1.0,True,True,True,True,True,0,1,UNDETERMINED,Otherwise: Undetermined due to insufficient matches or multiple critical mismatches.,"F,G",,UNREVIEWED,,
M000708,M000655,Indian Oil Corporation Limited,Indian Oil Corporation Limited,"PROJECT MANAGEMENT CONSULTANCY SERVICES (PMC-4) FOR LLDPE/HDPE (SWING) UNIT, PVC AND BUTENE-1 UNDER THE PARADIP PETROCHEMICAL COMPLEX (PDPC) PROJECT OF INDIAN OIL CORPORATION LIMITED AT PARADIP, ODISH",SPN/C077-000-LA-T-9502/03 - PROJECT MANAGEMENT CONSULTANCY SERVICES (PMC-3) FOR CUMENE AND PHENOL UNITS FOR THE PARADIP PETROCHEMICAL COMPLEX (PDPC) PROJECT OF INDIAN OIL CORPORATION LIMITED AT PARADI,0.846666829032336,80.11135604150189,3,"VECTOR,BM25",False,False,2,2,0,False,,,,,,,,1.0,True,True,True,True,True,0,1,UNDETERMINED,Otherwise: Undetermined due to insufficient matches or multiple critical mismatches.,"B,F,G,H",,UNREVIEWED,,
M001983,M001279,NTPC Limited,NTPC Limited,PROCUREMENT OF 500 NB MS PIPES FOR ASH HANDLING DEPARTMENT AT NTPC SIPAT,BULK PROCUREMENT OF IBR P92 Pipes for NTPC Stations,0.769976673650521,18.872265225767794,3,"VECTOR,BM25",False,False,2,2,0,False,,,,,,,,1.0,True,True,True,True,True,0,1,UNDETERMINED,Otherwise: Undetermined due to insufficient matches or multiple critical mismatches.,"F,G,H",,UNREVIEWED,,
M003109,M018211,Oil India Limited,Oil India Limited,"Construction of Approach Road, Plinth, Dwarf Wall, hard standing area, RCC Road, effluent pits etc to suit CH-14 Jaybee (E-2000) Rig Outfit for any locations or multiple locations in Baghjan and Mecha","Construction of Approach Road, Plinth, Dwarf Wall, hard standing area, RCC Road, effluent pits etc to suit CH-14 Jaybee (E-2000) Rig Outfit for any locations or multiple locations in Baghjan and Mecha",0.999782534800196,106.36325528380438,2,"VECTOR,BM25",False,True,0,0,0,False,,,,,,,,1.0,True,True,True,True,True,0,0,UNDETERMINED,Otherwise: Undetermined due to insufficient matches or multiple critical mismatches.,"A,B,E,F",,UNREVIEWED,,
M003109,M008517,Oil India Limited,Oil India Limited,"Construction of Approach Road, Plinth, Dwarf Wall, hard standing area, RCC Road, effluent pits etc to suit CH-14 Jaybee (E-2000) Rig Outfit for any locations or multiple locations in Baghjan and Mecha","Construction of Approach Road, Preparation of Plinth, with effluent pits and construction of RCC foundation to suit CH-1(E-2000) JAYBEE rig for location Loc. BHC in Borhapjan area of Tinsukia district",0.858116325744423,63.50088015288419,8,"VECTOR,BM25",False,False,0,0,0,False,,,,,,,,1.0,True,True,True,True,True,0,1,UNDETERMINED,Otherwise: Undetermined due to insufficient matches or multiple critical mismatches.,"A,B,F,G",,UNREVIEWED,,
M003109,M008634,Oil India Limited,Oil India Limited,"Construction of Approach Road, Plinth, Dwarf Wall, hard standing area, RCC Road, effluent pits etc to suit CH-14 Jaybee (E-2000) Rig Outfit for any locations or multiple locations in Baghjan and Mecha","Construction of CC/RCC foundation, construction/repairing of Approach road, Plinth, Hard standing area to suit CH-1 Jaybee (E-2000) Rig Outfit for any locations in Baghjan and Mechaki Area, including ",0.831570056316593,82.16257448065808,12,"VECTOR,BM25",False,False,0,0,0,False,,,,,,,,1.0,True,True,True,True,True,0,1,UNDETERMINED,Otherwise: Undetermined due to insufficient matches or multiple critical mismatches.,"B,F,G",,UNREVIEWED,,
M000637,M005317,Indian Oil Corporation Limited,Oil India Limited,Rate Contract for Procurement of FCC Catalyst for IOCL Gujarat Refinery,Rate Contract for supply of Lighting Equipment,0.711036255927033,15.567303090922394,10,"VECTOR,BM25",True,False,0,0,0,False,,,,,,,,1.0,True,True,True,True,True,0,1,UNDETERMINED,Otherwise: Undetermined due to insufficient matches or multiple critical mismatches.,"D,F,G",,UNREVIEWED,,
M018770,M003649,Oil India Limited,Oil India Limited,HCV RAPID CARD TEST,HCV RAPID CARD TEST,0.999904037727056,43.63237338645446,1,"VECTOR,BM25",False,True,0,0,0,False,,,,,,,,1.0,True,True,True,True,True,0,0,UNDETERMINED,Otherwise: Undetermined due to insufficient matches or multiple critical mismatches.,"A,E,F",,UNREVIEWED,,
M018446,M009560,Oil India Limited,Oil India Limited,"Design, detailed engineering & installation of 355.6 mm (14"") OD pipeline by Horizontal Directional Drilling (HDD) method at River Donk (NBPL KM 866.7). The job shall include laying of 355.6 mm (14"") ","Design, Detail Engineering and Installation Of 406.4mm OD Pipeline and OFC by HDD at River Dhansiri B/L (Near NRL), laying, boring, casing at rail crossing and Hookup with existing 16” crude oil pipel",0.772273980084688,80.49655994820793,5,"VECTOR,BM25",False,False,3,3,0,True,0.0,,,,,,,1.0,False,True,True,True,True,1,1,DISTINCT,Technical conflict detected.; Priority 1: Distinct due to explicit technical conflict.,"B,C,F,H",,UNREVIEWED,,
M003919,M003920,Oil India Limited,Oil India Limited,"Hiring Services of 06 (Six) nos. of minimum 12 KL capacity each diesel driven bowser with brand new tank and pump, all necessary accessories mounted on a brand new truck chassis of Gross Vehicle Weigh",Hiring Services of 09 (Nine) nos. of minimum 09 KL capacity diesel driven fully built bowsers with tank and pump and all necessary accessories mounted on a truck chassis of Gross Vehicle Weight (GVW) ,0.839740162405953,121.10198640053405,3,"VECTOR,BM25",False,False,0,0,0,False,,,,,,,,1.0,True,True,True,True,True,0,1,UNDETERMINED,Otherwise: Undetermined due to insufficient matches or multiple critical mismatches.,"B,F,G",,UNREVIEWED,,
M018446,M009565,Oil India Limited,Oil India Limited,"Design, detailed engineering & installation of 355.6 mm (14"") OD pipeline by Horizontal Directional Drilling (HDD) method at River Donk (NBPL KM 866.7). The job shall include laying of 355.6 mm (14"") ","Design, Detail Engineering and Installation of 406.4mm OD Pipeline and OFC by HDD at River Dhansiri",0.735827564581088,79.51706829678487,7,"VECTOR,BM25",False,False,3,3,0,True,0.0,,,,,,,1.0,False,True,True,True,True,1,1,DISTINCT,Technical conflict detected.; Priority 1: Distinct due to explicit technical conflict.,"B,C,F,H",,UNREVIEWED,,
M018446,M009559,Oil India Limited,Oil India Limited,"Design, detailed engineering & installation of 355.6 mm (14"") OD pipeline by Horizontal Directional Drilling (HDD) method at River Donk (NBPL KM 866.7). The job shall include laying of 355.6 mm (14"") ","Design, Detail Engineering and Installation Of 406.4mm OD Pipeline and OFC by HDD at River Buridehing (PLKM 3.5), laying, boring, casing at rail crossing and Hookup with existing 16” crude oil pipelin",0.734559327222734,77.2361608615387,8,"VECTOR,BM25",False,False,3,3,0,True,0.0,,,,,,,1.0,False,True,True,True,True,1,1,DISTINCT,Technical conflict detected.; Priority 1: Distinct due to explicit technical conflict.,"B,C,F,H",,UNREVIEWED,,
M018446,M009564,Oil India Limited,Oil India Limited,"Design, detailed engineering & installation of 355.6 mm (14"") OD pipeline by Horizontal Directional Drilling (HDD) method at River Donk (NBPL KM 866.7). The job shall include laying of 355.6 mm (14"") ","Design, Detail Engineering and Installation of 406.4mm OD Pipeline and OFC by HDD at 3(Three) Locations",0.731502544223366,69.18353379103662,9,"VECTOR,BM25",False,False,3,3,0,True,0.0,,,,,,,1.0,False,True,True,True,True,1,1,DISTINCT,Technical conflict detected.; Priority 1: Distinct due to explicit technical conflict.,"B,C,F,H",,UNREVIEWED,,
M018446,M018441,Oil India Limited,Oil India Limited,"Design, detailed engineering & installation of 355.6 mm (14"") OD pipeline by Horizontal Directional Drilling (HDD) method at River Donk (NBPL KM 866.7). The job shall include laying of 355.6 mm (14"") ","Design, Detail Engineering and Installation of 406.4 mm OD Pipeline and OFC by HDD at River Difolu (2 nos.)(PLKm 204) and River Kalyani (NSPL Km 4), and Hookup with existing 16 inch crude oil as well ",0.731062756216564,78.01672090404983,10,"VECTOR,BM25",False,False,3,3,0,True,0.0,,,,,,,1.0,False,True,True,True,True,1,1,DISTINCT,Technical conflict detected.; Priority 1: Distinct due to explicit technical conflict.,"B,C,F,H",,UNREVIEWED,,
M003919,M011220,Oil India Limited,Oil India Limited,"Hiring Services of 06 (Six) nos. of minimum 12 KL capacity each diesel driven bowser with brand new tank and pump, all necessary accessories mounted on a brand new truck chassis of Gross Vehicle Weigh",Hiring Services of 3(three) nos. Brand new 6X4 drive truck units of minimum 16000 kg payload capacity complete with loading platform and all standard fittings & accessories as per specifications in th,0.707419436719048,63.75023123931386,8,"VECTOR,BM25",False,False,0,0,0,True,,,,,,,,1.0,True,True,True,True,True,0,1,DISTINCT,Technical conflict detected.; Priority 1: Distinct due to explicit technical conflict.,"B,C,F",,UNREVIEWED,,
M003919,M011698,Oil India Limited,Oil India Limited,"Hiring Services of 06 (Six) nos. of minimum 12 KL capacity each diesel driven bowser with brand new tank and pump, all necessary accessories mounted on a brand new truck chassis of Gross Vehicle Weigh",Hiring of Services of 12 KL capacity bowsers tankers for transportation of crude oil condensate from various OILs Field Locations in Arunachal Pradesh fields for a period of 03 years with a provision ,0.706762965313528,63.94762991719605,9,"VECTOR,BM25",False,False,0,0,0,False,,,,,,,,1.0,True,True,True,True,True,0,1,UNDETERMINED,Otherwise: Undetermined due to insufficient matches or multiple critical mismatches.,"B,F,G",,UNREVIEWED,,
M018446,M003335,Oil India Limited,Oil India Limited,"Design, detailed engineering & installation of 355.6 mm (14"") OD pipeline by Horizontal Directional Drilling (HDD) method at River Donk (NBPL KM 866.7). The job shall include laying of 355.6 mm (14"") ","Design, Detail Engineering and Installation of 406.4 mm OD Pipeline and OFC by HDD at River Difolu (2 nos.)(PLKm 204) and River Kalyani (NSPL Km 4), and Hookup with existing 16 inch crude oil as well ",0.731062756216564,78.01672090404983,11,"VECTOR,BM25",False,False,3,3,0,True,0.0,,,,,,,1.0,False,True,True,True,True,1,1,DISTINCT,Technical conflict detected.; Priority 1: Distinct due to explicit technical conflict.,"B,C,F,H",,UNREVIEWED,,
M001983,M002096,NTPC Limited,NTPC Limited,PROCUREMENT OF 500 NB MS PIPES FOR ASH HANDLING DEPARTMENT AT NTPC SIPAT,Procurement of Cast Basalt Pipes and Fittings for Ash Slurry Disposal Pipe Lines,0.705051331341681,16.88320908245141,9,"VECTOR,BM25",False,False,2,2,0,False,,,,,,,,1.0,True,True,True,True,True,0,1,UNDETERMINED,Otherwise: Undetermined due to insufficient matches or multiple critical mismatches.,"F,G,H",,UNREVIEWED,,
M000637,M014505,Indian Oil Corporation Limited,Oil India Limited,Rate Contract for Procurement of FCC Catalyst for IOCL Gujarat Refinery,Procurement of Petroleum Product,0.713042861665025,0.0,25,VECTOR,True,False,0,0,0,False,,,,,,,,1.0,True,True,True,True,True,0,1,UNDETERMINED,Otherwise: Undetermined due to insufficient matches or multiple critical mismatches.,"D,F,G",,UNREVIEWED,,
M021452,M016569,Oil India Limited,Oil India Limited,Vibrator Hose,Supply of Vibrator Hose,0.905813658349934,21.222515059681527,4,"VECTOR,BM25",False,False,0,0,0,False,,,,,,,,1.0,True,True,True,True,True,0,1,UNDETERMINED,Otherwise: Undetermined due to insufficient matches or multiple critical mismatches.,"A,F,G",,UNREVIEWED,,
M018536,M003423,Oil India Limited,Oil India Limited,"EMD Formation Water Disposal Pump, Star-Delta Starter panel","EMD Formation Water Disposal Pump, Star-Delta Starter panel",0.999831059498516,74.15456652020126,1,"VECTOR,BM25",False,True,0,0,0,False,,,,,,,,1.0,True,True,True,True,True,0,0,UNDETERMINED,Otherwise: Undetermined due to insufficient matches or multiple critical mismatches.,"A,B,E,F",,UNREVIEWED,,
M018670,M018709,Oil India Limited,Oil India Limited,FLP PEDEATAL FAN,Flameproof (Ex-d) Pedestal Fan,0.723783925117743,9.513296168955952,10,"VECTOR,BM25",False,False,0,0,0,False,,,,,,,,1.0,True,True,True,True,True,0,1,UNDETERMINED,Otherwise: Undetermined due to insufficient matches or multiple critical mismatches.,"F,G",,UNREVIEWED,,
M019880,M013316,Oil India Limited,Oil India Limited,"LINE PIPE, 1/2"" , ERW, GI SCREWED","Line Pipe, 1"" , ERW Galvanised, Screwed (Q3)",0.866127749212626,36.62196850865821,9,"VECTOR,BM25",False,False,1,2,1,False,,,,,,,,1.0,True,True,True,True,True,0,1,UNDETERMINED,Otherwise: Undetermined due to insufficient matches or multiple critical mismatches.,"A,F,G",,UNREVIEWED,,
M016103,M000052,Oil India Limited,Indian Oil Corporation Limited,Split Air Conditioner Including Green AC (Version 3) (Q2),Air Conditioner Spares,0.788337551045131,15.567901871599798,35,"VECTOR,BM25",True,False,0,0,0,False,,,,,,,,0.0,True,True,True,True,True,0,1,UNDETERMINED,Otherwise: Undetermined due to insufficient matches or multiple critical mismatches.,"D,F,G",,UNREVIEWED,,
M018446,M012206,Oil India Limited,Oil India Limited,"Design, detailed engineering & installation of 355.6 mm (14"") OD pipeline by Horizontal Directional Drilling (HDD) method at River Donk (NBPL KM 866.7). The job shall include laying of 355.6 mm (14"") ",Hiring services for restoration of exposed sections of NBPL and GSPL at River Dimdima by laying new section of NBPL (14''OD) and GSPL (8.625'' OD) underneath the bed of River Dimdima for a length of 2,0.0,76.54907559535901,44,BM25,False,False,3,3,0,False,,,,,,,,1.0,True,True,True,True,True,0,1,UNDETERMINED,Otherwise: Undetermined due to insufficient matches or multiple critical mismatches.,B,,UNREVIEWED,,
M018446,M013089,Oil India Limited,Oil India Limited,"Design, detailed engineering & installation of 355.6 mm (14"") OD pipeline by Horizontal Directional Drilling (HDD) method at River Donk (NBPL KM 866.7). The job shall include laying of 355.6 mm (14"") ",Intelligent pigging Survey IPS of 355.6 mm 14” OD Noonmati Barauni Crude Oil Pipeline,0.0,69.54445398931713,45,BM25,False,False,3,3,0,False,1.0,,,,,,,1.0,False,True,True,True,True,1,1,VARIANT_OF,Priority 3: Variant because core technical identity matches but additional compatible attributes exist.,B,,UNREVIEWED,,
M005260,M020047,Oil India Limited,Oil India Limited,"Providing services for misc. exterior painting & Redecoration works such as road marking, footpath painting ,misc beautification works inside domestic and industrial area at PS-3 Jorhat",Miscellaneous Carpentry works at Industrial and domestic area at PS 3 Jorhat for a period of 2 (two) years,0.712639023969301,29.695792703369484,19,"VECTOR,BM25",False,False,0,0,0,False,,,,,,,,1.0,True,True,True,True,True,0,1,UNDETERMINED,Otherwise: Undetermined due to insufficient matches or multiple critical mismatches.,"F,G",,UNREVIEWED,,
M019880,M019932,Oil India Limited,Oil India Limited,"LINE PIPE, 1/2"" , ERW, GI SCREWED","Line Pipe - 3/4"" ERW Galvanised",0.840961312073725,32.12487573765828,31,"VECTOR,BM25",False,False,1,2,1,False,,,,,,,,1.0,True,True,True,True,True,0,0,UNDETERMINED,Otherwise: Undetermined due to insufficient matches or multiple critical mismatches.,F,,UNREVIEWED,,
M019070,M004161,Oil India Limited,Oil India Limited,"Hiring agency for Charter hire of Helicopter Services to support Drilling Operations in Offshore Kerala-Konkan and KG-DSF Blocks for a period of 07 (Seven) months, extendable by another max. 07 (Seven",Hiring of agency for charter hire of helicopter services to support Drilling Operations in Andaman Offshore Blocks on the East Coast of Indian waters for a period of 01 (One) year extendable by anothe,0.817108824492967,112.31511930809542,8,"VECTOR,BM25",False,False,0,0,0,False,,,,,,,,1.0,True,True,True,True,True,0,1,UNDETERMINED,Otherwise: Undetermined due to insufficient matches or multiple critical mismatches.,"B,F,G",,UNREVIEWED,,
M019070,M003962,Oil India Limited,Oil India Limited,"Hiring agency for Charter hire of Helicopter Services to support Drilling Operations in Offshore Kerala-Konkan and KG-DSF Blocks for a period of 07 (Seven) months, extendable by another max. 07 (Seven","Hiring of Bundle Services inclusive of Marine Vessels to support drilling operations in Offshore DSF Block KG/OSDSF/GSKW/2018 for a period of 10 months or till completion of 04 (four) wells, extendabl",0.679469977020669,91.61757706163057,20,"VECTOR,BM25",False,False,0,0,0,False,,,,,,,,1.0,True,True,True,True,True,0,1,UNDETERMINED,Otherwise: Undetermined due to insufficient matches or multiple critical mismatches.,B,,UNREVIEWED,,
M015788,M020955,Oil India Limited,Oil India Limited,SUPPLY OF SODIUM FORMATE,Sodium Formate,0.932317934028572,22.432073549083352,2,"VECTOR,BM25",False,False,0,0,0,False,,,,,,,,1.0,True,True,True,True,True,0,1,UNDETERMINED,Otherwise: Undetermined due to insufficient matches or multiple critical mismatches.,"A,F,G",,UNREVIEWED,,
M003014,M003006,Oil India Limited,Oil India Limited,Charter Hire of one (01) number of 3000 HP Drilling Rig Package in Assam and Arunachal Pradesh,Charter Hire of 01 (one) no. of 3000 HP Drilling rig package in Assam and Arunachal Pradesh,0.985605174797869,53.57436796856126,6,"VECTOR,BM25",False,False,0,0,0,False,,,,,,,,1.0,True,True,True,True,True,0,0,UNDETERMINED,Otherwise: Undetermined due to insufficient matches or multiple critical mismatches.,"A,F",,UNREVIEWED,,
M004265,M010795,Oil India Limited,Oil India Limited,"Hiring of services for Transportation including Loading, Offloading and Stacking of various Chemicals, Acids, Cement, etc. to various Locations / Installations of OIL's Operational Areas in Assam and ",HIRING SERVICES OF 1(ONE) NO. BRAND NEW RUBBERLINED ACID TANKER OF 7.0 KL CAPACITY BUILT ON A 16 MT GVW CAPACITY 4X2 BRAND NEW TRUCK CHASSIS AND COMPLETE WITH ACID RESISTANT LOADING & UNLOADING PUMP A,0.720787244741636,46.91498502455486,11,"VECTOR,BM25",False,False,0,0,0,False,,,,,,,,1.0,True,True,True,True,True,0,1,UNDETERMINED,Otherwise: Undetermined due to insufficient matches or multiple critical mismatches.,"F,G",,UNREVIEWED,,
M001171,M001172,NTPC Limited,NTPC Limited,250 NB ERW Pipes (FE410) for thickness range 6.3 to 10 mm (CAT-2),250 NB ERW Pipes (FE410) for thickness range 6.3 to 10 mm (CAT-I),0.959008146249075,66.78027763197191,1,"VECTOR,BM25",False,False,0,2,2,False,1.0,,,,,,,1.0,False,True,True,True,True,1,0,IDENTICAL,Priority 2: Identical because all available critical technical attributes match.,"A,B,F",,UNREVIEWED,,
M015788,M017474,Oil India Limited,Oil India Limited,SUPPLY OF SODIUM FORMATE,"supply of Acid, Sodium Pyrophosphate (9000 KG)",0.798073435299311,12.753155618152084,13,"VECTOR,BM25",False,False,0,0,0,False,,,,,,,,1.0,True,True,True,True,True,0,1,UNDETERMINED,Otherwise: Undetermined due to insufficient matches or multiple critical mismatches.,"F,G",,UNREVIEWED,,
M006258,M013142,Oil India Limited,Oil India Limited,Water Filter,LAB WATER PURIFICATION SYSTEM (Q3),0.835891965519268,0.0,18,VECTOR,False,False,0,0,0,False,,,,,,,,1.0,True,True,True,True,True,0,1,UNDETERMINED,Otherwise: Undetermined due to insufficient matches or multiple critical mismatches.,"F,G",,UNREVIEWED,,
M008902,M018324,Oil India Limited,Oil India Limited,Construction of bituminous road by laying 25mm SDBC from outside of well plinth of NHK#382 towards the junction point connecting Kamini Road (via well NHK#304) under Langkashi area. Total Length: 0.90,"Construction of dust free bituminous approach road of approx. length 1.30 Km to well no. KLN 23 by providing double layer of 75 mm thick WBM , 50 mm thick BM and 25 mm thick SDBC including supply of a",0.762692617193532,0.0,22,VECTOR,False,False,0,0,0,True,0.0,,,,,,,1.0,False,True,True,True,True,1,1,DISTINCT,Technical conflict detected.; Priority 1: Distinct due to explicit technical conflict.,"C,F",,UNREVIEWED,,
M008902,M003220,Oil India Limited,Oil India Limited,Construction of bituminous road by laying 25mm SDBC from outside of well plinth of NHK#382 towards the junction point connecting Kamini Road (via well NHK#304) under Langkashi area. Total Length: 0.90,"Construction of dust free bituminous approach road of approx. length 1.10 Km to well no. KLN 31 by providing double layer of 75 mm thick WBM , 50 mm thick BM and 25 mm thick SDBC including supply of a",0.756575731372409,0.0,25,VECTOR,False,False,0,0,0,True,0.0,,,,,,,1.0,False,True,True,True,True,1,1,DISTINCT,Technical conflict detected.; Priority 1: Distinct due to explicit technical conflict.,"C,F",,UNREVIEWED,,
M004029,M019166,Oil India Limited,Oil India Limited,"Hiring of Housekeeping and Catering services at premises of Frontier Basin Project, Oil India Limited, Duliajan for a period of 2 years (with a provision for extension of the contract period by anothe","Hiring of Housekeeping and Catering services at premises of Frontier Basin Project, Oil India Limited, Duliajan for a period of 2 years (with a provision for extension of the contract period by anothe",0.999794824145037,89.47648014141504,1,"VECTOR,BM25",False,True,0,0,0,False,,,,,,,,1.0,True,True,True,True,True,0,0,UNDETERMINED,Otherwise: Undetermined due to insufficient matches or multiple critical mismatches.,"A,B,E,F",,UNREVIEWED,,
M008902,M018325,Oil India Limited,Oil India Limited,Construction of bituminous road by laying 25mm SDBC from outside of well plinth of NHK#382 towards the junction point connecting Kamini Road (via well NHK#304) under Langkashi area. Total Length: 0.90,"Construction of dust free bituminous approach road of approx. length 2.30 Km to well no. KLN 10 by providing double layer of 75 mm thick WBM , 50 mm thick BM and 25 mm thick SDBC including supply of a",0.754159252179236,0.0,27,VECTOR,False,False,0,0,0,True,0.0,,,,,,,1.0,False,True,True,True,True,1,1,DISTINCT,Technical conflict detected.; Priority 1: Distinct due to explicit technical conflict.,"C,F",,UNREVIEWED,,
M008902,M008894,Oil India Limited,Oil India Limited,Construction of bituminous road by laying 25mm SDBC from outside of well plinth of NHK#382 towards the junction point connecting Kamini Road (via well NHK#304) under Langkashi area. Total Length: 0.90,"Construction of bituminous approach road from New Madhuting Tinali to well plinth NHK#572, 623 by construction of 150 mm Granular Sub-base, two layers of 75mm thick WBM, applying prime coat, tack coat",0.750231685162531,0.0,29,VECTOR,False,False,0,0,0,True,0.0,,,,,,,1.0,False,True,True,True,True,1,1,DISTINCT,Technical conflict detected.; Priority 1: Distinct due to explicit technical conflict.,"C,F",,UNREVIEWED,,
M003281,M018734,Oil India Limited,Oil India Limited,Cordless pipe cutting machine,"GRASS CUTTING MACHINE , DRUM TROLLEY , VERTICLE BENCH DRILL MACHINE , HEAVY DUTY PEDESTAL GRINDER WITH STARTER , WASTEBIN",0.710136477098642,11.249990381537689,16,"VECTOR,BM25",False,False,0,0,0,False,,,,,,,,1.0,True,True,True,True,True,0,1,UNDETERMINED,Otherwise: Undetermined due to insufficient matches or multiple critical mismatches.,"F,G",,UNREVIEWED,,
M012716,M003817,Oil India Limited,Oil India Limited,"Hiring the services of ROW/ROU Patrolling by line walking method from PL KM Post 214 (Kaziranga) to PL KM Post 351 (Kopili Up Stream), stretching through Golaghat, Nagaon & Morigaon Districts of Assam","HIRING THE SERVICES OF ROW/ROU LINE WALKING BY LINE WALKING METHOD FOR A PERIOD OF THREE(3) YEARS FROM PL KM 0.0 KM TO 34.0 KM OF NAHARKATIA-BARAUNI CRUDE OIL PIPELINE (NBPL),0.0 KM TO 38 KM OF DIGBOI",0.0,66.24457893445636,50,BM25,False,False,0,0,0,False,,,,,,,,1.0,True,True,True,True,True,0,0,UNDETERMINED,Otherwise: Undetermined due to insufficient matches or multiple critical mismatches.,B,,UNREVIEWED,,
M003281,M016107,Oil India Limited,Oil India Limited,Cordless pipe cutting machine,Split frame casing cutters for cutting pipes. Qty:02 Nos,0.795890447402963,0.0,21,VECTOR,False,False,0,0,0,False,,,,,,,,1.0,True,True,True,True,True,0,1,UNDETERMINED,Otherwise: Undetermined due to insufficient matches or multiple critical mismatches.,"F,G",,UNREVIEWED,,
M001171,M013325,NTPC Limited,Oil India Limited,250 NB ERW Pipes (FE410) for thickness range 6.3 to 10 mm (CAT-2),"Line Pipe, 2"" , Black Steel, ERW Screwed (Q3)",0.801321208248774,0.0,27,VECTOR,True,False,1,2,1,False,,,,,,,,1.0,True,True,True,True,True,0,1,UNDETERMINED,Otherwise: Undetermined due to insufficient matches or multiple critical mismatches.,"D,F,G",,UNREVIEWED,,
M020103,M020102,Oil India Limited,Oil India Limited,"Necessary miscellaneous yearly maintenance painting, carpentry, plumbing, repair and renovation of OIL flats (7 Numbers i.e. 2B, 3B, 4B, 2A, 3A, 4A, 3F) at Shantiniketan Apartments under RT, Rangapani","Necessary miscellaneous yearly maintenance painting, carpentry, plumbing, repair and renovation of OIL flats (10 Numbers) at HIG Residency Apartments Uttorayon under RT Rangapani Terminal",0.844827217091143,77.7088504673575,2,"VECTOR,BM25",False,False,0,0,0,False,,,,,,,,1.0,True,True,True,True,True,0,1,UNDETERMINED,Otherwise: Undetermined due to insufficient matches or multiple critical mismatches.,"B,F,G",,UNREVIEWED,,
M002064,M002061,NTPC Limited,NTPC Limited,Procurement of 450 NB MS PIPE FOR ADM NTPC FARAKKA,Procurement of 250NB Pipe for BADL Maintenance for NTPC Kahalgaon,0.757440454758108,16.19413524885621,2,"VECTOR,BM25",False,False,2,2,0,False,,,,,,,,1.0,True,True,True,True,True,0,1,UNDETERMINED,Otherwise: Undetermined due to insufficient matches or multiple critical mismatches.,"F,G,H",,UNREVIEWED,,
M002064,M001362,NTPC Limited,NTPC Limited,Procurement of 450 NB MS PIPE FOR ADM NTPC FARAKKA,Bulk Procurement of P22 and P11 Pipes for Pan NTPC basis,0.743181790562879,0.0,8,VECTOR,False,False,2,2,0,False,,,,,,,,1.0,True,True,True,True,True,0,0,UNDETERMINED,Otherwise: Undetermined due to insufficient matches or multiple critical mismatches.,"F,H",,UNREVIEWED,,
M002064,M001279,NTPC Limited,NTPC Limited,Procurement of 450 NB MS PIPE FOR ADM NTPC FARAKKA,BULK PROCUREMENT OF IBR P92 Pipes for NTPC Stations,0.739901816238503,0.0,9,VECTOR,False,False,2,2,0,False,,,,,,,,1.0,True,True,True,True,True,0,0,UNDETERMINED,Otherwise: Undetermined due to insufficient matches or multiple critical mismatches.,"F,H",,UNREVIEWED,,
M002064,M002086,NTPC Limited,NTPC Limited,Procurement of 450 NB MS PIPE FOR ADM NTPC FARAKKA,Procurement of Boiler Tubes for NTPC Plants,0.721493522606351,0.0,10,VECTOR,False,False,2,2,0,False,,,,,,,,1.0,True,True,True,True,True,0,1,UNDETERMINED,Otherwise: Undetermined due to insufficient matches or multiple critical mismatches.,"F,G,H",,UNREVIEWED,,
M001171,M013187,NTPC Limited,Oil India Limited,250 NB ERW Pipes (FE410) for thickness range 6.3 to 10 mm (CAT-2),"LINE PIPE, 6"" , ERW GALVANISED, SCREWED (Q3)",0.777583754669535,0.0,42,VECTOR,True,False,1,2,1,False,,,,,,,,1.0,True,True,True,True,True,0,1,UNDETERMINED,Otherwise: Undetermined due to insufficient matches or multiple critical mismatches.,"D,F,G",,UNREVIEWED,,
M012541,M004504,Oil India Limited,Oil India Limited,"Hiring the services of 01 (One) set of well servicing unit consisting of coiled tubing unit (CTU), nitrogen pumping unit (NPU), fluid pumping unit (FPU) with heating facility and other related accesso",Hiring the services of 02 Two Sets of Well Servicing Units WSU consisting of Coiled Tubing Unit and Fluid Pumping Unit FPU with heating facility and other other accessories for a period of 04 years,0.814234845216823,97.1756610701254,9,"VECTOR,BM25",False,False,0,0,0,False,,,,,,,,1.0,True,True,True,True,True,0,1,UNDETERMINED,Otherwise: Undetermined due to insufficient matches or multiple critical mismatches.,"B,F,G",,UNREVIEWED,,
M003220,M008654,Oil India Limited,Oil India Limited,"Construction of dust free bituminous approach road of approx. length 1.10 Km to well no. KLN 31 by providing double layer of 75 mm thick WBM , 50 mm thick BM and 25 mm thick SDBC including supply of a","Construction of Dust Free Bituminous approach road to well no. MRN#31 at Moran (Total length 480.00 mtr & width 3.75 mtr) by providing 100 mm GSB, 75 mm thick WBM (2layers) & 25 mm thick SDBC includin",0.811178117636229,83.4163131448782,10,"VECTOR,BM25",False,False,0,0,0,True,0.0,,,,,,,1.0,False,True,True,True,True,1,1,DISTINCT,Technical conflict detected.; Priority 1: Distinct due to explicit technical conflict.,"B,C,F",,UNREVIEWED,,
M003220,M008652,Oil India Limited,Oil India Limited,"Construction of dust free bituminous approach road of approx. length 1.10 Km to well no. KLN 31 by providing double layer of 75 mm thick WBM , 50 mm thick BM and 25 mm thick SDBC including supply of a","Construction of Dust Free Bituminous Approach road to (i) Well SLM-13 length 120.0 mtr & (ii) SLM-08 length 350.0 mtr in Shalmari area by 100 mm GSB, 75 mm thk WBM (Double layer) & 25 mm thk SDBC incl",0.790788287730145,64.91680861072226,11,"VECTOR,BM25",False,False,0,0,0,True,0.0,,,,,,,1.0,False,True,True,True,True,1,1,DISTINCT,Technical conflict detected.; Priority 1: Distinct due to explicit technical conflict.,"B,C,F",,UNREVIEWED,,
M013524,M016430,Oil India Limited,Oil India Limited,"Manpower supply of Listed WCLs-I, Listed WCLs-II & Listed WCLs -III for miscellaneous job",Supply of Listed WCLs-II and Listed WCLs-III,0.890758217324452,44.65867889532936,7,"VECTOR,BM25",False,False,0,0,0,False,,,,,,,,1.0,True,True,True,True,True,0,1,UNDETERMINED,Otherwise: Undetermined due to insufficient matches or multiple critical mismatches.,"A,F,G",,UNREVIEWED,,
M021118,M020390,Oil India Limited,Oil India Limited,Supply of Ethyl Mercaptan,Procurement of Sodium Hypochlorite solution,0.710275667621669,0.0,45,VECTOR,False,False,0,0,0,False,,,,,,,,1.0,True,True,True,True,True,0,1,UNDETERMINED,Otherwise: Undetermined due to insufficient matches or multiple critical mismatches.,"F,G",,UNREVIEWED,,
M013179,M019953,Oil India Limited,Oil India Limited,LINE PIPE LINE PIPE,Line pipe Line pipe,0.87745163812496,27.589654863721393,1,"VECTOR,BM25",False,True,0,0,0,False,,,,,,,,1.0,True,True,True,True,True,0,0,UNDETERMINED,Otherwise: Undetermined due to insufficient matches or multiple critical mismatches.,"A,E,F",,UNREVIEWED,,
M013179,M004767,Oil India Limited,Oil India Limited,LINE PIPE LINE PIPE,Line Pipe Line Pipe,0.87745163812496,27.589654863721393,5,"VECTOR,BM25",False,True,0,0,0,False,,,,,,,,1.0,True,True,True,True,True,0,0,UNDETERMINED,Otherwise: Undetermined due to insufficient matches or multiple critical mismatches.,"A,E,F",,UNREVIEWED,,
M005873,M021073,Oil India Limited,Oil India Limited,Supply of 22 mm & 16 mm Round Steel Wire Ropes and their installation in 50 MT EOT Crane,Supply of 22 mm & 16 mm Round Steel Wire Ropes and their installation in 50 MT EOT Crane,0.970683970879579,76.24452657442264,1,"VECTOR,BM25",False,True,0,0,0,False,1.0,,,,,,,1.0,False,True,True,True,True,1,0,IDENTICAL,Priority 2: Identical because all available critical technical attributes match.,"A,B,E,F",,UNREVIEWED,,
M003220,M003090,Oil India Limited,Oil India Limited,"Construction of dust free bituminous approach road of approx. length 1.10 Km to well no. KLN 31 by providing double layer of 75 mm thick WBM , 50 mm thick BM and 25 mm thick SDBC including supply of a",Construction of 3300 m long dust free approach road to Loc. NMC with 150 mm thick WBM & 25 mm thick SDBC,0.747004725769777,68.01046204311483,22,"VECTOR,BM25",False,False,0,0,0,True,0.0,,,,,,,1.0,False,True,True,True,True,1,1,DISTINCT,Technical conflict detected.; Priority 1: Distinct due to explicit technical conflict.,"B,C,F",,UNREVIEWED,,
M009258,M009318,Oil India Limited,Oil India Limited,Corrigendum No. 02 against GeM Tender No. GEM/2023/B/4118322 dated 21/10/2023,Corrigendum No. 04 against GeM Tender No. GEM/2023/B/4117749 dated 21/10/2023,0.952055549783547,51.21937312388864,16,"VECTOR,BM25",False,False,0,0,0,False,,,,,,,,1.0,True,True,True,True,True,0,0,UNDETERMINED,Otherwise: Undetermined due to insufficient matches or multiple critical mismatches.,"A,F",,UNREVIEWED,,
M004437,M010468,Oil India Limited,Oil India Limited,Hiring services of grass cutting and upkeepment of open area at Numaligarh Terminal for a period of 1(One) year w.e.f. 20.08.2025 to 19.08.2026 and extendable by another 1(One) year,"Grass cutting and upkeepment of road side berms, play grounds and other open areas including entire CISF complex and outside of main gate including infront of Namghar And Mosqut and fruit garden in No",0.702075332386409,0.0,50,VECTOR,False,False,0,0,0,False,,,,,,,,1.0,True,True,True,True,True,0,1,UNDETERMINED,Otherwise: Undetermined due to insufficient matches or multiple critical mismatches.,"F,G",,UNREVIEWED,,
M016814,M013341,Oil India Limited,Oil India Limited,"THREE LAYER POLYETELENE PRECOATED BEVEL ENDED LINE PIPE, 250 MM NB DIA, ERW/LSAW/HSAW, GRADE API 5L X-46.QTY: LINE PIPE: 32000 MTRS. AND LONG RADIUS BEND: 58 NOS","Line pipe Bevel Ended 3 LPE coated 200 mm (8.5/8”) NB dia., ERW/LSAW/ HSAW, Grade API 5L X-46, PSL -2, W/T 6.4 mm as per API 5L latest edition",0.822712342485456,41.195716303582124,2,"VECTOR,BM25",False,False,0,2,2,True,0.0,,,,,,,1.0,False,True,True,True,True,1,1,DISTINCT,Technical conflict detected.; Priority 1: Distinct due to explicit technical conflict.,"C,F",,UNREVIEWED,,
M003220,M008040,Oil India Limited,Oil India Limited,"Construction of dust free bituminous approach road of approx. length 1.10 Km to well no. KLN 31 by providing double layer of 75 mm thick WBM , 50 mm thick BM and 25 mm thick SDBC including supply of a","CONSTRUCTION OF DUST FREE BITUMINOUS ROAD TOWARDS: 1. WELL NO. MRN#069L=1240 m); 2. WELL NO. MRN#031 (L=480 m). TOTAL LENGTH: 1720 m & WIDTH: 3.75 m. by 100 mm GSB, 75 mm thk WBM (Double layer) & 25 m",0.829628440229177,0.0,28,VECTOR,False,False,0,0,0,True,0.0,,,,,,,1.0,False,True,True,True,True,1,1,DISTINCT,Technical conflict detected.; Priority 1: Distinct due to explicit technical conflict.,"C,F",,UNREVIEWED,,
M013179,M006512,Oil India Limited,Oil India Limited,LINE PIPE LINE PIPE,2” line pipes,0.8716415995929,0.0,18,VECTOR,False,False,0,0,0,False,,,,,,,,1.0,True,True,True,True,True,0,0,UNDETERMINED,Otherwise: Undetermined due to insufficient matches or multiple critical mismatches.,"A,F",,UNREVIEWED,,
M003220,M008044,Oil India Limited,Oil India Limited,"Construction of dust free bituminous approach road of approx. length 1.10 Km to well no. KLN 31 by providing double layer of 75 mm thick WBM , 50 mm thick BM and 25 mm thick SDBC including supply of a","CONSTRUCTION OF DUST FREE ROAD 1. WELL NO. MRN#104 (L=790 m) 2. WELL NO. MRN#095 (L=930 m) 3. WELL NO. MRN#115 (L=280 m) TOTAL LENGTH: 2000 m & WIDTH: 3.75 m. by 100 mm GSB, 75 mm thk WBM (Double laye",0.765161296407613,0.0,33,VECTOR,False,False,0,0,0,True,0.0,,,,,,,1.0,False,True,True,True,True,1,1,DISTINCT,Technical conflict detected.; Priority 1: Distinct due to explicit technical conflict.,"C,F",,UNREVIEWED,,
M000343,M004844,Indian Oil Corporation Limited,Oil India Limited,Over head stirrer,Magnetic stirrers,0.838404445762666,0.0,7,VECTOR,True,False,0,0,0,False,,,,,,,,1.0,True,True,True,True,True,0,0,UNDETERMINED,Otherwise: Undetermined due to insufficient matches or multiple critical mismatches.,"D,F",,UNREVIEWED,,
M016814,M014360,Oil India Limited,Oil India Limited,"THREE LAYER POLYETELENE PRECOATED BEVEL ENDED LINE PIPE, 250 MM NB DIA, ERW/LSAW/HSAW, GRADE API 5L X-46.QTY: LINE PIPE: 32000 MTRS. AND LONG RADIUS BEND: 58 NOS",Precoated Line Pipe & Bends of various Sizes,0.745262205742484,24.027818563061988,9,"VECTOR,BM25",False,False,2,2,0,False,,,,,,,,1.0,True,True,True,True,True,0,1,UNDETERMINED,Otherwise: Undetermined due to insufficient matches or multiple critical mismatches.,"F,G,H",,UNREVIEWED,,
M003220,M008558,Oil India Limited,Oil India Limited,"Construction of dust free bituminous approach road of approx. length 1.10 Km to well no. KLN 31 by providing double layer of 75 mm thick WBM , 50 mm thick BM and 25 mm thick SDBC including supply of a",Construction of Bituminous approach road with WBM,0.753256940812307,0.0,36,VECTOR,False,False,0,0,0,False,,,,,,,,1.0,True,True,True,True,True,0,1,UNDETERMINED,Otherwise: Undetermined due to insufficient matches or multiple critical mismatches.,"F,G",,UNREVIEWED,,
M016814,M006415,Oil India Limited,Oil India Limited,"THREE LAYER POLYETELENE PRECOATED BEVEL ENDED LINE PIPE, 250 MM NB DIA, ERW/LSAW/HSAW, GRADE API 5L X-46.QTY: LINE PIPE: 32000 MTRS. AND LONG RADIUS BEND: 58 NOS","150 mm ERW Line pipe, Bevel Ended, API 5L",0.73998089626094,42.989515931432614,11,"VECTOR,BM25",False,False,1,2,1,True,0.0,,,,,,,1.0,False,True,True,True,True,1,1,DISTINCT,Technical conflict detected.; Priority 1: Distinct due to explicit technical conflict.,"C,F",,UNREVIEWED,,
M016814,M013180,Oil India Limited,Oil India Limited,"THREE LAYER POLYETELENE PRECOATED BEVEL ENDED LINE PIPE, 250 MM NB DIA, ERW/LSAW/HSAW, GRADE API 5L X-46.QTY: LINE PIPE: 32000 MTRS. AND LONG RADIUS BEND: 58 NOS","LINE PIPE LINE PIPE 100 MM (4"")",0.743095545695557,22.902735551309107,10,"VECTOR,BM25",False,False,2,2,0,True,0.0,,,,,,,1.0,False,True,True,True,True,1,1,DISTINCT,Technical conflict detected.; Priority 1: Distinct due to explicit technical conflict.,"C,F,H",,UNREVIEWED,,
M003220,M008894,Oil India Limited,Oil India Limited,"Construction of dust free bituminous approach road of approx. length 1.10 Km to well no. KLN 31 by providing double layer of 75 mm thick WBM , 50 mm thick BM and 25 mm thick SDBC including supply of a","Construction of bituminous approach road from New Madhuting Tinali to well plinth NHK#572, 623 by construction of 150 mm Granular Sub-base, two layers of 75mm thick WBM, applying prime coat, tack coat",0.748466550542543,0.0,39,VECTOR,False,False,0,0,0,True,0.0,,,,,,,1.0,False,True,True,True,True,1,0,DISTINCT,Technical conflict detected.; Priority 1: Distinct due to explicit technical conflict.,"C,F",,UNREVIEWED,,
M000343,M000087,Indian Oil Corporation Limited,Indian Oil Corporation Limited,Over head stirrer,Benchtop Automatic Rotary Evaporation System,0.737035481149713,0.0,13,VECTOR,False,False,0,0,0,False,,,,,,,,0.0,True,True,True,True,True,0,1,UNDETERMINED,Otherwise: Undetermined due to insufficient matches or multiple critical mismatches.,"F,G",,UNREVIEWED,,
M016814,M006614,Oil India Limited,Oil India Limited,"THREE LAYER POLYETELENE PRECOATED BEVEL ENDED LINE PIPE, 250 MM NB DIA, ERW/LSAW/HSAW, GRADE API 5L X-46.QTY: LINE PIPE: 32000 MTRS. AND LONG RADIUS BEND: 58 NOS","50 mm seamless line pipe, bevel ended, API 5L,",0.730053675317602,44.0528503711848,15,"VECTOR,BM25",False,False,2,2,0,True,0.0,,,,,,,1.0,False,True,True,True,True,1,1,DISTINCT,Technical conflict detected.; Priority 1: Distinct due to explicit technical conflict.,"C,F,H",,UNREVIEWED,,
M009258,M009266,Oil India Limited,Oil India Limited,Corrigendum No. 02 against GeM Tender No. GEM/2023/B/4118322 dated 21/10/2023,Corrigendum No. 02 to GeM Tender GEM/2023/B/4362066 dtd. 18/12/2023,0.9088473413421,0.0,32,VECTOR,False,False,0,0,0,False,,,,,,,,1.0,True,True,True,True,True,0,1,UNDETERMINED,Otherwise: Undetermined due to insufficient matches or multiple critical mismatches.,"A,F,G",,UNREVIEWED,,
M016814,M006416,Oil India Limited,Oil India Limited,"THREE LAYER POLYETELENE PRECOATED BEVEL ENDED LINE PIPE, 250 MM NB DIA, ERW/LSAW/HSAW, GRADE API 5L X-46.QTY: LINE PIPE: 32000 MTRS. AND LONG RADIUS BEND: 58 NOS","150 mm NB Line Pipe 3LPE X46 6.4 mm WT , 150 mm NB Line Pipe 3LPE X46 7.11 mm WT , 150 mm NB Line Pipe BARE X46 6.4 mm WT , LINE PIPE, 10"" NB API5LX46 W/T= 7.1mm BARE , 200 mm NB Line Pipe 3LPE X46 6.",0.712240269459609,30.72582825113492,16,"VECTOR,BM25",False,False,1,2,1,True,0.0,,,,,,,1.0,False,True,True,True,True,1,1,DISTINCT,Technical conflict detected.; Priority 1: Distinct due to explicit technical conflict.,"C,F",,UNREVIEWED,,
M009258,M009197,Oil India Limited,Oil India Limited,Corrigendum No. 02 against GeM Tender No. GEM/2023/B/4118322 dated 21/10/2023,Corrigendum No. 01 to GeM Tender No. GEM/2023/B/3264870 dtd. 14/03/2023,0.90795570520091,0.0,34,VECTOR,False,False,0,0,0,False,,,,,,,,1.0,True,True,True,True,True,0,0,UNDETERMINED,Otherwise: Undetermined due to insufficient matches or multiple critical mismatches.,"A,F",,UNREVIEWED,,
M016814,M013317,Oil India Limited,Oil India Limited,"THREE LAYER POLYETELENE PRECOATED BEVEL ENDED LINE PIPE, 250 MM NB DIA, ERW/LSAW/HSAW, GRADE API 5L X-46.QTY: LINE PIPE: 32000 MTRS. AND LONG RADIUS BEND: 58 NOS","Line Pipe, 100mm, Seamless, API 5L. Qty. : 10 KM",0.711782046418276,26.019425018039133,17,"VECTOR,BM25",False,False,2,2,0,True,0.0,,,,,,,1.0,False,True,True,True,True,1,1,DISTINCT,Technical conflict detected.; Priority 1: Distinct due to explicit technical conflict.,"C,F,H",,UNREVIEWED,,
M016814,M015401,Oil India Limited,Oil India Limited,"THREE LAYER POLYETELENE PRECOATED BEVEL ENDED LINE PIPE, 250 MM NB DIA, ERW/LSAW/HSAW, GRADE API 5L X-46.QTY: LINE PIPE: 32000 MTRS. AND LONG RADIUS BEND: 58 NOS","SEAMLESS LINE PIPES OF VARIOUS SIZES, API-5L",0.803729986500281,0.0,18,VECTOR,False,False,2,2,0,False,,,,,,,,1.0,True,True,True,True,True,0,1,UNDETERMINED,Otherwise: Undetermined due to insufficient matches or multiple critical mismatches.,"F,G,H",,UNREVIEWED,,
M016814,M014356,Oil India Limited,Oil India Limited,"THREE LAYER POLYETELENE PRECOATED BEVEL ENDED LINE PIPE, 250 MM NB DIA, ERW/LSAW/HSAW, GRADE API 5L X-46.QTY: LINE PIPE: 32000 MTRS. AND LONG RADIUS BEND: 58 NOS",Pre-coated Line Pipe & Bends; Qty.:61.5 Kms & 52Nos,0.794035976181157,0.0,20,VECTOR,False,False,2,2,0,False,,,,,,,,1.0,True,True,True,True,True,0,1,UNDETERMINED,Otherwise: Undetermined due to insufficient matches or multiple critical mismatches.,"F,G,H",,UNREVIEWED,,
M020021,M016477,Oil India Limited,Oil India Limited,Manila Rope,Supply of Manila Ropes,0.918567531864827,10.744648071493232,4,"VECTOR,BM25",False,False,0,0,0,False,,,,,,,,1.0,True,True,True,True,True,0,1,UNDETERMINED,Otherwise: Undetermined due to insufficient matches or multiple critical mismatches.,"A,F,G",,UNREVIEWED,,
M019605,M004444,Oil India Limited,Oil India Limited,"Hiring services of outsourcing Watch and Ward services for 7(Seven) nos Armed and 11(Eleven) nos Unarmed at PS-7,Madarihat for a period of 4(Four) years from 01.06.2025 to 31.05.2029","Hiring services of outsourcing Watch and Ward services for 7(Seven) nos Armed and 11(Eleven) nos Unarmed at PS-7,Madarihat for a period of 4(Four) years from 01.06.2025 to 31.05.2029",0.999748297307149,96.82707919070089,1,"VECTOR,BM25",False,True,0,0,0,False,,,,,,,,1.0,True,True,True,True,True,0,0,UNDETERMINED,Otherwise: Undetermined due to insufficient matches or multiple critical mismatches.,"A,B,E,F",,UNREVIEWED,,
M009547,M012852,Oil India Limited,Oil India Limited,"Day to day support services by WCL (Listed) to Mechanical Maintenance Pump Station-08 (Sonapur) by way of providing Unskilled/ Listed man days for servicing of valves, discs, material handling, cleani","Hiring the services of unskilled WCL(P) for Security, Tech Attendent in Mechanical Maintenance, Pipeline Maintenance Electrical & Cathodic, Telecom and Civil and services of Skilled WCL(P) for Civil S",0.731801535185587,0.0,27,VECTOR,False,False,0,0,0,True,,,,,,,,1.0,True,True,True,True,True,0,1,DISTINCT,Technical conflict detected.; Priority 1: Distinct due to explicit technical conflict.,"C,F",,UNREVIEWED,,
M019605,M012641,Oil India Limited,Oil India Limited,"Hiring services of outsourcing Watch and Ward services for 7(Seven) nos Armed and 11(Eleven) nos Unarmed at PS-7,Madarihat for a period of 4(Four) years from 01.06.2025 to 31.05.2029","Hiring the services of 2 Nos. Watch and Ward (unarmed) at PS7, Madarihat",0.852165167170047,32.74255754785887,5,"VECTOR,BM25",False,False,0,0,0,False,,,,,,,,1.0,True,True,True,True,True,0,1,UNDETERMINED,Otherwise: Undetermined due to insufficient matches or multiple critical mismatches.,"A,F,G",,UNREVIEWED,,
M021191,M006000,Oil India Limited,Oil India Limited,Supply of Rain Suit under Rate contract for 02 (two) years,Supply of Safety Rubber Gum Boot under Rate contract for 02 (two) years,0.756278749447503,29.55092408241326,10,"VECTOR,BM25",False,False,0,0,0,False,,,,,,,,1.0,True,True,True,True,True,0,1,UNDETERMINED,Otherwise: Undetermined due to insufficient matches or multiple critical mismatches.,"F,G",,UNREVIEWED,,
M000343,M010512,Indian Oil Corporation Limited,Oil India Limited,Over head stirrer,HEATING WATER BATH (Q3),0.706965276404713,0.0,30,VECTOR,True,False,0,0,0,False,,,,,,,,1.0,True,True,True,True,True,0,0,UNDETERMINED,Otherwise: Undetermined due to insufficient matches or multiple critical mismatches.,"D,F",,UNREVIEWED,,
M016814,M013318,Oil India Limited,Oil India Limited,"THREE LAYER POLYETELENE PRECOATED BEVEL ENDED LINE PIPE, 250 MM NB DIA, ERW/LSAW/HSAW, GRADE API 5L X-46.QTY: LINE PIPE: 32000 MTRS. AND LONG RADIUS BEND: 58 NOS","Line Pipe, 101.6 mm, Seamless, BE, 12.66 PPF. Qty: 63.50KM",0.732440077412337,0.0,29,VECTOR,False,False,2,2,0,True,0.0,,,,,,,1.0,False,True,True,True,True,1,1,DISTINCT,Technical conflict detected.; Priority 1: Distinct due to explicit technical conflict.,"C,F,H",,UNREVIEWED,,
M000343,M000370,Indian Oil Corporation Limited,Indian Oil Corporation Limited,Over head stirrer,Planetary Mixer & Vibrating table,0.705494341492053,0.0,32,VECTOR,False,False,0,0,0,False,,,,,,,,0.0,True,True,True,True,True,0,1,UNDETERMINED,Otherwise: Undetermined due to insufficient matches or multiple critical mismatches.,"F,G",,UNREVIEWED,,
M016814,M006354,Oil India Limited,Oil India Limited,"THREE LAYER POLYETELENE PRECOATED BEVEL ENDED LINE PIPE, 250 MM NB DIA, ERW/LSAW/HSAW, GRADE API 5L X-46.QTY: LINE PIPE: 32000 MTRS. AND LONG RADIUS BEND: 58 NOS","100 mm Seamless line pipe, API-5L, Grade X-46. Qty : 1.2 km",0.731608480090683,0.0,30,VECTOR,False,False,2,2,0,True,0.0,,,,,,,1.0,False,True,True,True,True,1,1,DISTINCT,Technical conflict detected.; Priority 1: Distinct due to explicit technical conflict.,"C,F,H",,UNREVIEWED,,
M016814,M015745,Oil India Limited,Oil India Limited,"THREE LAYER POLYETELENE PRECOATED BEVEL ENDED LINE PIPE, 250 MM NB DIA, ERW/LSAW/HSAW, GRADE API 5L X-46.QTY: LINE PIPE: 32000 MTRS. AND LONG RADIUS BEND: 58 NOS",SUPPLY OF LINE PIPES & BENDS,0.725428959003933,0.0,32,VECTOR,False,False,2,2,0,False,,,,,,,,1.0,True,True,True,True,True,0,1,UNDETERMINED,Otherwise: Undetermined due to insufficient matches or multiple critical mismatches.,"F,G,H",,UNREVIEWED,,
M010262,M014370,Oil India Limited,Oil India Limited,Flow and Pressure Recorders,Pressure Switch,0.781711926061169,0.0,38,VECTOR,False,False,0,0,0,False,,,,,,,,1.0,True,True,True,True,True,0,1,UNDETERMINED,Otherwise: Undetermined due to insufficient matches or multiple critical mismatches.,"F,G",,UNREVIEWED,,
M016814,M006591,Oil India Limited,Oil India Limited,"THREE LAYER POLYETELENE PRECOATED BEVEL ENDED LINE PIPE, 250 MM NB DIA, ERW/LSAW/HSAW, GRADE API 5L X-46.QTY: LINE PIPE: 32000 MTRS. AND LONG RADIUS BEND: 58 NOS",4” Seamless Line pipes,0.714939472195801,0.0,41,VECTOR,False,False,2,2,0,False,,,,,,,,1.0,True,True,True,True,True,0,1,UNDETERMINED,Otherwise: Undetermined due to insufficient matches or multiple critical mismatches.,"F,G,H",,UNREVIEWED,,
M016814,M006612,Oil India Limited,Oil India Limited,"THREE LAYER POLYETELENE PRECOATED BEVEL ENDED LINE PIPE, 250 MM NB DIA, ERW/LSAW/HSAW, GRADE API 5L X-46.QTY: LINE PIPE: 32000 MTRS. AND LONG RADIUS BEND: 58 NOS","50 mm Seamless Line Pipe, API-5L, Grade B; Qty : 3 km",0.7146121112716,0.0,42,VECTOR,False,False,2,2,0,True,0.0,,,,,,,1.0,False,True,True,True,True,1,1,DISTINCT,Technical conflict detected.; Priority 1: Distinct due to explicit technical conflict.,"C,F,H",,UNREVIEWED,,
M012829,M012228,Oil India Limited,Oil India Limited,"Hiring the services of skilled & unskilled WCL(P) under Civil Maintenance of PS3, Jorhat","Hiring services of 1 number skilled and 3 numbers unskilled WCL(P)at Admin,Civil & RS-1 under PS-3,Jorhat",0.781493552267448,29.2148790341701,18,"VECTOR,BM25",False,False,0,0,0,False,,,,,,,,1.0,True,True,True,True,True,0,1,UNDETERMINED,Otherwise: Undetermined due to insufficient matches or multiple critical mismatches.,"F,G",,UNREVIEWED,,
M001983,M002155,NTPC Limited,NTPC Limited,PROCUREMENT OF 500 NB MS PIPES FOR ASH HANDLING DEPARTMENT AT NTPC SIPAT,Procurement of SS Pipes and Bends at NTPC Kudgi,0.761294494991925,21.769425587352952,4,"VECTOR,BM25",False,False,2,2,0,False,,,,,,,,1.0,True,True,True,True,True,0,1,UNDETERMINED,Otherwise: Undetermined due to insufficient matches or multiple critical mismatches.,"F,G,H",,UNREVIEWED,,
M001983,M002051,NTPC Limited,NTPC Limited,PROCUREMENT OF 500 NB MS PIPES FOR ASH HANDLING DEPARTMENT AT NTPC SIPAT,"Procurement of 100NB, 125NB Pipes for CHP TSTPS Kaniha",0.757656045949289,18.335488703703767,5,"VECTOR,BM25",False,False,2,2,0,False,,,,,,,,1.0,True,True,True,True,True,0,1,UNDETERMINED,Otherwise: Undetermined due to insufficient matches or multiple critical mismatches.,"F,G,H",,UNREVIEWED,,
M002855,M007862,Oil India Limited,Oil India Limited,Bolt Studs with Nuts,Bolts and Nuts,0.862803113045797,10.817242659038472,1,"VECTOR,BM25",False,False,0,0,0,False,,,,,,,,1.0,True,True,True,True,True,0,0,UNDETERMINED,Otherwise: Undetermined due to insufficient matches or multiple critical mismatches.,"A,F",,UNREVIEWED,,
M001983,M001362,NTPC Limited,NTPC Limited,PROCUREMENT OF 500 NB MS PIPES FOR ASH HANDLING DEPARTMENT AT NTPC SIPAT,Bulk Procurement of P22 and P11 Pipes for Pan NTPC basis,0.772767061740307,17.76956139941223,2,"VECTOR,BM25",False,False,2,2,0,False,,,,,,,,1.0,True,True,True,True,True,0,1,UNDETERMINED,Otherwise: Undetermined due to insufficient matches or multiple critical mismatches.,"F,G,H",,UNREVIEWED,,
M001983,M002075,NTPC Limited,NTPC Limited,PROCUREMENT OF 500 NB MS PIPES FOR ASH HANDLING DEPARTMENT AT NTPC SIPAT,Procurement of Alloy Cast Iron Pipes for AHP,0.719424563508942,23.621727231661737,8,"VECTOR,BM25",False,False,2,2,0,False,,,,,,,,1.0,True,True,True,True,True,0,1,UNDETERMINED,Otherwise: Undetermined due to insufficient matches or multiple critical mismatches.,"F,G,H",,UNREVIEWED,,
M006785,M017826,Oil India Limited,Oil India Limited,API 600 Gate valve,API 600 Gate valve,0.772634756223217,26.936039096726496,8,"VECTOR,BM25",False,True,0,0,0,False,,,,1.0,1.0,,,1.0,True,True,True,False,False,2,0,IDENTICAL,Priority 2: Identical because all available critical technical attributes match.,"E,F",,UNREVIEWED,,
M006785,M002736,Oil India Limited,Oil India Limited,API 600 Gate valve,API 600 Gate valve,0.772634756223217,26.936039096726496,9,"VECTOR,BM25",False,True,0,0,0,False,,,,1.0,1.0,,,1.0,True,True,True,False,False,2,0,IDENTICAL,Priority 2: Identical because all available critical technical attributes match.,"E,F",,UNREVIEWED,,
M020503,M016547,Oil India Limited,Oil India Limited,"Rate Contract for a period of two (02) years with a provision for extension of one (01) year for supply of Stage Cementing Collar, Float Collar/Shoe & Guide Shoe (Floating Equipments)","Supply of Stage Cementing Collar, Float Collar/Shoe & Guide Shoe (Floating Equipments) through E-Procurement",0.814544158510978,80.73527686238674,3,"VECTOR,BM25",False,False,0,0,0,False,,,,,,,,1.0,True,True,True,True,True,0,1,UNDETERMINED,Otherwise: Undetermined due to insufficient matches or multiple critical mismatches.,"B,F,G",,UNREVIEWED,,
M001983,M002539,NTPC Limited,NTPC Limited,PROCUREMENT OF 500 NB MS PIPES FOR ASH HANDLING DEPARTMENT AT NTPC SIPAT,Procurement Of Cast Basalt Pipes And Fittings For Ash Slurry Disposal Pipe Lines,0.702823788498201,16.88320908245141,11,"VECTOR,BM25",False,False,2,2,0,False,,,,,,,,1.0,True,True,True,True,True,0,1,UNDETERMINED,Otherwise: Undetermined due to insufficient matches or multiple critical mismatches.,"F,G,H",,UNREVIEWED,,
M020021,M017396,Oil India Limited,Oil India Limited,Manila Rope,"Wire Ropes/Lines- API 9A, Qty:4 Reel",0.753486833236681,0.0,36,VECTOR,False,False,0,0,0,False,,,,,,,,1.0,True,True,True,True,True,0,1,UNDETERMINED,Otherwise: Undetermined due to insufficient matches or multiple critical mismatches.,"F,G",,UNREVIEWED,,
M001983,M002139,NTPC Limited,NTPC Limited,PROCUREMENT OF 500 NB MS PIPES FOR ASH HANDLING DEPARTMENT AT NTPC SIPAT,Procurement of OPC Cement for NTPC Sipat,0.700032210897929,22.36098923404336,14,"VECTOR,BM25",False,False,2,2,0,False,,,,,,,,1.0,True,True,True,True,True,0,1,UNDETERMINED,Otherwise: Undetermined due to insufficient matches or multiple critical mismatches.,"F,G,H",,UNREVIEWED,,
M001983,M002046,NTPC Limited,NTPC Limited,PROCUREMENT OF 500 NB MS PIPES FOR ASH HANDLING DEPARTMENT AT NTPC SIPAT,Procurement Of Cast Basalt Pipes And Fittings For Ash Slurry Disposal Pipe Lines,0.702823788498201,16.88320908245141,12,"VECTOR,BM25",False,False,2,2,0,False,,,,,,,,1.0,True,True,True,True,True,0,1,UNDETERMINED,Otherwise: Undetermined due to insufficient matches or multiple critical mismatches.,"F,G,H",,UNREVIEWED,,
M016815,M013180,Oil India Limited,Oil India Limited,"THREE LAYER POLYETELENE PRECOATED BEVEL ENDED LINE PIPE, 300 MM NB DIA, ERW/LSAW/HSAW, GRADE API 5L X-46.QTY: LINE PIPE: 9000 MTRS. AND LONG RADIUS BEND: 36 NOS","LINE PIPE LINE PIPE 100 MM (4"")",0.743026417355981,22.902735551309107,7,"VECTOR,BM25",False,False,2,2,0,True,0.0,,,,,,,1.0,False,True,True,True,True,1,1,DISTINCT,Technical conflict detected.; Priority 1: Distinct due to explicit technical conflict.,"C,F,H",,UNREVIEWED,,
M016114,M006263,Oil India Limited,Oil India Limited,Spotting Fluid (Non-weighted) - ONGC (Q3),Water in Oil Monitor,0.717538686433893,0.0,14,VECTOR,False,False,0,0,0,False,,,,,,,,1.0,True,True,True,True,True,0,1,UNDETERMINED,Otherwise: Undetermined due to insufficient matches or multiple critical mismatches.,"F,G",,UNREVIEWED,,
M001983,M002086,NTPC Limited,NTPC Limited,PROCUREMENT OF 500 NB MS PIPES FOR ASH HANDLING DEPARTMENT AT NTPC SIPAT,Procurement of Boiler Tubes for NTPC Plants,0.778401733102135,0.0,17,VECTOR,False,False,2,2,0,False,,,,,,,,1.0,True,True,True,True,True,0,1,UNDETERMINED,Otherwise: Undetermined due to insufficient matches or multiple critical mismatches.,"F,G,H",,UNREVIEWED,,
M001983,M002061,NTPC Limited,NTPC Limited,PROCUREMENT OF 500 NB MS PIPES FOR ASH HANDLING DEPARTMENT AT NTPC SIPAT,Procurement of 250NB Pipe for BADL Maintenance for NTPC Kahalgaon,0.766845665600186,0.0,18,VECTOR,False,False,2,2,0,False,,,,,,,,1.0,True,True,True,True,True,0,1,UNDETERMINED,Otherwise: Undetermined due to insufficient matches or multiple critical mismatches.,"F,G,H",,UNREVIEWED,,
M001983,M001278,NTPC Limited,NTPC Limited,PROCUREMENT OF 500 NB MS PIPES FOR ASH HANDLING DEPARTMENT AT NTPC SIPAT,BULK PROCUREMENT OF IBR P91 Pipes,0.710840857822749,0.0,20,VECTOR,False,False,2,2,0,False,,,,,,,,1.0,True,True,True,True,True,0,1,UNDETERMINED,Otherwise: Undetermined due to insufficient matches or multiple critical mismatches.,"F,G,H",,UNREVIEWED,,
M001983,M001275,NTPC Limited,NTPC Limited,PROCUREMENT OF 500 NB MS PIPES FOR ASH HANDLING DEPARTMENT AT NTPC SIPAT,BULK PROCUREMENT OF HT FASTENERS FOR NTPC STATIONS,0.713493341910609,0.0,19,VECTOR,False,False,2,2,0,False,,,,,,,,1.0,True,True,True,True,True,0,1,UNDETERMINED,Otherwise: Undetermined due to insufficient matches or multiple critical mismatches.,"F,G,H",,UNREVIEWED,,
M001983,M001991,NTPC Limited,NTPC Limited,PROCUREMENT OF 500 NB MS PIPES FOR ASH HANDLING DEPARTMENT AT NTPC SIPAT,"PROCUREMENT OF CONDENSER TUBES FOR PP2, NSPCL DURGAPUR",0.709376061456125,0.0,23,VECTOR,False,False,2,2,0,False,,,,,,,,1.0,True,True,True,True,True,0,1,UNDETERMINED,Otherwise: Undetermined due to insufficient matches or multiple critical mismatches.,"F,G,H",,UNREVIEWED,,
M001983,M002008,NTPC Limited,NTPC Limited,PROCUREMENT OF 500 NB MS PIPES FOR ASH HANDLING DEPARTMENT AT NTPC SIPAT,PROCUREMENT OF MULTI FUNCTION DEVICES FOR NTPC- STATIONS / PROJECTS/ OFFICE,0.707348548484661,0.0,24,VECTOR,False,False,2,2,0,False,,,,,,,,1.0,True,True,True,True,True,0,0,UNDETERMINED,Otherwise: Undetermined due to insufficient matches or multiple critical mismatches.,"F,H",,UNREVIEWED,,
M001983,M001369,NTPC Limited,NTPC Limited,PROCUREMENT OF 500 NB MS PIPES FOR ASH HANDLING DEPARTMENT AT NTPC SIPAT,Bulk Procurement of SS Shot Peened Boiler Straight Tubes for NTPC Stations,0.707283008858068,0.0,25,VECTOR,False,False,2,2,0,False,,,,,,,,1.0,True,True,True,True,True,0,0,UNDETERMINED,Otherwise: Undetermined due to insufficient matches or multiple critical mismatches.,"F,H",,UNREVIEWED,,
M001983,M002110,NTPC Limited,NTPC Limited,PROCUREMENT OF 500 NB MS PIPES FOR ASH HANDLING DEPARTMENT AT NTPC SIPAT,Procurement of ESP Hopper Heaters for NTPC Simhadri Stage-1,0.706853634746381,0.0,26,VECTOR,False,False,2,2,0,False,,,,,,,,1.0,True,True,True,True,True,0,1,UNDETERMINED,Otherwise: Undetermined due to insufficient matches or multiple critical mismatches.,"F,G,H",,UNREVIEWED,,
M016815,M014356,Oil India Limited,Oil India Limited,"THREE LAYER POLYETELENE PRECOATED BEVEL ENDED LINE PIPE, 300 MM NB DIA, ERW/LSAW/HSAW, GRADE API 5L X-46.QTY: LINE PIPE: 9000 MTRS. AND LONG RADIUS BEND: 36 NOS",Pre-coated Line Pipe & Bends; Qty.:61.5 Kms & 52Nos,0.788247590112924,0.0,18,VECTOR,False,False,2,2,0,False,,,,,,,,1.0,True,True,True,True,True,0,1,UNDETERMINED,Otherwise: Undetermined due to insufficient matches or multiple critical mismatches.,"F,G,H",,UNREVIEWED,,
M008456,M008514,Oil India Limited,Oil India Limited,"Construction of 225M long Approach road , Plinth, Road Over plinth, Effluent pit, CC RCC Foundations for LOC BJD and construction of Plinth, Road Over plinth, Effluent pit, CC RCC Foundations for LOC ","Construction of Approach Road, Plinth, Road Over plinth, Effulent pit, CC/RCC Foundations",0.814018310938529,90.18850076588153,10,"VECTOR,BM25",False,False,0,0,0,False,,,,,,,,1.0,True,True,True,True,True,0,1,UNDETERMINED,Otherwise: Undetermined due to insufficient matches or multiple critical mismatches.,"B,F,G",,UNREVIEWED,,
M006785,M010349,Oil India Limited,Oil India Limited,API 600 Gate valve,"GATE VALVE & THEIR SPARES, FLEX SEAL TYPE, WITH HAND WHEEL,FOR MUD SERVICE",0.791731872216425,0.0,28,VECTOR,False,False,0,0,0,False,,,,,1.0,,,1.0,True,True,True,True,False,1,1,UNDETERMINED,Otherwise: Undetermined due to insufficient matches or multiple critical mismatches.,"F,G",,UNREVIEWED,,
M001983,M001708,NTPC Limited,NTPC Limited,PROCUREMENT OF 500 NB MS PIPES FOR ASH HANDLING DEPARTMENT AT NTPC SIPAT,Expression of Interest (EoI) for Issue of BOTTOM Ash from NTPC NKSTPP,0.703065010871827,0.0,28,VECTOR,False,False,2,2,0,False,,,,,,,,1.0,True,True,True,True,True,0,0,UNDETERMINED,Otherwise: Undetermined due to insufficient matches or multiple critical mismatches.,"F,H",,UNREVIEWED,,
M016815,M004783,Oil India Limited,Oil India Limited,"THREE LAYER POLYETELENE PRECOATED BEVEL ENDED LINE PIPE, 300 MM NB DIA, ERW/LSAW/HSAW, GRADE API 5L X-46.QTY: LINE PIPE: 9000 MTRS. AND LONG RADIUS BEND: 36 NOS","Line Pipe, Steel, ERW, Size:114.3 mm (4.1/2"")",0.739509577345341,0.0,23,VECTOR,False,False,1,2,1,True,0.0,,,,,,,1.0,False,True,True,True,True,1,1,DISTINCT,Technical conflict detected.; Priority 1: Distinct due to explicit technical conflict.,"C,F",,UNREVIEWED,,
M001983,M001709,NTPC Limited,NTPC Limited,PROCUREMENT OF 500 NB MS PIPES FOR ASH HANDLING DEPARTMENT AT NTPC SIPAT,Expression of Interest (EoI) for Issue of Bottom Ash from NTPC NKSTPP,0.703065010871827,0.0,27,VECTOR,False,False,2,2,0,False,,,,,,,,1.0,True,True,True,True,True,0,0,UNDETERMINED,Otherwise: Undetermined due to insufficient matches or multiple critical mismatches.,"F,H",,UNREVIEWED,,
M016815,M013319,Oil India Limited,Oil India Limited,"THREE LAYER POLYETELENE PRECOATED BEVEL ENDED LINE PIPE, 300 MM NB DIA, ERW/LSAW/HSAW, GRADE API 5L X-46.QTY: LINE PIPE: 9000 MTRS. AND LONG RADIUS BEND: 36 NOS","Line Pipe, 101.6 mm, Seamless, BE, 19 PPF, Qty: 50 KM",0.732366213456183,0.0,25,VECTOR,False,False,2,2,0,True,0.0,,,,,,,1.0,False,True,True,True,True,1,1,DISTINCT,Technical conflict detected.; Priority 1: Distinct due to explicit technical conflict.,"C,F,H",,UNREVIEWED,,
M016815,M013318,Oil India Limited,Oil India Limited,"THREE LAYER POLYETELENE PRECOATED BEVEL ENDED LINE PIPE, 300 MM NB DIA, ERW/LSAW/HSAW, GRADE API 5L X-46.QTY: LINE PIPE: 9000 MTRS. AND LONG RADIUS BEND: 36 NOS","Line Pipe, 101.6 mm, Seamless, BE, 12.66 PPF. Qty: 63.50KM",0.730442861101963,0.0,26,VECTOR,False,False,2,2,0,True,0.0,,,,,,,1.0,False,True,True,True,True,1,1,DISTINCT,Technical conflict detected.; Priority 1: Distinct due to explicit technical conflict.,"C,F,H",,UNREVIEWED,,
M016815,M006497,Oil India Limited,Oil India Limited,"THREE LAYER POLYETELENE PRECOATED BEVEL ENDED LINE PIPE, 300 MM NB DIA, ERW/LSAW/HSAW, GRADE API 5L X-46.QTY: LINE PIPE: 9000 MTRS. AND LONG RADIUS BEND: 36 NOS","250 mm ERW Line pipe, API-5L, QTY: 500m",0.72648157535816,0.0,28,VECTOR,False,False,1,2,1,True,0.0,,,,,,,1.0,False,True,True,True,True,1,1,DISTINCT,Technical conflict detected.; Priority 1: Distinct due to explicit technical conflict.,"C,F",,UNREVIEWED,,
M001172,M001174,NTPC Limited,NTPC Limited,250 NB ERW Pipes (FE410) for thickness range 6.3 to 10 mm (CAT-I),300 NB ERW Pipes (FE410) for thickness range 6.3 to 10 mm (CAT-2),0.947906363128425,61.42871662659434,5,"VECTOR,BM25",False,False,0,2,2,False,1.0,,,,,,,1.0,False,True,True,True,True,1,0,IDENTICAL,Priority 2: Identical because all available critical technical attributes match.,"A,B,F",,UNREVIEWED,,
M016815,M015745,Oil India Limited,Oil India Limited,"THREE LAYER POLYETELENE PRECOATED BEVEL ENDED LINE PIPE, 300 MM NB DIA, ERW/LSAW/HSAW, GRADE API 5L X-46.QTY: LINE PIPE: 9000 MTRS. AND LONG RADIUS BEND: 36 NOS",SUPPLY OF LINE PIPES & BENDS,0.723062253118897,0.0,29,VECTOR,False,False,2,2,0,False,,,,,,,,1.0,True,True,True,True,True,0,1,UNDETERMINED,Otherwise: Undetermined due to insufficient matches or multiple critical mismatches.,"F,G,H",,UNREVIEWED,,
M016815,M006354,Oil India Limited,Oil India Limited,"THREE LAYER POLYETELENE PRECOATED BEVEL ENDED LINE PIPE, 300 MM NB DIA, ERW/LSAW/HSAW, GRADE API 5L X-46.QTY: LINE PIPE: 9000 MTRS. AND LONG RADIUS BEND: 36 NOS","100 mm Seamless line pipe, API-5L, Grade X-46. Qty : 1.2 km",0.71937472519684,0.0,31,VECTOR,False,False,2,2,0,True,0.0,,,,,,,1.0,False,True,True,True,True,1,1,DISTINCT,Technical conflict detected.; Priority 1: Distinct due to explicit technical conflict.,"C,F,H",,UNREVIEWED,,
M008456,M008877,Oil India Limited,Oil India Limited,"Construction of 225M long Approach road , Plinth, Road Over plinth, Effluent pit, CC RCC Foundations for LOC BJD and construction of Plinth, Road Over plinth, Effluent pit, CC RCC Foundations for LOC ","Construction of approach road, plinth, road over plinth, effluent pit and CC/ RCC foundation to suit VFD-1 new (E-2000) rig outfit for any location in Tengakhat and Chabua area",0.787567783851247,105.4046617954567,22,"VECTOR,BM25",False,False,0,0,0,False,,,,,,,,1.0,True,True,True,True,True,0,1,UNDETERMINED,Otherwise: Undetermined due to insufficient matches or multiple critical mismatches.,"B,F,G",,UNREVIEWED,,
M016815,M007110,Oil India Limited,Oil India Limited,"THREE LAYER POLYETELENE PRECOATED BEVEL ENDED LINE PIPE, 300 MM NB DIA, ERW/LSAW/HSAW, GRADE API 5L X-46.QTY: LINE PIPE: 9000 MTRS. AND LONG RADIUS BEND: 36 NOS","BLACK STEEL LINE PIPE (Q3) , GALVANISED LINE PIPE (Q3)",0.716220101727879,0.0,33,VECTOR,False,False,2,2,0,False,,,,,,,,1.0,True,True,True,True,True,0,1,UNDETERMINED,Otherwise: Undetermined due to insufficient matches or multiple critical mismatches.,"F,G,H",,UNREVIEWED,,
M016815,M006591,Oil India Limited,Oil India Limited,"THREE LAYER POLYETELENE PRECOATED BEVEL ENDED LINE PIPE, 300 MM NB DIA, ERW/LSAW/HSAW, GRADE API 5L X-46.QTY: LINE PIPE: 9000 MTRS. AND LONG RADIUS BEND: 36 NOS",4” Seamless Line pipes,0.715511917987,0.0,34,VECTOR,False,False,2,2,0,False,,,,,,,,1.0,True,True,True,True,True,0,1,UNDETERMINED,Otherwise: Undetermined due to insufficient matches or multiple critical mismatches.,"F,G,H",,UNREVIEWED,,
M001172,M006648,NTPC Limited,Oil India Limited,250 NB ERW Pipes (FE410) for thickness range 6.3 to 10 mm (CAT-I),"6” ERW GALVANISED LINE PIPE - 8,500 METERS",0.817384279350213,16.48970598204566,11,"VECTOR,BM25",True,False,1,2,1,False,,,,,,,,1.0,True,True,True,True,True,0,1,UNDETERMINED,Otherwise: Undetermined due to insufficient matches or multiple critical mismatches.,"D,F,G",,UNREVIEWED,,
M008456,M018211,Oil India Limited,Oil India Limited,"Construction of 225M long Approach road , Plinth, Road Over plinth, Effluent pit, CC RCC Foundations for LOC BJD and construction of Plinth, Road Over plinth, Effluent pit, CC RCC Foundations for LOC ","Construction of Approach Road, Plinth, Dwarf Wall, hard standing area, RCC Road, effluent pits etc to suit CH-14 Jaybee (E-2000) Rig Outfit for any locations or multiple locations in Baghjan and Mecha",0.782284370787552,84.85880373075499,27,"VECTOR,BM25",False,False,0,0,0,False,,,,,,,,1.0,True,True,True,True,True,0,1,UNDETERMINED,Otherwise: Undetermined due to insufficient matches or multiple critical mismatches.,"B,F,G",,UNREVIEWED,,
M008456,M003117,Oil India Limited,Oil India Limited,"Construction of 225M long Approach road , Plinth, Road Over plinth, Effluent pit, CC RCC Foundations for LOC BJD and construction of Plinth, Road Over plinth, Effluent pit, CC RCC Foundations for LOC ","Construction of Approach road, Plinth,Dwarf Wall,hard standing area, RCC Road,effluent pits etc to suit CH-14 Jaybee (E-2000) Rig Outfit for any locations or multiple locations in Baghjan and Mechaki ",0.782284370787552,84.85880373075499,28,"VECTOR,BM25",False,False,0,0,0,False,,,,,,,,1.0,True,True,True,True,True,0,1,UNDETERMINED,Otherwise: Undetermined due to insufficient matches or multiple critical mismatches.,"B,F,G",,UNREVIEWED,,
M019500,M016931,Oil India Limited,Oil India Limited,Hiring service for Thermal Insulation of Exhaust Silencers of Gas Engines at various GCS,Thermal Insulation of Exhaust Silencers of Gas Engines running in various Gas Compressor Stations of OIL's operational area of Upper Assam,0.876580296514257,47.19092588737957,3,"VECTOR,BM25",False,False,0,0,0,False,,,,,,,,1.0,True,True,True,True,True,0,1,UNDETERMINED,Otherwise: Undetermined due to insufficient matches or multiple critical mismatches.,"A,F,G",,UNREVIEWED,,
M019500,M004340,Oil India Limited,Oil India Limited,Hiring service for Thermal Insulation of Exhaust Silencers of Gas Engines at various GCS,Hiring service for Thermal Insulation of Exhaust Silencers of Gas Engines at various GCS,0.999835533320964,66.3775976961081,1,"VECTOR,BM25",False,True,0,0,0,False,,,,,,,,1.0,True,True,True,True,True,0,0,UNDETERMINED,Otherwise: Undetermined due to insufficient matches or multiple critical mismatches.,"A,B,E,F",,UNREVIEWED,,
M012631,M019732,Oil India Limited,Oil India Limited,"Hiring the services of 11 Nos of TATA 709 PICKUP Double cabin, 2WD or Equivalent with standard fittings in Short Term Contract for a period of 7 Seven months with a provision of extension for another ",Hiring the services of the following readily available vehicles at Company's offered rates for deployment in Seismic Survey operations and other company related activities across three consecutive fie,0.0,63.2858453990141,40,BM25,False,False,0,0,0,False,,,,,,,,1.0,True,True,True,True,True,0,1,UNDETERMINED,Otherwise: Undetermined due to insufficient matches or multiple critical mismatches.,B,,UNREVIEWED,,
M016815,M013309,Oil India Limited,Oil India Limited,"THREE LAYER POLYETELENE PRECOATED BEVEL ENDED LINE PIPE, 300 MM NB DIA, ERW/LSAW/HSAW, GRADE API 5L X-46.QTY: LINE PIPE: 9000 MTRS. AND LONG RADIUS BEND: 36 NOS","Line Pipe 101.60 mm Seamless, B/E, 19 PPF. Qty:40,000 Mtr",0.707932874885083,0.0,45,VECTOR,False,False,2,2,0,True,0.0,,,,,,,1.0,False,True,True,True,True,1,1,DISTINCT,Technical conflict detected.; Priority 1: Distinct due to explicit technical conflict.,"C,F,H",,UNREVIEWED,,
M006577,M007853,Oil India Limited,Oil India Limited,"4"" Dia Flange WN RTJ ASME B16.5 900#63AARH SCH XXS ASTM A105 Groove R37","Blind Flange, Forged Carbon Steel, Ring Joint Groove",0.708407946204133,46.014691467137496,1,"VECTOR,BM25",False,False,2,2,0,True,,,0.0,,,,,1.0,True,True,False,True,True,1,1,DISTINCT,Technical conflict detected.; Priority 1: Distinct due to explicit technical conflict.,"C,F,H",,UNREVIEWED,,
M006173,M021382,Oil India Limited,Oil India Limited,Training Diary for Apprentices,Training Diary for Apprentices,0.999827418635261,34.15663561439671,1,"VECTOR,BM25",False,True,0,0,0,False,,,,,,,,1.0,True,True,True,True,True,0,0,UNDETERMINED,Otherwise: Undetermined due to insufficient matches or multiple critical mismatches.,"A,E,F",,UNREVIEWED,,
M014511,M002069,Oil India Limited,NTPC Limited,Procurement of Printers,Procurement of A4 Size Paper,0.787780534638759,0.0,37,VECTOR,True,False,0,0,0,False,,,,,,,,1.0,True,True,True,True,True,0,0,UNDETERMINED,Otherwise: Undetermined due to insufficient matches or multiple critical mismatches.,"D,F",,UNREVIEWED,,
M009082,M018603,Oil India Limited,Oil India Limited,Consultancy Services for IPv4 to IPv6 Transition in Oil India Limited,Engagement of Consultant for Professional services pertaining to valuation and economic assessment of overseas investments held by Oil India Limited and its subsidiaries / JVs,0.773257895647468,0.0,14,VECTOR,False,False,0,0,0,False,,,,,,,,1.0,True,True,True,True,True,0,1,UNDETERMINED,Otherwise: Undetermined due to insufficient matches or multiple critical mismatches.,"F,G",,UNREVIEWED,,
M008456,M008870,Oil India Limited,Oil India Limited,"Construction of 225M long Approach road , Plinth, Road Over plinth, Effluent pit, CC RCC Foundations for LOC BJD and construction of Plinth, Road Over plinth, Effluent pit, CC RCC Foundations for LOC ","Construction of approach road, plinth, effluent pit , foundation for Drilling Location or any other Locations in Jorajan area",0.0,95.43879497331653,48,BM25,False,False,0,0,0,False,,,,,,,,1.0,True,True,True,True,True,0,1,UNDETERMINED,Otherwise: Undetermined due to insufficient matches or multiple critical mismatches.,B,,UNREVIEWED,,
M001243,M012257,NTPC Limited,Oil India Limited,BIENNIAL CONTRACT FOR HOUSEKEEPING SERVICES AT NTECL (CIVIL - O&M),"Hiring services of Assistance in operation, maintenance at NSPL & NT in shift operation for a period of 4 years",0.700283138187681,0.0,33,VECTOR,True,False,0,0,0,False,,,,,,,,1.0,True,True,True,True,True,0,1,UNDETERMINED,Otherwise: Undetermined due to insufficient matches or multiple critical mismatches.,"D,F,G",,UNREVIEWED,,
M019153,M011426,Oil India Limited,Oil India Limited,Hiring of Electrical Services for carrying out the Close Interval Potential Logging (CIPL) Survey of Naharkatiya Barauni Crude Oil Pipeline & Numaligarh Siliguri Product Pipeline of Oil India Limited ,Hiring of Electrical Services for carrying out the Close Interval Potential Logging (CIPL) Survey of Naharkatiya Barauni Crude Oil Pipeline & Numaligarh Siliguri Product Pipeline of Oil India Limited ,0.999868743229368,119.91419290644573,1,"VECTOR,BM25",False,True,0,0,0,False,,,,,,,,1.0,True,True,True,True,True,0,0,UNDETERMINED,Otherwise: Undetermined due to insufficient matches or multiple critical mismatches.,"A,B,E,F",,UNREVIEWED,,
M001172,M019938,NTPC Limited,Oil India Limited,250 NB ERW Pipes (FE410) for thickness range 6.3 to 10 mm (CAT-I),"Line Pipe, 1/2 inch , ERW, GI Screwed",0.76536253698113,0.0,47,VECTOR,True,False,0,2,2,True,0.0,,,,,,,1.0,False,True,True,True,True,1,1,DISTINCT,Technical conflict detected.; Priority 1: Distinct due to explicit technical conflict.,"C,D,F",,UNREVIEWED,,
M008458,M003220,Oil India Limited,Oil India Limited,"Construction of 300 mtr long Dust free Approach road of 5.5 mtr width carriage way by 100 mm GSB (Double layer), 75 mm WBM (Double layer), 50 mm BM & 25 mm thk SDBC emanating from NH-37 towards the pr","Construction of dust free bituminous approach road of approx. length 1.10 Km to well no. KLN 31 by providing double layer of 75 mm thick WBM , 50 mm thick BM and 25 mm thick SDBC including supply of a",0.728757750380236,55.83434950152484,16,"VECTOR,BM25",False,False,0,0,0,True,0.0,,,,,,,1.0,False,True,True,True,True,1,1,DISTINCT,Technical conflict detected.; Priority 1: Distinct due to explicit technical conflict.,"C,F",,UNREVIEWED,,
M004441,M019602,Oil India Limited,Oil India Limited,Hiring services of operation and maintenance of 02 Two nos. Workover Rigs of OIL,Hiring services of operation and maintenance of 02 Two nos. Workover Rigs of OIL,0.99979560067349,50.09266580025706,1,"VECTOR,BM25",False,True,0,0,0,False,,,,,,,,1.0,True,True,True,True,True,0,0,UNDETERMINED,Otherwise: Undetermined due to insufficient matches or multiple critical mismatches.,"A,E,F",,UNREVIEWED,,
M020218,M005041,Oil India Limited,Oil India Limited,"PROVIDING CIVIL MISCELLANEOUS MAINTENANCE FOR NECESSARY WELDING AND FABRICATION JOBS AT DOMESTIC & INDUSTRY AREA UNDER PS8, SONAPUR","PROVIDING CIVIL MISCELLANEOUS MAINTENANCE FOR NECESSARY WELDING AND FABRICATION JOBS AT DOMESTIC & INDUSTRY AREA UNDER PS8, SONAPUR",0.999867511390182,63.83200848630197,1,"VECTOR,BM25",False,True,0,0,0,False,,,,,,,,1.0,True,True,True,True,True,0,0,UNDETERMINED,Otherwise: Undetermined due to insufficient matches or multiple critical mismatches.,"A,B,E,F",,UNREVIEWED,,
M018064,M002967,Oil India Limited,Oil India Limited,"Casing 9 5/8 inch x 47 PPF x N-80 BTC , Casing 13 3/8 inch x 68 PPF x N-80 BTC","Casing 9 5/8 inch x 47 PPF x N-80 BTC , Casing 13 3/8 inch x 68 PPF x N-80 BTC",0.91510833768044,119.98277036698953,1,"VECTOR,BM25",False,True,0,0,0,False,1.0,,,,,,,1.0,False,True,True,True,True,1,0,IDENTICAL,Priority 2: Identical because all available critical technical attributes match.,"A,B,E,F",,UNREVIEWED,,
M010183,M013650,Oil India Limited,Oil India Limited,FORMATION WATER DISPOSAL CENTRIFUGAL PUMP,Multistage Centrifugal Pump,0.752914474327136,14.79292073781837,8,"VECTOR,BM25",False,False,0,0,0,False,,,,,,,,1.0,True,True,True,True,True,0,1,UNDETERMINED,Otherwise: Undetermined due to insufficient matches or multiple critical mismatches.,"F,G",,UNREVIEWED,,
M017026,M017029,Oil India Limited,Oil India Limited,"To provide miscellaneous services such as Support services for repair of pilferage point, RoW Maintenance, Jungle cutting, Installation of OIL Marker post, barricade post, assistance to pipe locating ","To provide miscelleneous services such as Support services for repair of pilferage point, RoW Maintenance, Jungle cutting, Installation of OIL Marker post, barricade post, assistance to pipe locating ",0.948040450396207,113.81948746807427,10,"VECTOR,BM25",False,False,0,0,0,False,,,,,,,,1.0,True,True,True,True,True,0,1,UNDETERMINED,Otherwise: Undetermined due to insufficient matches or multiple critical mismatches.,"A,B,F,G",,UNREVIEWED,,
M017026,M017031,Oil India Limited,Oil India Limited,"To provide miscellaneous services such as Support services for repair of pilferage point, RoW Maintenance, Jungle cutting, Installation of OIL Marker post, barricade post, assistance to pipe locating ","To provide miscelleneous services such as Support services for repair of pilferage point, RoW Maintenance, Jungle cutting, Installation of OIL Marker post, barricade post, assistance to pipe locating ",0.941461887435699,116.62086329640356,11,"VECTOR,BM25",False,False,0,0,0,False,,,,,,,,1.0,True,True,True,True,True,0,1,UNDETERMINED,Otherwise: Undetermined due to insufficient matches or multiple critical mismatches.,"A,B,F,G",,UNREVIEWED,,
M017026,M021315,Oil India Limited,Oil India Limited,"To provide miscellaneous services such as Support services for repair of pilferage point, RoW Maintenance, Jungle cutting, Installation of OIL Marker post, barricade post, assistance to pipe locating ","TO PROVIDE MISCELLANEOUS SERVICES SUCH AS SUPPORT SERVICES FOR REPAIR OF PILFERAGE POINT, ROW MAINTENANCE, JUNGLE CUTTING, INSTALLATION OF OIL MARKER POST, BARRICADE POST, ASSISTANCE TO PIPE LOCATING ",0.927470450767641,99.67332555026464,15,"VECTOR,BM25",False,False,0,0,0,False,,,,,,,,1.0,True,True,True,True,True,0,1,UNDETERMINED,Otherwise: Undetermined due to insufficient matches or multiple critical mismatches.,"A,B,F,G",,UNREVIEWED,,
M008458,M018338,Oil India Limited,Oil India Limited,"Construction of 300 mtr long Dust free Approach road of 5.5 mtr width carriage way by 100 mm GSB (Double layer), 75 mm WBM (Double layer), 50 mm BM & 25 mm thk SDBC emanating from NH-37 towards the pr","Construction of new road out side the OIL Colony Boundary wall, Moran (Approx. length 1200.0 Mtr) by 150 mm GSB, 75 mm thk WBM (Double layer), 25 mm thk SDBC with Hardened side berm including supply o",0.0,65.03541363105613,49,BM25,False,False,0,0,0,True,0.0,,,,,,,1.0,False,True,True,True,True,1,1,DISTINCT,Technical conflict detected.; Priority 1: Distinct due to explicit technical conflict.,B,,UNREVIEWED,,
M004910,M021477,Oil India Limited,Oil India Limited,"Multipurpose pumping unit, Qty = 1 No","Well service pump (Kill pump package), Qty = 2 Nos",0.78894766487021,0.0,18,VECTOR,False,False,0,0,0,False,,,,,,,,1.0,True,True,True,True,True,0,1,UNDETERMINED,Otherwise: Undetermined due to insufficient matches or multiple critical mismatches.,"F,G",,UNREVIEWED,,
M004279,M019431,Oil India Limited,Oil India Limited,"Hiring of services for collection of crude oil from effluent pits, cellars, sumps etc. of wells, OCS, EPS, QPS, WHS & other installations in Moran, Shalmari, Borbil, Deroi, Sapkaint, Tinali, Lakwagaon","Hiring of services for collection of crude oil from effluent pits, cellars, sumps etc. of wells, OCS, EPS, QPS, WHS & other installations in Moran, Shalmari, Borbil, Deroi, Sapkaint, Tinali, Lakwagaon",0.999709349066801,137.1191107498071,1,"VECTOR,BM25",False,True,0,0,0,False,,,,,,,,1.0,True,True,True,True,True,0,0,UNDETERMINED,Otherwise: Undetermined due to insufficient matches or multiple critical mismatches.,"A,B,E,F",,UNREVIEWED,,
M004910,M006267,Oil India Limited,Oil India Limited,"Multipurpose pumping unit, Qty = 1 No","Well service pump (Kill pump package), Qty = 2 Nos",0.78894766487021,0.0,19,VECTOR,False,False,0,0,0,False,,,,,,,,1.0,True,True,True,True,True,0,1,UNDETERMINED,Otherwise: Undetermined due to insufficient matches or multiple critical mismatches.,"F,G",,UNREVIEWED,,
M014173,M001354,Oil India Limited,NTPC Limited,"PROCUREMENT OF SLAMMER LOGGING CABLE, TOTAL QUANTITY 32,500 M",Bulk Procurement of Flexible Cu Cables,0.732419494270807,0.0,24,VECTOR,True,False,0,0,0,False,,,,,,,,1.0,True,True,True,True,True,0,1,UNDETERMINED,Otherwise: Undetermined due to insufficient matches or multiple critical mismatches.,"D,F,G",,UNREVIEWED,,
M017976,M002880,Oil India Limited,Oil India Limited,"CHANNEL, MILD STEEL (ROLLED) FOR STRUCTURAL AND GENERAL ENGG. PURPOSES","CHANNEL, MILD STEEL (ROLLED) FOR STRUCTURAL AND GENERAL ENGG. PURPOSES",0.999901980880554,64.39229501432612,1,"VECTOR,BM25",False,True,0,0,0,False,,,,,,,,1.0,True,True,True,True,True,0,0,UNDETERMINED,Otherwise: Undetermined due to insufficient matches or multiple critical mismatches.,"A,B,E,F",,UNREVIEWED,,
M009179,M009257,Oil India Limited,Oil India Limited,Corrigendum No. 01 to GeM Tender No. GEM/2022/B/2725857 dtd. 10/11/2022,Corrigendum No. 01 to GeM Tender no. GEM/2022/B/2669018 dtd. 22/10/2022,0.915563159808487,38.256188693223876,11,"VECTOR,BM25",False,False,0,0,0,False,,,,,,,,1.0,True,True,True,True,True,0,0,UNDETERMINED,Otherwise: Undetermined due to insufficient matches or multiple critical mismatches.,"A,F",,UNREVIEWED,,
M004279,M011960,Oil India Limited,Oil India Limited,"Hiring of services for collection of crude oil from effluent pits, cellars, sumps etc. of wells, OCS, EPS, QPS, WHS & other installations in Moran, Shalmari, Borbil, Deroi, Sapkaint, Tinali, Lakwagaon","Hiring of services for collection of crude oil from Effluent Pits, Cellars, Sumps etc. of Wells, OCS, EPS, QPS, WHS and other installations in Assam Field and transportation of collected crude oil to ",0.840021882902402,110.46254588049834,5,"VECTOR,BM25",False,False,0,0,0,False,,,,,,,,1.0,True,True,True,True,True,0,1,UNDETERMINED,Otherwise: Undetermined due to insufficient matches or multiple critical mismatches.,"B,F,G",,UNREVIEWED,,
M017026,M017016,Oil India Limited,Oil India Limited,"To provide miscellaneous services such as Support services for repair of pilferage point, RoW Maintenance, Jungle cutting, Installation of OIL Marker post, barricade post, assistance to pipe locating ","To provide Miscellaneous support services such as repair of Minor leak point/Pilferage Point, Grouting of Boundary Marker/Kilometer Post, Location of Pipeline in RoW, Survey and Demarcation, Earth cut",0.854671626296311,85.4508384928628,31,"VECTOR,BM25",False,False,0,0,0,False,,,,,,,,1.0,True,True,True,True,True,0,1,UNDETERMINED,Otherwise: Undetermined due to insufficient matches or multiple critical mismatches.,"A,B,F,G",,UNREVIEWED,,
M017278,M000856,Oil India Limited,NTPC Limited,Various kinds of Companion Flange,FLANGE-S:ANSI:B16.5 CL-150:SLIP-ON:500MM(20INCH),0.768302868801676,0.0,33,VECTOR,True,False,0,0,0,False,,,,,,,,1.0,True,True,True,True,True,0,1,UNDETERMINED,Otherwise: Undetermined due to insufficient matches or multiple critical mismatches.,"D,F,G",,UNREVIEWED,,
M017559,M019027,Oil India Limited,Oil India Limited,"Hiring Service for Design, Engineering, Manufacture, Supply, Testing & Commissioning of 33KV/11KV Grid Power Receiving Sub-Station at OIL Moran in LSTK-EPC basis","Hiring Service for Design, Engineering, Manufacture, Supply, Testing & Commissioning of 33KV/11KV Grid Power Receiving Sub-Station at OIL Moran in LSTK-EPC basis",0.964412021023511,82.78121281893894,1,"VECTOR,BM25",False,True,0,0,0,False,,,,,,,,1.0,True,True,True,True,True,0,0,UNDETERMINED,Otherwise: Undetermined due to insufficient matches or multiple critical mismatches.,"A,B,E,F",,UNREVIEWED,,
M020599,M005408,Oil India Limited,Oil India Limited,Resineated Lignite,Resineated Lignite,0.99989968805545,24.649622705724255,2,"VECTOR,BM25",False,True,0,0,0,False,,,,,,,,1.0,True,True,True,True,True,0,0,UNDETERMINED,Otherwise: Undetermined due to insufficient matches or multiple critical mismatches.,"A,E,F",,UNREVIEWED,,
M008459,M015018,Oil India Limited,Oil India Limited,"Construction of 3rd Room at D+B’Lows (2units) at PS-8, Sonapur","Renovation and repair of TT hall and Badminton court at PS-8, Sonapur",0.709928255735952,16.524921247935296,12,"VECTOR,BM25",False,False,0,0,0,False,,,,,,,,1.0,True,True,True,True,True,0,1,UNDETERMINED,Otherwise: Undetermined due to insufficient matches or multiple critical mismatches.,"F,G",,UNREVIEWED,,
M004910,M000469,Oil India Limited,Indian Oil Corporation Limited,"Multipurpose pumping unit, Qty = 1 No",Transfer Pump (Nos),0.764048872629777,0.0,30,VECTOR,True,False,0,0,0,False,,,,,,,,1.0,True,True,True,True,True,0,1,UNDETERMINED,Otherwise: Undetermined due to insufficient matches or multiple critical mismatches.,"D,F,G",,UNREVIEWED,,
M017457,M011746,Oil India Limited,Oil India Limited,hiring of Third-Party Inspection services (TPI),Hiring of Third-Party Inspection services (TPI),0.99989087675452,37.91651280211381,1,"VECTOR,BM25",False,True,0,0,0,False,,,,,,,,1.0,True,True,True,True,True,0,0,UNDETERMINED,Otherwise: Undetermined due to insufficient matches or multiple critical mismatches.,"A,E,F",,UNREVIEWED,,
M009179,M009173,Oil India Limited,Oil India Limited,Corrigendum No. 01 to GeM Tender No. GEM/2022/B/2725857 dtd. 10/11/2022,Corrigendum No. 01 to GeM Tender No. GEM/2022/B/2566622 dtd. 22/09/2022,0.91494990888458,0.0,29,VECTOR,False,False,0,0,0,False,,,,,,,,1.0,True,True,True,True,True,0,0,UNDETERMINED,Otherwise: Undetermined due to insufficient matches or multiple critical mismatches.,"A,F",,UNREVIEWED,,
M018064,M018078,Oil India Limited,Oil India Limited,"Casing 9 5/8 inch x 47 PPF x N-80 BTC , Casing 13 3/8 inch x 68 PPF x N-80 BTC","Casing, 5 1/2 inch x20PPF X N 80BTC (01010376) , Casing Nipple for 5 1/2 inch x 20PPF X P110BTC (01112595)",0.770407882807675,0.0,47,VECTOR,False,False,0,0,0,True,0.0,,,,,,,1.0,False,True,True,True,True,1,1,DISTINCT,Technical conflict detected.; Priority 1: Distinct due to explicit technical conflict.,"C,F",,UNREVIEWED,,
M017028,M017033,Oil India Limited,Oil India Limited,"To provide miscellaneous services such as Support services for repair of pilferage point, repair of Exposure, Jungle cutting, Installation of OIL Marker post & Barricade post etc. Assistance to pipe l","To provide miscelleneous services such as Support services for repair of pilferage point, RoW Maintenance, Jungle cutting, Installation of OIL Marker post, barricade post, assistance to pipe locating ",0.929661770334118,109.541293492393,4,"VECTOR,BM25",False,False,0,0,0,False,,,,,,,,1.0,True,True,True,True,True,0,1,UNDETERMINED,Otherwise: Undetermined due to insufficient matches or multiple critical mismatches.,"A,B,F,G",,UNREVIEWED,,
M015232,M015240,Oil India Limited,Oil India Limited,"Replacement of damaged CGI/asbestos sheet roof with Precoated galvanized iron profile sheet & CGI sheet in Telecom building, POL shed, CISF barrack along with necessary wall painiting at PS6, Bongaiga","Replacement of existing CGI sheet of old compressor shed with Precoated galvanized iron profile sheet at GCS-01, Naharkatia",0.720454106967245,70.87560868397244,8,"VECTOR,BM25",False,False,0,0,0,False,,,,,,,,1.0,True,True,True,True,True,0,1,UNDETERMINED,Otherwise: Undetermined due to insufficient matches or multiple critical mismatches.,"B,F,G",,UNREVIEWED,,
M005461,M020653,Oil India Limited,Oil India Limited,"Ropes, Manila, Diameter: 12 mm (1/2""), Ropes, Manila, Diameter: 28 mm (1.1/8""), Rope, Manila, Diameter: 36 mm (1.1/2"")","Ropes, Manila, Diameter: 12 mm (1/2""), Ropes, Manila, Diameter: 28 mm (1.1/8""), Rope, Manila, Diameter: 36 mm (1.1/2"")",0.999853718665668,166.6485376372801,1,"VECTOR,BM25",False,True,0,0,0,False,1.0,,,,,,,1.0,False,True,True,True,True,1,0,IDENTICAL,Priority 2: Identical because all available critical technical attributes match.,"A,B,E,F",,UNREVIEWED,,
M013537,M013538,Oil India Limited,Oil India Limited,Mechanical Cleaning of Aerial Coolers and Cooling Water Jackets of Gas Compressor Packages,Mechanical Cleaning of Aerial Coolers of Gas Compressor Units,0.959097642132523,49.90639727650328,2,"VECTOR,BM25",False,False,0,0,0,False,,,,,,,,1.0,True,True,True,True,True,0,1,UNDETERMINED,Otherwise: Undetermined due to insufficient matches or multiple critical mismatches.,"A,F,G",,UNREVIEWED,,
M017028,M017034,Oil India Limited,Oil India Limited,"To provide miscellaneous services such as Support services for repair of pilferage point, repair of Exposure, Jungle cutting, Installation of OIL Marker post & Barricade post etc. Assistance to pipe l","To provide miscelleneous services such as Support services for repair of pilferage point, RoW Maintenance, Jungle cutting, Installation of OIL Marker post, barricade post, assistance to pipe locating ",0.913225843328328,89.10125402468894,15,"VECTOR,BM25",False,False,0,0,0,False,,,,,,,,1.0,True,True,True,True,True,0,1,UNDETERMINED,Otherwise: Undetermined due to insufficient matches or multiple critical mismatches.,"A,B,F,G",,UNREVIEWED,,
M014373,M018423,Oil India Limited,Oil India Limited,Pressure Transmitter(0-100 kg/cm2),DIGITAL PRESSURE GAUGES,0.851689064461991,6.441607586956306,8,"VECTOR,BM25",False,False,0,0,0,False,,,,,,,,1.0,True,True,True,True,True,0,1,UNDETERMINED,Otherwise: Undetermined due to insufficient matches or multiple critical mismatches.,"A,F,G",,UNREVIEWED,,
M020599,M000076,Oil India Limited,Indian Oil Corporation Limited,Resineated Lignite,Automatic smoke point,0.715101376845414,0.0,39,VECTOR,True,False,0,0,0,False,,,,,,,,1.0,True,True,True,True,True,0,0,UNDETERMINED,Otherwise: Undetermined due to insufficient matches or multiple critical mismatches.,"D,F",,UNREVIEWED,,
M005084,M020193,Oil India Limited,Oil India Limited,Poor Boy Swivel,POOR BOY SWIVEL,0.999705932597857,35.069588854694494,2,"VECTOR,BM25",False,True,0,0,0,False,,,,,,,,1.0,True,True,True,True,True,0,0,UNDETERMINED,Otherwise: Undetermined due to insufficient matches or multiple critical mismatches.,"A,E,F",,UNREVIEWED,,
M014693,M014708,Oil India Limited,Oil India Limited,"Providing services for miscellaneous jobs like welding drinking water line, dismantling, repairing, drinking water tank cleaning, various metal fabrication related jobs at Pump Station 5 for a period ","Providing services of API quality Welding, Fabrication and Fitting of pipeline related to various Pipeline Maintenance jobs viz repair of pilferage point, fabrication /fitting/ modification of pipelin",0.738853782591781,0.0,22,VECTOR,False,False,0,0,0,True,,,,,,,,1.0,True,True,True,True,True,0,1,DISTINCT,Technical conflict detected.; Priority 1: Distinct due to explicit technical conflict.,"C,F",,UNREVIEWED,,
M017028,M017032,Oil India Limited,Oil India Limited,"To provide miscellaneous services such as Support services for repair of pilferage point, repair of Exposure, Jungle cutting, Installation of OIL Marker post & Barricade post etc. Assistance to pipe l","To provide miscelleneous services such as Support services for repair of pilferage point, RoW Maintenance, Jungle cutting, Installation of OIL Marker post, barricade post, assistance to pipe locating ",0.894432082343334,88.32057801812134,24,"VECTOR,BM25",False,False,0,0,0,False,,,,,,,,1.0,True,True,True,True,True,0,1,UNDETERMINED,Otherwise: Undetermined due to insufficient matches or multiple critical mismatches.,"A,B,F,G",,UNREVIEWED,,
M017976,M017326,Oil India Limited,Oil India Limited,"CHANNEL, MILD STEEL (ROLLED) FOR STRUCTURAL AND GENERAL ENGG. PURPOSES","WIRE GALVANISED, EXPANDED METAL SHEET , MILD STEEL",0.741487982583762,0.0,48,VECTOR,False,False,0,0,0,False,,,,,,,,1.0,True,True,True,True,True,0,1,UNDETERMINED,Otherwise: Undetermined due to insufficient matches or multiple critical mismatches.,"F,G",,UNREVIEWED,,
M006411,M006486,Oil India Limited,Oil India Limited,139.7 mm N-80 Casing,244.475 mm N-80 Casing,0.809047617092357,17.658487275778374,8,"VECTOR,BM25",False,False,0,0,0,True,0.0,,,,,,,1.0,False,True,True,True,True,1,0,DISTINCT,Technical conflict detected.; Priority 1: Distinct due to explicit technical conflict.,"C,F",,UNREVIEWED,,
M020318,M002020,Oil India Limited,NTPC Limited,Procurement of 3 KL Capacity Stainless Steel Foam Storage Tanks,PROCUREMENT OF TROLLY MOUNTED 30KL TRANSFORMER OIL STORAGE TANK FOR NTPC LARA,0.713399294051451,0.0,35,VECTOR,True,False,0,0,0,False,,,,,,,,1.0,True,True,True,True,True,0,1,UNDETERMINED,Otherwise: Undetermined due to insufficient matches or multiple critical mismatches.,"D,F,G",,UNREVIEWED,,
M000439,M000788,Indian Oil Corporation Limited,NTPC Limited,"Steam turbine driven (single stream) Air Blower package (412-K-1001)' along with accessories, auxiliaries, control panel(s), all instrumentation and controls, mandatory spares, commissioning spares an",2.1.0 For Steam Generator of 250MW Unit,0.702833339679414,0.0,31,VECTOR,True,False,0,0,0,False,,,,,,,,0.0,True,True,True,True,True,0,1,UNDETERMINED,Otherwise: Undetermined due to insufficient matches or multiple critical mismatches.,"D,F,G",,UNREVIEWED,,
M014693,M019251,Oil India Limited,Oil India Limited,"Providing services for miscellaneous jobs like welding drinking water line, dismantling, repairing, drinking water tank cleaning, various metal fabrication related jobs at Pump Station 5 for a period ","Hiring of Services for Replacement of various sizes of Water and domestic gas pipelines, hydrant, valves, fittings, enclosures, coating, wrapping of pipelines including painting and other related jobs",0.704366369356113,0.0,39,VECTOR,False,False,0,0,0,True,,,,,,,,1.0,True,True,True,True,True,0,1,DISTINCT,Technical conflict detected.; Priority 1: Distinct due to explicit technical conflict.,"C,F",,UNREVIEWED,,
M013537,M001963,Oil India Limited,NTPC Limited,Mechanical Cleaning of Aerial Coolers and Cooling Water Jackets of Gas Compressor Packages,Operation & Maintenance of Air Conditioning and Ventilation System,0.712923460580381,0.0,37,VECTOR,True,False,0,0,0,False,,,,,,,,1.0,True,True,True,True,True,0,1,UNDETERMINED,Otherwise: Undetermined due to insufficient matches or multiple critical mismatches.,"D,F,G",,UNREVIEWED,,
M021376,M006167,Oil India Limited,Oil India Limited,Torque Wrench,Torque Wrench,0.999825463953141,21.124283188924842,2,"VECTOR,BM25",False,True,0,0,0,False,,,,,,,,1.0,True,True,True,True,True,0,0,UNDETERMINED,Otherwise: Undetermined due to insufficient matches or multiple critical mismatches.,"A,E,F",,UNREVIEWED,,
M013755,M015068,Oil India Limited,Oil India Limited,"Necessary repairing of domestic area drain along with high drain at PS-9, Dumar","Repair of existing I R (Iron Removal) water filter by replacement of inside strainer, filter media and diapharm of the valves fitted on IR filter, activated carbon filter,painting and include chemical",0.756869338321409,0.0,26,VECTOR,False,False,0,0,0,False,,,,,,,,1.0,True,True,True,True,True,0,1,UNDETERMINED,Otherwise: Undetermined due to insufficient matches or multiple critical mismatches.,"F,G",,UNREVIEWED,,
M018069,M007905,Oil India Limited,Oil India Limited,"Casing Head Housing, Plug Tester & Slip Seal Assembly","CASING HEAD HOUSING WITH HANGER PACKER (Q3) , Slip Seal Assembly (Q3) , PLUG TESTER (Q3)",0.881758223808052,44.419457067349455,3,"VECTOR,BM25",False,False,0,0,0,False,,,,,,,,1.0,True,True,True,True,True,0,1,UNDETERMINED,Otherwise: Undetermined due to insufficient matches or multiple critical mismatches.,"A,F,G",,UNREVIEWED,,
M001176,M013189,NTPC Limited,Oil India Limited,350 NB ERW Pipes (FE410) for thickness range 6.3 to 10 mm (CAT-1),"LINE PIPE, BEVEL END ELECTRIC RESISTANCE WELDED (ERW), API-5L",0.813164513804489,0.0,24,VECTOR,True,False,1,2,1,False,,,,,,,,1.0,True,True,True,True,True,0,0,UNDETERMINED,Otherwise: Undetermined due to insufficient matches or multiple critical mismatches.,"D,F",,UNREVIEWED,,
M008914,M018191,Oil India Limited,Oil India Limited,Construction of boundary wall & erecting concertina coil with overhang on the top of boundary wall at NKF (QPS) (approx. 590.00m length) including supply of all materials (except cement),"Construction of 325 M Long Boundary wall with concertina fence over the brick wall at WIS 240, Mohmari area including supply of all materials except cement",0.723500209595484,44.255023940772574,28,"VECTOR,BM25",False,False,0,0,0,False,,,,,,,,1.0,True,True,True,True,True,0,1,UNDETERMINED,Otherwise: Undetermined due to insufficient matches or multiple critical mismatches.,"F,G",,UNREVIEWED,,
M008142,M012871,Oil India Limited,Oil India Limited,"Carry out Pipeline Row exposure Repair work from PLKM 730 to PLKM 780 at different locations under PLM Section, PS-8, Sonapur, West Bengal","Hiring the services to carry out Pipeline Row Exposure Repair Work from PLKM 735 TO PLKM 783 at different locations under PLM Section, Oil India Limited, PS-8, Sonapur, West Bengal",0.868959099637347,69.21282621078785,9,"VECTOR,BM25",False,False,0,0,0,False,,,,,,,,1.0,True,True,True,True,True,0,1,UNDETERMINED,Otherwise: Undetermined due to insufficient matches or multiple critical mismatches.,"A,B,F,G",,UNREVIEWED,,
M010789,M011497,Oil India Limited,Oil India Limited,"HIRING SERVICES OF 1 ONE NO BRAND NEW 32 plus 1 SEATER MINI BUS DIESEL DRIVEN, BS IV, BRAND TATA MODEL STARBUS STD LPO 7.5 by 42 FOR PLYING AT PS 6, BONGAIGAON FOR A PERIOD OF 4 FOUR YEARS","Hiring of One Brand New Tata Star Bus SKOOL or Equivalent , BS VI, 35+1, Seating capacity diesel driven bus for operating at PS3 Jorhat for a period of Four (04) years",0.790541604092138,48.4036455014799,23,"VECTOR,BM25",False,False,0,0,0,False,,,,,,,,1.0,True,True,True,True,True,0,1,UNDETERMINED,Otherwise: Undetermined due to insufficient matches or multiple critical mismatches.,"F,G",,UNREVIEWED,,
M014695,M005262,Oil India Limited,Oil India Limited,"Providing services for various metal fabrication and other misc station operation related jobs at Pump Station 3 for (01 Year) expendable by another 6 (Six) Months under Operation Section, PS-3, Jorha",Providing services for various metal fabrication and other miscellaneous station operation related jobs at Pump Station 4 for a period of 01 Year extendable by another 6 (Six) Months,0.828834055939698,66.93691450380642,7,"VECTOR,BM25",False,False,0,0,0,False,,,,,,,,1.0,True,True,True,True,True,0,1,UNDETERMINED,Otherwise: Undetermined due to insufficient matches or multiple critical mismatches.,"B,F,G",,UNREVIEWED,,
M019682,M019683,Oil India Limited,Oil India Limited,Hiring the services of 34 (thirty-four) Nos. readily available 42-48 seater fully built diesel buses for a period of 06(six) months,Hiring the services of 60 (sixty) Nos. readily available 24-28 seater fully built diesel buses for a period of 06 (six) months,0.935413262842397,58.79015772822544,2,"VECTOR,BM25",False,False,0,0,0,False,,,,,,,,1.0,True,True,True,True,True,0,0,UNDETERMINED,Otherwise: Undetermined due to insufficient matches or multiple critical mismatches.,"A,F",,UNREVIEWED,,
M006411,M017473,Oil India Limited,Oil India Limited,139.7 mm N-80 Casing,supply of 7” Premium Casing,0.761359355863018,0.0,43,VECTOR,False,False,0,0,0,False,,,,,,,,1.0,True,True,True,True,True,0,1,UNDETERMINED,Otherwise: Undetermined due to insufficient matches or multiple critical mismatches.,"F,G",,UNREVIEWED,,
M001176,M019883,NTPC Limited,Oil India Limited,350 NB ERW Pipes (FE410) for thickness range 6.3 to 10 mm (CAT-1),"LINE PIPE,1"",BLACK STEEL,ERW,SCREWED",0.786166193998879,0.0,36,VECTOR,True,False,1,2,1,False,,,,,,,,1.0,True,True,True,True,True,0,1,UNDETERMINED,Otherwise: Undetermined due to insufficient matches or multiple critical mismatches.,"D,F,G",,UNREVIEWED,,
M010876,M009560,Oil India Limited,Oil India Limited,"HIRING THE SERVICES OF DESIGN, DETAIL ENGINEERING & INSTALLATION OF 355.6 MM OD PIPELINE BY HORIZONTAL DIRECTIONAL DRILLING METHOD AT KOSHI RIVER CROSSINGS INCLUDING LAYING OF APPROXIMATELY 1320 M OF ","Design, Detail Engineering and Installation Of 406.4mm OD Pipeline and OFC by HDD at River Dhansiri B/L (Near NRL), laying, boring, casing at rail crossing and Hookup with existing 16” crude oil pipel",0.715144933986323,71.91967188521491,6,"VECTOR,BM25",False,False,3,3,0,True,0.0,,,,,,,1.0,False,True,True,True,True,1,1,DISTINCT,Technical conflict detected.; Priority 1: Distinct due to explicit technical conflict.,"B,C,F,H",,UNREVIEWED,,
M010876,M018441,Oil India Limited,Oil India Limited,"HIRING THE SERVICES OF DESIGN, DETAIL ENGINEERING & INSTALLATION OF 355.6 MM OD PIPELINE BY HORIZONTAL DIRECTIONAL DRILLING METHOD AT KOSHI RIVER CROSSINGS INCLUDING LAYING OF APPROXIMATELY 1320 M OF ","Design, Detail Engineering and Installation of 406.4 mm OD Pipeline and OFC by HDD at River Difolu (2 nos.)(PLKm 204) and River Kalyani (NSPL Km 4), and Hookup with existing 16 inch crude oil as well ",0.713809897717443,70.47920500144373,7,"VECTOR,BM25",False,False,3,3,0,True,0.0,,,,,,,1.0,False,True,True,True,True,1,1,DISTINCT,Technical conflict detected.; Priority 1: Distinct due to explicit technical conflict.,"B,C,F,H",,UNREVIEWED,,
M010876,M003335,Oil India Limited,Oil India Limited,"HIRING THE SERVICES OF DESIGN, DETAIL ENGINEERING & INSTALLATION OF 355.6 MM OD PIPELINE BY HORIZONTAL DIRECTIONAL DRILLING METHOD AT KOSHI RIVER CROSSINGS INCLUDING LAYING OF APPROXIMATELY 1320 M OF ","Design, Detail Engineering and Installation of 406.4 mm OD Pipeline and OFC by HDD at River Difolu (2 nos.)(PLKm 204) and River Kalyani (NSPL Km 4), and Hookup with existing 16 inch crude oil as well ",0.713809897717443,70.47920500144373,8,"VECTOR,BM25",False,False,3,3,0,True,0.0,,,,,,,1.0,False,True,True,True,True,1,1,DISTINCT,Technical conflict detected.; Priority 1: Distinct due to explicit technical conflict.,"B,C,F,H",,UNREVIEWED,,
M010876,M009559,Oil India Limited,Oil India Limited,"HIRING THE SERVICES OF DESIGN, DETAIL ENGINEERING & INSTALLATION OF 355.6 MM OD PIPELINE BY HORIZONTAL DIRECTIONAL DRILLING METHOD AT KOSHI RIVER CROSSINGS INCLUDING LAYING OF APPROXIMATELY 1320 M OF ","Design, Detail Engineering and Installation Of 406.4mm OD Pipeline and OFC by HDD at River Buridehing (PLKM 3.5), laying, boring, casing at rail crossing and Hookup with existing 16” crude oil pipelin",0.707140203841186,69.13661537460682,9,"VECTOR,BM25",False,False,3,3,0,True,0.0,,,,,,,1.0,False,True,True,True,True,1,1,DISTINCT,Technical conflict detected.; Priority 1: Distinct due to explicit technical conflict.,"B,C,F,H",,UNREVIEWED,,
M021031,M005831,Oil India Limited,Oil India Limited,Sucker rods etc,Sucker rods etc,0.999753838576182,28.921186304508286,1,"VECTOR,BM25",False,True,0,0,0,False,,,,,,,,1.0,True,True,True,True,True,0,0,UNDETERMINED,Otherwise: Undetermined due to insufficient matches or multiple critical mismatches.,"A,E,F",,UNREVIEWED,,
M020532,M005343,Oil India Limited,Oil India Limited,"Renovation of Materials Department Office, including supply of all materials except cement inside OIL Industrial Area, Moran, Charaideo","Renovation of Materials Department Office, including supply of all materials except cement inside OIL Industrial Area, Moran, Charaideo",0.999880483020892,63.29174717135234,1,"VECTOR,BM25",False,True,0,0,0,False,,,,,,,,1.0,True,True,True,True,True,0,0,UNDETERMINED,Otherwise: Undetermined due to insufficient matches or multiple critical mismatches.,"A,B,E,F",,UNREVIEWED,,
M021376,M007862,Oil India Limited,Oil India Limited,Torque Wrench,Bolts and Nuts,0.739008483669654,0.0,41,VECTOR,False,False,0,0,0,False,,,,,,,,1.0,True,True,True,True,True,0,0,UNDETERMINED,Otherwise: Undetermined due to insufficient matches or multiple critical mismatches.,F,,UNREVIEWED,,
M006876,M006743,Oil India Limited,Oil India Limited,Alloy Steel Stud Bolt,"ALLOY STEEL FULL THREADED STUD BOLT, MATERIAL - ASTM A-193, GRADE B7 OR EN19 WITH 2 (TWO) HEAVY HEXAGONAL NUTS",0.795380501975747,0.0,16,VECTOR,False,False,1,0,1,False,,,,,,,,1.0,True,True,True,True,True,0,1,UNDETERMINED,Otherwise: Undetermined due to insufficient matches or multiple critical mismatches.,"F,G",,UNREVIEWED,,
M006095,M021304,Oil India Limited,Oil India Limited,TELEPHONE INSTRUMENTS WITH CALLER ID,TELEPHONE INSTRUMENTS WITH CALLER ID,0.999886114725133,47.03208196722974,1,"VECTOR,BM25",False,True,0,0,0,False,,,,,,,,1.0,True,True,True,True,True,0,0,UNDETERMINED,Otherwise: Undetermined due to insufficient matches or multiple critical mismatches.,"A,E,F",,UNREVIEWED,,
M006790,M006788,Oil India Limited,Oil India Limited,API 6A Gate Valve; Qty: 250 Nos,API 6A Gate Valve. Qty. : 250 Nos,0.842282992361509,34.889039941142585,3,"VECTOR,BM25",False,True,0,0,0,False,,,,,1.0,,,1.0,True,True,True,True,False,1,0,UNDETERMINED,Otherwise: Undetermined due to insufficient matches or multiple critical mismatches.,"E,F",,UNREVIEWED,,
M014704,M014706,Oil India Limited,Oil India Limited,"Providing services of API quality Welding, Fabrication & Fitting of pipeline related to various Pipeline Maintenance jobs viz repair of pilferage point, fabrication / fitting / modification of pipelin","Providing services of API quality Welding, Fabrication & fitting of hydrocarbon pipeline related to various Pipeline Maintenance Jobs viz repair of pilferage point, fabrication/fitting/modification of",0.963464664254191,91.7445493570828,4,"VECTOR,BM25",False,False,0,0,0,False,,,,,,,,1.0,True,True,True,True,True,0,1,UNDETERMINED,Otherwise: Undetermined due to insufficient matches or multiple critical mismatches.,"A,B,F,G",,UNREVIEWED,,
M018275,M003172,Oil India Limited,Oil India Limited,"Construction of New RCC framed Brick Boundary Wall of 230mm thick, 3.05m height and 600mm Y-overhang with concertina coil by dismantling of old wall from E-92 to DX-Turning, Duliajan including supply ","Construction of New RCC framed Brick Boundary Wall of 230mm thick, 3.05m height and 600mm Y-overhang with concertina coil by dismantling of old wall from DZ-16 to E-92, Duliajan including supply of al",0.958271124974553,97.65826874939148,3,"VECTOR,BM25",False,False,0,0,0,False,1.0,,,,,,,1.0,False,True,True,True,True,1,0,IDENTICAL,Priority 2: Identical because all available critical technical attributes match.,"A,B,F",,UNREVIEWED,,
M014704,M014593,Oil India Limited,Oil India Limited,"Providing services of API quality Welding, Fabrication & Fitting of pipeline related to various Pipeline Maintenance jobs viz repair of pilferage point, fabrication / fitting / modification of pipelin","Provide services of API quality Welding, Fabrication &amp; Fitting of pipeline related to various Pipeline Maintenance jobs under PLM Section, PHQ, Guwhati,",0.960747705340891,76.12463835383254,5,"VECTOR,BM25",False,False,0,0,0,False,,,,,,,,1.0,True,True,True,True,True,0,1,UNDETERMINED,Otherwise: Undetermined due to insufficient matches or multiple critical mismatches.,"A,B,F,G",,UNREVIEWED,,
M017459,M006794,Oil India Limited,Oil India Limited,"i) HAND WHEEL OPERATED API 6D, THROUGH CONDUIT, API MONOGRAMMED, FIRE SAFE TO API 6FA, PRESSURE BALANCED TYPE, RISING STEM GATE VALVE COMPLETE WITH NECESSARY COMPANION WELD NECK FLANGES AND RTJ GASKET",API 6D Ball Valve. Qty: 24 Nos,0.747298081714212,0.0,10,VECTOR,False,False,1,1,0,True,,,,,0.0,,,1.0,True,True,True,True,False,1,1,DISTINCT,Technical conflict detected.; Priority 1: Distinct due to explicit technical conflict.,"C,F",,UNREVIEWED,,
M021297,M020121,Oil India Limited,Oil India Limited,Surface Memory Gauge,Non-Contact Digital Tachometer,0.713351104421575,0.0,49,VECTOR,False,False,0,0,0,False,,,,,,,,1.0,True,True,True,True,True,0,1,UNDETERMINED,Otherwise: Undetermined due to insufficient matches or multiple critical mismatches.,"F,G",,UNREVIEWED,,
M004541,M012720,Oil India Limited,Oil India Limited,"Hiring the services of Sanitary Clean up and Special mail services under Operation Section, PS-3, Jorhat for a period of 03 years","Hiring the services of Sanitary Clean up and Special mail services under Operation Section, PS-3 Jorhat for a period of 2 years extendable by 1 year",0.968381567975553,60.9890067680601,2,"VECTOR,BM25",False,False,0,0,0,False,,,,,,,,1.0,True,True,True,True,True,0,1,UNDETERMINED,Otherwise: Undetermined due to insufficient matches or multiple critical mismatches.,"A,B,F,G",,UNREVIEWED,,
M010358,M020783,Oil India Limited,Oil India Limited,"GAUGE, WIRE, IRON, GALVANISED",SUPPLY OF 9 METER GALVANISED IRON STEEL TUBULAR POLE,0.730271763510252,14.055522617162094,26,"VECTOR,BM25",False,False,0,0,0,False,,,,,,,,1.0,True,True,True,True,True,0,1,UNDETERMINED,Otherwise: Undetermined due to insufficient matches or multiple critical mismatches.,"F,G",,UNREVIEWED,,
M020117,M005008,Oil India Limited,Oil India Limited,"Nitrogen booster pump unit, Qty = 2 Nos",PNEUMATIC VOLUME BOOSTER RELAY,0.70473763845318,0.0,19,VECTOR,False,False,0,0,0,False,,,,,,,,1.0,True,True,True,True,True,0,1,UNDETERMINED,Otherwise: Undetermined due to insufficient matches or multiple critical mismatches.,"F,G",,UNREVIEWED,,
M015157,M013907,Oil India Limited,Oil India Limited,Repairing of RCC roof at AX and BX type quarters at PHQ Noonmati (8 Nos BX and 4 Nos AX type blocks),Outside repainting of TDX & DDX Block including minor repair works etc. at PHQ Noonmati,0.753806064241464,0.0,14,VECTOR,False,False,0,0,0,False,,,,,,,,1.0,True,True,True,True,True,0,1,UNDETERMINED,Otherwise: Undetermined due to insufficient matches or multiple critical mismatches.,"F,G",,UNREVIEWED,,
M017459,M017835,Oil India Limited,Oil India Limited,"i) HAND WHEEL OPERATED API 6D, THROUGH CONDUIT, API MONOGRAMMED, FIRE SAFE TO API 6FA, PRESSURE BALANCED TYPE, RISING STEM GATE VALVE COMPLETE WITH NECESSARY COMPANION WELD NECK FLANGES AND RTJ GASKET",API 6D ball valve,0.710095478053398,0.0,27,VECTOR,False,False,1,1,0,True,,,,,0.0,,,1.0,True,True,True,True,False,1,1,DISTINCT,Technical conflict detected.; Priority 1: Distinct due to explicit technical conflict.,"C,F",,UNREVIEWED,,
M016657,M016642,Oil India Limited,Oil India Limited,"Supply, Installation & Commissioning of Manage Engine Desktop central (Q3) , Supply, Installation & Commissioning of Manage Engine Service Desk Plus (Q3)","Supply, Installation & Commissioning of 40 KVA Diesel Engine",0.754672944508574,43.656371015413114,3,"VECTOR,BM25",False,False,0,0,0,False,,,,,,,,1.0,True,True,True,True,True,0,1,UNDETERMINED,Otherwise: Undetermined due to insufficient matches or multiple critical mismatches.,"F,G",,UNREVIEWED,,
M010877,M018441,Oil India Limited,Oil India Limited,"HIRING THE SERVICES OF DESIGN, DETAIL ENGINEERING & INSTALLATION OF 355.6 MM OD PIPELINE BY HORIZONTAL DIRECTIONAL DRILLING METHOD AT RIVER MAHANANDA III CROSSINGS INCLUDING LAYING OF APPROXIMATELY 86","Design, Detail Engineering and Installation of 406.4 mm OD Pipeline and OFC by HDD at River Difolu (2 nos.)(PLKm 204) and River Kalyani (NSPL Km 4), and Hookup with existing 16 inch crude oil as well ",0.704463509470977,69.36712861419214,7,"VECTOR,BM25",False,False,3,3,0,True,0.0,,,,,,,1.0,False,True,True,True,True,1,1,DISTINCT,Technical conflict detected.; Priority 1: Distinct due to explicit technical conflict.,"B,C,F,H",,UNREVIEWED,,
M010877,M003335,Oil India Limited,Oil India Limited,"HIRING THE SERVICES OF DESIGN, DETAIL ENGINEERING & INSTALLATION OF 355.6 MM OD PIPELINE BY HORIZONTAL DIRECTIONAL DRILLING METHOD AT RIVER MAHANANDA III CROSSINGS INCLUDING LAYING OF APPROXIMATELY 86","Design, Detail Engineering and Installation of 406.4 mm OD Pipeline and OFC by HDD at River Difolu (2 nos.)(PLKm 204) and River Kalyani (NSPL Km 4), and Hookup with existing 16 inch crude oil as well ",0.704463509470977,69.36712861419214,8,"VECTOR,BM25",False,False,3,3,0,True,0.0,,,,,,,1.0,False,True,True,True,True,1,1,DISTINCT,Technical conflict detected.; Priority 1: Distinct due to explicit technical conflict.,"B,C,F,H",,UNREVIEWED,,
M010877,M009560,Oil India Limited,Oil India Limited,"HIRING THE SERVICES OF DESIGN, DETAIL ENGINEERING & INSTALLATION OF 355.6 MM OD PIPELINE BY HORIZONTAL DIRECTIONAL DRILLING METHOD AT RIVER MAHANANDA III CROSSINGS INCLUDING LAYING OF APPROXIMATELY 86","Design, Detail Engineering and Installation Of 406.4mm OD Pipeline and OFC by HDD at River Dhansiri B/L (Near NRL), laying, boring, casing at rail crossing and Hookup with existing 16” crude oil pipel",0.720296920330056,70.28123668465501,6,"VECTOR,BM25",False,False,3,3,0,True,0.0,,,,,,,1.0,False,True,True,True,True,1,1,DISTINCT,Technical conflict detected.; Priority 1: Distinct due to explicit technical conflict.,"B,C,F,H",,UNREVIEWED,,
M018275,M003163,Oil India Limited,Oil India Limited,"Construction of New RCC framed Brick Boundary Wall of 230mm thick, 3.05m height and 600mm Y-overhang with concertina coil by dismantling of old wall from E-92 to DX-Turning, Duliajan including supply ","Construction of New Boundary Wall by dismantling of old wall at BX plus area, Duliajan including supply of all materials except cement",0.741149199596571,64.04192566686895,26,"VECTOR,BM25",False,False,0,0,0,False,,,,,,,,1.0,True,True,True,True,True,0,1,UNDETERMINED,Otherwise: Undetermined due to insufficient matches or multiple critical mismatches.,"B,F,G",,UNREVIEWED,,
M006790,M006795,Oil India Limited,Oil India Limited,API 6A Gate Valve; Qty: 250 Nos,API 6D Ball Valves (03 Items); Total Qty.: 12 Nos,0.795181614158052,0.0,29,VECTOR,False,False,0,0,0,True,,,,,0.0,,,1.0,True,True,True,True,False,1,1,DISTINCT,Technical conflict detected.; Priority 1: Distinct due to explicit technical conflict.,"C,F",,UNREVIEWED,,
M010877,M009565,Oil India Limited,Oil India Limited,"HIRING THE SERVICES OF DESIGN, DETAIL ENGINEERING & INSTALLATION OF 355.6 MM OD PIPELINE BY HORIZONTAL DIRECTIONAL DRILLING METHOD AT RIVER MAHANANDA III CROSSINGS INCLUDING LAYING OF APPROXIMATELY 86","Design, Detail Engineering and Installation of 406.4mm OD Pipeline and OFC by HDD at River Dhansiri",0.701508782873099,67.71032800824777,10,"VECTOR,BM25",False,False,3,3,0,True,0.0,,,,,,,1.0,False,True,True,True,True,1,1,DISTINCT,Technical conflict detected.; Priority 1: Distinct due to explicit technical conflict.,"B,C,F,H",,UNREVIEWED,,
M001175,M000917,NTPC Limited,NTPC Limited,300 NB ERW Pipes (FE410) for thickness range 6.3 to 10 mm (CAT-I),"PIPE:BLK, CORTEN,A423GR1,ERW,2MM,40MM",0.803319888219995,17.86748482376383,14,"VECTOR,BM25",False,False,1,2,1,True,0.0,,,,,,,1.0,False,True,True,True,True,1,1,DISTINCT,Technical conflict detected.; Priority 1: Distinct due to explicit technical conflict.,"C,F",,UNREVIEWED,,
M002101,M000440,NTPC Limited,Indian Oil Corporation Limited,Procurement of Conveyor Belt for CHP NTPC Kanti,Steel Conveyor Belt,0.732795780659679,19.540580752910685,11,"VECTOR,BM25",True,False,0,0,0,False,,,,,,,,0.0,True,True,True,True,True,0,1,UNDETERMINED,Otherwise: Undetermined due to insufficient matches or multiple critical mismatches.,"D,F,G",,UNREVIEWED,,
M007222,M014061,Oil India Limited,Oil India Limited,Bids for CGI SHEET (4000 Nos),PROCUREMENT OF CGI SHEET (QTY-4000 NOs),0.89984083872581,23.300532372948382,8,"VECTOR,BM25",False,False,0,0,0,False,,,,,,,,1.0,True,True,True,True,True,0,1,UNDETERMINED,Otherwise: Undetermined due to insufficient matches or multiple critical mismatches.,"A,F,G",,UNREVIEWED,,
M018276,M003174,Oil India Limited,Oil India Limited,"Construction of New RCC framed Brick Boundary Wall of 230mm thick, 3.05m height and 600mm Y-overhang with concertina coil by dismantling of old wall/ Barbed wire fence at Kendriya Vidyalaya, Duliajan ","Construction of New RCC framed Brick Boundary Wall of 230mm thick, 3.05m height and 600mm Y-overhang with concertina coil by dismantling of old wall/ Barbed wire fence at Kendriya Vidyalaya, Duliajan ",0.98032872140932,108.8627175647531,1,"VECTOR,BM25",False,True,0,0,0,False,1.0,,,,,,,1.0,False,True,True,True,True,1,0,IDENTICAL,Priority 2: Identical because all available critical technical attributes match.,"A,B,E,F",,UNREVIEWED,,
M001175,M019933,NTPC Limited,Oil India Limited,300 NB ERW Pipes (FE410) for thickness range 6.3 to 10 mm (CAT-I),"Line Pipe - 3/4"" ERW Galvanised Screwed",0.759981936365827,14.927776764172476,27,"VECTOR,BM25",True,False,1,2,1,False,,,,,,,,1.0,True,True,True,True,True,0,1,UNDETERMINED,Otherwise: Undetermined due to insufficient matches or multiple critical mismatches.,"D,F,G",,UNREVIEWED,,
M007222,M016312,Oil India Limited,Oil India Limited,Bids for CGI SHEET (4000 Nos),Supply of CGI Sheet (Qnty:-3500 Nos.),0.870846700938228,14.812350415561639,12,"VECTOR,BM25",False,False,0,0,0,False,,,,,,,,1.0,True,True,True,True,True,0,1,UNDETERMINED,Otherwise: Undetermined due to insufficient matches or multiple critical mismatches.,"A,F,G",,UNREVIEWED,,
M011613,M010691,Oil India Limited,Oil India Limited,"Hiring of Services for Laying of approx 3.6 KM X 400 mm 16 inch NB Gas line for OCS 1, 2, 6, 8 and Shalmari to bypass Duliajan College Road as per ASME B31.8 in the state of Assam","HIRING OF SERVICES FOR LAYING OF 250 MM NB, 11 KM GAS PIPELINE FROM BAREKURI EPS TO LOC#HNE IN THE STATE OF ASSAM",0.705755047127113,42.10680132118367,5,"VECTOR,BM25",False,False,1,2,1,True,0.0,,,,,,,1.0,False,True,True,True,True,1,1,DISTINCT,Technical conflict detected.; Priority 1: Distinct due to explicit technical conflict.,"C,F",,UNREVIEWED,,
M010976,M011891,Oil India Limited,Oil India Limited,"Health Assessment (Non Destructive Testing) of Production Installations, for a period of 1 year with a provision of extension by another 6 months and under frame work concept for a period of 2 years",Hiring of services for Health Assessment (Non Destructive Testing) of Production installations of Oil India Limited,0.7795094270299,63.98924552691487,3,"VECTOR,BM25",False,False,0,0,0,False,,,,,,,,1.0,True,True,True,True,True,0,1,UNDETERMINED,Otherwise: Undetermined due to insufficient matches or multiple critical mismatches.,"B,F,G",,UNREVIEWED,,
M000370,M017341,Indian Oil Corporation Limited,Oil India Limited,Planetary Mixer & Vibrating table,WORK BENCH TABLES & HIGH CHAIR,0.70309575473303,0.0,23,VECTOR,True,False,0,0,0,False,,,,,,,,0.0,True,True,True,True,True,0,0,UNDETERMINED,Otherwise: Undetermined due to insufficient matches or multiple critical mismatches.,"D,F",,UNREVIEWED,,
M005699,M005698,Oil India Limited,Oil India Limited,Saw Dust. Saw Dust,Saw Dust Saw Dust,0.991844872503645,77.00603057176866,2,"VECTOR,BM25",False,True,0,0,0,False,,,,,,,,1.0,True,True,True,True,True,0,0,UNDETERMINED,Otherwise: Undetermined due to insufficient matches or multiple critical mismatches.,"A,B,E,F",,UNREVIEWED,,
M005699,M020896,Oil India Limited,Oil India Limited,Saw Dust. Saw Dust,Saw Dust Saw Dust,0.991831013697726,77.00603057176866,3,"VECTOR,BM25",False,True,0,0,0,False,,,,,,,,1.0,True,True,True,True,True,0,0,UNDETERMINED,Otherwise: Undetermined due to insufficient matches or multiple critical mismatches.,"A,B,E,F",,UNREVIEWED,,
M005276,M020464,Oil India Limited,Oil India Limited,"Providing the services for repair / maintenance (preventive / breakdown ) jobs for Duliajan- Digboi crude oil Pipeline including handling, cleaning and transportation of Crude oil / Wax / Sludge from ","Providing the services for repair / maintenance (preventive / breakdown ) jobs for Duliajan- Digboi crude oil Pipeline including handling, cleaning and transportation of Crude oil / Wax / Sludge from ",0.99982274688126,166.87207079521045,1,"VECTOR,BM25",False,True,0,0,0,False,,,,,,,,1.0,True,True,True,True,True,0,0,UNDETERMINED,Otherwise: Undetermined due to insufficient matches or multiple critical mismatches.,"A,B,E,F",,UNREVIEWED,,
M012735,M014242,Oil India Limited,Oil India Limited,Hiring the services of Three Sets of Well Servicing Unit for a period of four Years,PROVISION FOR HIRING OF SERVICES OF READILY AVAILABLE TWO (2) TRUCKS,0.721333773328268,0.0,27,VECTOR,False,False,0,0,0,False,,,,,,,,1.0,True,True,True,True,True,0,1,UNDETERMINED,Otherwise: Undetermined due to insufficient matches or multiple critical mismatches.,"F,G",,UNREVIEWED,,
M004744,M019913,Oil India Limited,Oil India Limited,"Laying / construction of 200mm NB diameter, 3.5 KM long 3LPE coated Gas pipeline from Langkashi OCS/GCS to Kathalguri OCS/GCS and 150mm NB diameter, 7.0 KM long 3LPE coated Crude Oil delivery pipeline","Laying / construction of 200mm NB diameter, 3.5 KM long 3LPE coated Gas pipeline from Langkashi OCS/GCS to Kathalguri OCS/GCS and 150mm NB diameter, 7.0 KM long 3LPE coated Crude Oil delivery pipeline",0.979825225790314,177.43470147871736,1,"VECTOR,BM25",False,True,0,1,1,False,1.0,,,,,,,1.0,False,True,True,True,True,1,0,IDENTICAL,Priority 2: Identical because all available critical technical attributes match.,"A,B,E,F",,UNREVIEWED,,
M001891,M001889,NTPC Limited,NTPC Limited,"Lumpsum based - CRN 4453 Biennial Maintenance Contract For PTS -2 Horticulture Area And Supply of Items General Maintenance of Plant (Mowing, Strimming, Laying, Sweeping, Watering, Weeding)","Lumpsum based - CRN 4451 Biennial Maintenance Contract For ETS Horticulture Area And Supply of Items General Maintenance of Plant (Mowing, Strimming, Laying, Sweeping, Watering, Weeding)",0.921542681574222,95.30945272141268,2,"VECTOR,BM25",False,False,0,0,0,False,,,,,,,,1.0,True,True,True,True,True,0,0,UNDETERMINED,Otherwise: Undetermined due to insufficient matches or multiple critical mismatches.,"A,B,F",,UNREVIEWED,,
M019806,M018457,Oil India Limited,Oil India Limited,"Improvement of Approach Road of approximate length 900.0 m, Construction of Well plinth , Road over plinth, Construction of CC/RCC Foundation to suit DM-05 rig outfit at any other water disposal well ","Development of Approach Road, Construction of Well plinth including perimeter dwarf wall, Road over plinth, construction of CC/RCC Foundation to suit E-1400 AC/SCR Rig outfit at any other drilling loc",0.807524900798111,94.14058391394124,4,"VECTOR,BM25",False,False,0,0,0,False,,,,,,,,1.0,True,True,True,True,True,0,1,UNDETERMINED,Otherwise: Undetermined due to insufficient matches or multiple critical mismatches.,"B,F,G",,UNREVIEWED,,
M004744,M004745,Oil India Limited,Oil India Limited,"Laying / construction of 200mm NB diameter, 3.5 KM long 3LPE coated Gas pipeline from Langkashi OCS/GCS to Kathalguri OCS/GCS and 150mm NB diameter, 7.0 KM long 3LPE coated Crude Oil delivery pipeline","Laying / construction of 250mm NB diameter, 3LPE coated Gas Distribution pipeline from Moran OCS to Lakwagaon GGS in OILs Operational Area in the state of Assam",0.819077404712894,81.05159339055743,10,"VECTOR,BM25",False,False,0,1,1,True,0.0,,,,,,,1.0,False,True,True,True,True,1,1,DISTINCT,Technical conflict detected.; Priority 1: Distinct due to explicit technical conflict.,"B,C,F",,UNREVIEWED,,
M000832,M018030,NTPC Limited,Oil India Limited,"CABLE, PWR, 150MM2, 1C, STRANDED, AL, 11KV , CABLE,","Cable, 3.5C x 240 sqmm, 1100V, PVCA Alu (Q3) , Cable, 3C x 240 mm2, 11kV (UE) , XLPE Alu",0.78594888069395,23.95181957006633,15,"VECTOR,BM25",True,False,0,0,0,False,,,,,,,,1.0,True,True,True,True,True,0,1,UNDETERMINED,Otherwise: Undetermined due to insufficient matches or multiple critical mismatches.,"D,F,G",,UNREVIEWED,,
M001480,M008769,NTPC Limited,Oil India Limited,"Construction of PCC Road in Balkudra Village, Patratu under PVUNL CD Works","Construction of Pucca Road over the existing road by providing GSB, WBM,80 mm CC Paver Block & 40mm SDBC from Alimur Tinali to Dikom railway crossing, including supply of all materials except cement",0.700809747903489,0.0,9,VECTOR,True,False,0,0,0,False,,,,,,,,1.0,True,True,True,True,True,0,1,UNDETERMINED,Otherwise: Undetermined due to insufficient matches or multiple critical mismatches.,"D,F,G",,UNREVIEWED,,
M019806,M003349,Oil India Limited,Oil India Limited,"Improvement of Approach Road of approximate length 900.0 m, Construction of Well plinth , Road over plinth, Construction of CC/RCC Foundation to suit DM-05 rig outfit at any other water disposal well ","Development of Approach Road, Construction of Well plinth, Road over plinth, construction of CC/RCC Foundationstion to suit E-1400 AC/SCR Rig outfit at any other drilling location at Shalmari, Tinali ",0.729748700098224,89.97066351546057,22,"VECTOR,BM25",False,False,0,0,0,False,,,,,,,,1.0,True,True,True,True,True,0,1,UNDETERMINED,Otherwise: Undetermined due to insufficient matches or multiple critical mismatches.,"B,F,G",,UNREVIEWED,,
M004744,M013253,Oil India Limited,Oil India Limited,"Laying / construction of 200mm NB diameter, 3.5 KM long 3LPE coated Gas pipeline from Langkashi OCS/GCS to Kathalguri OCS/GCS and 150mm NB diameter, 7.0 KM long 3LPE coated Crude Oil delivery pipeline",Laying of 200mm NB *13 Km long Gas Pipeline from Bhekulajan to Hatiali,0.73169913589929,63.4524525495595,28,"VECTOR,BM25",False,False,0,1,1,False,1.0,,,,,,,1.0,False,True,True,True,True,1,1,VARIANT_OF,Priority 3: Variant because core technical identity matches but additional compatible attributes exist.,"B,F,G",,UNREVIEWED,,
M019806,M018458,Oil India Limited,Oil India Limited,"Improvement of Approach Road of approximate length 900.0 m, Construction of Well plinth , Road over plinth, Construction of CC/RCC Foundation to suit DM-05 rig outfit at any other water disposal well ","Development of Approach Road, Construction of Well plinth, Road over plinth, Construction of CC/RCC Foundations to suit VFD-2 (E-2000) Rig Outfit at any other drilling location at Demow, Thowra, Kacha",0.72068067239922,86.24290896357758,23,"VECTOR,BM25",False,False,0,0,0,False,,,,,,,,1.0,True,True,True,True,True,0,1,UNDETERMINED,Otherwise: Undetermined due to insufficient matches or multiple critical mismatches.,"B,F,G",,UNREVIEWED,,
M017564,M019109,Oil India Limited,Oil India Limited,Hiring of Cementing Services along with 04 (Four) no. of Cementing Units,Hiring of Cementing Services along with 04 (Four) no. of Cementing Units,0.999869147844947,55.87117540774156,1,"VECTOR,BM25",False,True,0,0,0,False,,,,,,,,1.0,True,True,True,True,True,0,0,UNDETERMINED,Otherwise: Undetermined due to insufficient matches or multiple critical mismatches.,"A,E,F",,UNREVIEWED,,
M004744,M004751,Oil India Limited,Oil India Limited,"Laying / construction of 200mm NB diameter, 3.5 KM long 3LPE coated Gas pipeline from Langkashi OCS/GCS to Kathalguri OCS/GCS and 150mm NB diameter, 7.0 KM long 3LPE coated Crude Oil delivery pipeline","Laying/construction of 3LPE coated Crude Oil and Gas pipeline for Dinjan-Dhakuwal-Makum Pipeline Project in OIL's Operational Areas of Oil India Limited, Assam (Part 1: Dinjan to Dhakuwal)",0.719255323379682,64.60029686120117,31,"VECTOR,BM25",False,False,1,1,0,False,,,,,,,,1.0,True,True,True,True,True,0,1,UNDETERMINED,Otherwise: Undetermined due to insufficient matches or multiple critical mismatches.,"B,F,G",,UNREVIEWED,,
M004744,M019912,Oil India Limited,Oil India Limited,"Laying / construction of 200mm NB diameter, 3.5 KM long 3LPE coated Gas pipeline from Langkashi OCS/GCS to Kathalguri OCS/GCS and 150mm NB diameter, 7.0 KM long 3LPE coated Crude Oil delivery pipeline",Laying / construction of 150mm NB diameter storm water despatch pipeline from Oil Hospital to Dihing River (of length 4 kms with looping of additional 2.5 kms) in OILs operational areas of Assam,0.718777514634227,55.004388477168945,32,"VECTOR,BM25",False,False,0,1,1,True,0.0,,,,,,,1.0,False,True,True,True,True,1,1,DISTINCT,Technical conflict detected.; Priority 1: Distinct due to explicit technical conflict.,"C,F",,UNREVIEWED,,
M016437,M016443,Oil India Limited,Oil India Limited,Supply of Listed-I and III WCLs for miscellaneous jobs in Electrical Department for OIL's operational area in Assam and Arunachal Pradesh for a period of 5 years,"Supply of Listed-I, II and III WCLs for miscellaneous jobs in Electrical Department for OIL's operational area in Assam and Arunachal Pradesh fora period of 5 years",0.991884405563408,67.69047332832213,1,"VECTOR,BM25",False,False,0,0,0,False,,,,,,,,1.0,True,True,True,True,True,0,0,UNDETERMINED,Otherwise: Undetermined due to insufficient matches or multiple critical mismatches.,"A,B,F",,UNREVIEWED,,
M015168,M014634,Oil India Limited,Oil India Limited,"Repairing of drain at Tank Farm area of PS3, Jorhat including supply of all materials except cement","Providing Services of miscellaneous Civil maintenance for necessary painting jobs at PS3, Jorhat",0.776196739845706,0.0,19,VECTOR,False,False,0,0,0,False,,,,,,,,1.0,True,True,True,True,True,0,0,UNDETERMINED,Otherwise: Undetermined due to insufficient matches or multiple critical mismatches.,F,,UNREVIEWED,,
M003134,M018280,Oil India Limited,Oil India Limited,"Construction of CC/RCC Rig foundations, improvement & widening of existing road and various Ancillary jobs in Location OBKB of Mahanadi Basin Project in Raipur village area under Basudevpur Tahasil, B","Construction of Plinth, Approach Road to plinth, Road over Plinth, Effluent pits and boundary fencing etc. in Location OBKB of Mahanadi Basin Project in Raipur village area under Basudevpur Tahasil, B",0.691311049809785,71.90075757608247,14,"VECTOR,BM25",False,False,0,0,0,False,,,,,,,,1.0,True,True,True,True,True,0,0,UNDETERMINED,Otherwise: Undetermined due to insufficient matches or multiple critical mismatches.,B,,UNREVIEWED,,
M013664,M004667,Oil India Limited,Oil India Limited,NETWORK ACCESS CONTROL SOLUTION,Integrated Services Network Router,0.722216897133744,8.130266846582897,4,"VECTOR,BM25",False,False,0,0,0,False,,,,,,,,1.0,True,True,True,True,True,0,0,UNDETERMINED,Otherwise: Undetermined due to insufficient matches or multiple critical mismatches.,F,,UNREVIEWED,,
M002599,M016890,Oil India Limited,Oil India Limited,2 Core Steel Conductor Telephone Cable,Telecommunication Cable - Fully filled (Petroleum Jelly or Absorbent Thixotropic Gel) (Q3),0.738514731363799,0.0,46,VECTOR,False,False,0,0,0,False,,,,,,,,1.0,True,True,True,True,True,0,1,UNDETERMINED,Otherwise: Undetermined due to insufficient matches or multiple critical mismatches.,"F,G",,UNREVIEWED,,
M003134,M003126,Oil India Limited,Oil India Limited,"Construction of CC/RCC Rig foundations, improvement & widening of existing road and various Ancillary jobs in Location OBKB of Mahanadi Basin Project in Raipur village area under Basudevpur Tahasil, B","Construction of CC or RCC foundation construction or repairing of Approach road Plinth Hard standing area to suit VFD(E-2000) rig in Dikom,Kathaloni and Bhogpara area or any area under CENTRAL FIELD W",0.712967598592983,0.0,29,VECTOR,False,False,0,0,0,False,,,,,,,,1.0,True,True,True,True,True,0,1,UNDETERMINED,Otherwise: Undetermined due to insufficient matches or multiple critical mismatches.,"F,G",,UNREVIEWED,,
M008657,M008572,Oil India Limited,Oil India Limited,"Construction of Dust Free Bituminous road (Length 200 mtr, width 3.75 mtr) emanating from the existing Sapkaint Gorh Basti Road to the well plinth of SPT#2 & SPT#3 in Shalmari Area, including supply o","Construction of Bituminous road leading to well plinth BGP#007 with 100 mm thick GSB , 150 mm thick WBM , 40 mm SDBC and sealcoat including supply of all materials by the contractor except cement .Tot",0.787009481943047,0.0,16,VECTOR,False,False,0,0,0,True,0.0,,,,,,,1.0,False,True,True,True,True,1,1,DISTINCT,Technical conflict detected.; Priority 1: Distinct due to explicit technical conflict.,"C,F",,UNREVIEWED,,
M017992,M002896,Oil India Limited,Oil India Limited,CO2 CYLINDER REFILLING,CO2 CYLINDER REFILLING,0.999865947043718,32.01085054413686,1,"VECTOR,BM25",False,True,0,0,0,False,,,,,,,,1.0,True,True,True,True,True,0,0,UNDETERMINED,Otherwise: Undetermined due to insufficient matches or multiple critical mismatches.,"A,E,F",,UNREVIEWED,,
M015168,M015094,Oil India Limited,Oil India Limited,"Repairing of drain at Tank Farm area of PS3, Jorhat including supply of all materials except cement","Repairing Renovation of Generator house, Scraper area, Diesel Tank Boundary wall etc at RS-1 under PS-3, Jorhat",0.736824273077161,0.0,50,VECTOR,False,False,0,0,0,False,,,,,,,,1.0,True,True,True,True,True,0,1,UNDETERMINED,Otherwise: Undetermined due to insufficient matches or multiple critical mismatches.,"F,G",,UNREVIEWED,,
M016437,M014639,Oil India Limited,Oil India Limited,Supply of Listed-I and III WCLs for miscellaneous jobs in Electrical Department for OIL's operational area in Assam and Arunachal Pradesh for a period of 5 years,Providing Watch and Ward duty by Listed WCLs round the clock in OIL operational area in Assam,0.704064250368127,0.0,40,VECTOR,False,False,0,0,0,False,,,,,,,,1.0,True,True,True,True,True,0,1,UNDETERMINED,Otherwise: Undetermined due to insufficient matches or multiple critical mismatches.,"F,G",,UNREVIEWED,,
M001174,M019952,NTPC Limited,Oil India Limited,300 NB ERW Pipes (FE410) for thickness range 6.3 to 10 mm (CAT-2),"Line Pipe, Steel, ERW, Size:114.3 mm (4.1/2"")",0.831310973986775,19.23388095620396,9,"VECTOR,BM25",True,False,1,2,1,True,0.0,,,,,,,1.0,False,True,True,True,True,1,1,DISTINCT,Technical conflict detected.; Priority 1: Distinct due to explicit technical conflict.,"C,D,F",,UNREVIEWED,,
M008321,M003028,Oil India Limited,Oil India Limited,"Christmas Tree Assy. , 10000 PSI","Christmas Tree Assy, 5000psi",0.988182259610578,18.85248208918299,2,"VECTOR,BM25",False,False,0,0,0,False,,,,,,,,1.0,True,True,True,True,True,0,0,UNDETERMINED,Otherwise: Undetermined due to insufficient matches or multiple critical mismatches.,"A,F",,UNREVIEWED,,
M000189,M000276,Indian Oil Corporation Limited,Indian Oil Corporation Limited,Fluidized Catalytic Cracking Catalyst,Liquid oxidation Catalyst for spent caustic regeneration,0.736998100629647,8.937912206307074,10,"VECTOR,BM25",False,False,0,0,0,False,,,,,,,,1.0,True,True,True,True,True,0,1,UNDETERMINED,Otherwise: Undetermined due to insufficient matches or multiple critical mismatches.,"F,G",,UNREVIEWED,,
M016661,M000437,Oil India Limited,Indian Oil Corporation Limited,"Supply, Installation & Commissioning of Prime Mover",Steam Turbine,0.77368236427015,0.0,16,VECTOR,True,False,0,0,0,False,,,,,,,,0.0,True,True,True,True,True,0,1,UNDETERMINED,Otherwise: Undetermined due to insufficient matches or multiple critical mismatches.,"D,F,G",,UNREVIEWED,,
M008321,M008319,Oil India Limited,Oil India Limited,"Christmas Tree Assy. , 10000 PSI","Christmas Tree Assembly,703 Kg/Sq.cm., Qty: 20 No",0.864071108158318,16.17229382763941,13,"VECTOR,BM25",False,False,0,0,0,False,,,,,,,,1.0,True,True,True,True,True,0,1,UNDETERMINED,Otherwise: Undetermined due to insufficient matches or multiple critical mismatches.,"A,F,G",,UNREVIEWED,,
M006099,M016938,Oil India Limited,Oil India Limited,THREAD LOCKING COMPOUND,Thread Locking Compound,0.999861464290065,30.609807559341917,1,"VECTOR,BM25",False,True,0,0,0,False,,,,,,,,1.0,True,True,True,True,True,0,0,UNDETERMINED,Otherwise: Undetermined due to insufficient matches or multiple critical mismatches.,"A,E,F",,UNREVIEWED,,
M010092,M010132,Oil India Limited,Oil India Limited,"F L A N G E S FLANGE, FORGED CARBON STEEL, RF, 150 CLASS, THREAD : NPT DIM.: ANSI B16.5, MATERIAL : ASTM A-105. SCOPE OF INSPECTION - B","FLANGE, FORGED CARBON STEEL, RTJ, 5000 PSI, THREAD : API LP, DIM",0.715393380057094,39.59589234206003,1,"VECTOR,BM25",False,False,2,2,0,False,,,1.0,,,,,1.0,True,True,False,True,True,1,1,VARIANT_OF,Priority 3: Variant because core technical identity matches but additional compatible attributes exist.,"F,G,H",,UNREVIEWED,,
M010092,M007853,Oil India Limited,Oil India Limited,"F L A N G E S FLANGE, FORGED CARBON STEEL, RF, 150 CLASS, THREAD : NPT DIM.: ANSI B16.5, MATERIAL : ASTM A-105. SCOPE OF INSPECTION - B","Blind Flange, Forged Carbon Steel, Ring Joint Groove",0.713800089493807,28.343958599298446,2,"VECTOR,BM25",False,False,2,2,0,False,,,1.0,,,,,1.0,True,True,False,True,True,1,1,VARIANT_OF,Priority 3: Variant because core technical identity matches but additional compatible attributes exist.,"F,G,H",,UNREVIEWED,,
M016661,M014571,Oil India Limited,Oil India Limited,"Supply, Installation & Commissioning of Prime Mover","Procurement, Installation & Commissioning of Incinerators alongwith Operational training",0.747967937478628,0.0,34,VECTOR,False,False,0,0,0,False,,,,,,,,1.0,True,True,True,True,True,0,1,UNDETERMINED,Otherwise: Undetermined due to insufficient matches or multiple critical mismatches.,"F,G",,UNREVIEWED,,
M010092,M000856,Oil India Limited,NTPC Limited,"F L A N G E S FLANGE, FORGED CARBON STEEL, RF, 150 CLASS, THREAD : NPT DIM.: ANSI B16.5, MATERIAL : ASTM A-105. SCOPE OF INSPECTION - B",FLANGE-S:ANSI:B16.5 CL-150:SLIP-ON:500MM(20INCH),0.745414403377863,0.0,8,VECTOR,True,False,2,2,0,False,,,,,,,,1.0,True,True,True,True,True,0,1,UNDETERMINED,Otherwise: Undetermined due to insufficient matches or multiple critical mismatches.,"D,F,G,H",,UNREVIEWED,,
M001174,M013187,NTPC Limited,Oil India Limited,300 NB ERW Pipes (FE410) for thickness range 6.3 to 10 mm (CAT-2),"LINE PIPE, 6"" , ERW GALVANISED, SCREWED (Q3)",0.782147418049851,0.0,38,VECTOR,True,False,1,2,1,False,,,,,,,,1.0,True,True,True,True,True,0,1,UNDETERMINED,Otherwise: Undetermined due to insufficient matches or multiple critical mismatches.,"D,F,G",,UNREVIEWED,,
M010092,M000858,Oil India Limited,NTPC Limited,"F L A N G E S FLANGE, FORGED CARBON STEEL, RF, 150 CLASS, THREAD : NPT DIM.: ANSI B16.5, MATERIAL : ASTM A-105. SCOPE OF INSPECTION - B","FLANGE-S:ASA:B16.5 CL-150 A182:SLIP-ON:450MM(18INCH),",0.719795075548452,0.0,10,VECTOR,True,False,2,2,0,False,,,,,,,,1.0,True,True,True,True,True,0,1,UNDETERMINED,Otherwise: Undetermined due to insufficient matches or multiple critical mismatches.,"D,F,G,H",,UNREVIEWED,,
M021317,M001953,Oil India Limited,NTPC Limited,TOWER WORKSTATION,"OPERATION, MAINTENANCE & HOUSEKEEPING OF CENTRAL WORKSHOP MACHINES",0.749561084395796,0.0,36,VECTOR,True,False,0,0,0,False,,,,,,,,1.0,True,True,True,True,True,0,1,UNDETERMINED,Otherwise: Undetermined due to insufficient matches or multiple critical mismatches.,"D,F,G",,UNREVIEWED,,
M002698,M015762,Oil India Limited,Oil India Limited,"8.1/2"" & 17.1/2"" PDC Bits",SUPPLY OF PDC DRILLING BITS,0.786344209533665,18.5895336782338,15,"VECTOR,BM25",False,False,0,0,0,False,,,,,,,,1.0,True,True,True,True,True,0,0,UNDETERMINED,Otherwise: Undetermined due to insufficient matches or multiple critical mismatches.,F,,UNREVIEWED,,
M010092,M010251,Oil India Limited,Oil India Limited,"F L A N G E S FLANGE, FORGED CARBON STEEL, RF, 150 CLASS, THREAD : NPT DIM.: ANSI B16.5, MATERIAL : ASTM A-105. SCOPE OF INSPECTION - B",Flanges Flanges,0.705346307899639,0.0,13,VECTOR,False,False,2,2,0,False,,,,,,,,1.0,True,True,True,True,True,0,1,UNDETERMINED,Otherwise: Undetermined due to insufficient matches or multiple critical mismatches.,"F,G,H",,UNREVIEWED,,
M010092,M000860,Oil India Limited,NTPC Limited,"F L A N G E S FLANGE, FORGED CARBON STEEL, RF, 150 CLASS, THREAD : NPT DIM.: ANSI B16.5, MATERIAL : ASTM A-105. SCOPE OF INSPECTION - B","FLANGE-S:ASA:B16.5 CL-150 A182:SLIP-ON:65MM, FLANGE",0.723246995371841,0.0,9,VECTOR,True,False,2,2,0,False,,,,,,,,1.0,True,True,True,True,True,0,1,UNDETERMINED,Otherwise: Undetermined due to insufficient matches or multiple critical mismatches.,"D,F,G,H",,UNREVIEWED,,
M015605,M016238,Oil India Limited,Oil India Limited,"STAINLESS STEEL X-MASS TREE ASSEMBLY, 65.08MM VERTICAL BORE, 52.38MM HORIZONTAL BORE, WP - 352 KG/CM² AS PER API-6A LATEST EDITION, QTY. – 6 NOS","Supply of 10,000 PSI X-MASS TREE ASSY",0.798679097316066,19.480473560779913,4,"VECTOR,BM25",False,False,0,0,0,False,,,,,,,,1.0,True,True,True,True,True,0,1,UNDETERMINED,Otherwise: Undetermined due to insufficient matches or multiple critical mismatches.,"F,G",,UNREVIEWED,,
M010092,M000857,Oil India Limited,NTPC Limited,"F L A N G E S FLANGE, FORGED CARBON STEEL, RF, 150 CLASS, THREAD : NPT DIM.: ANSI B16.5, MATERIAL : ASTM A-105. SCOPE OF INSPECTION - B","FLANGE-S:ASA:B16.5 CL-150 A182:SLIP-ON:25MM(1INCH,",0.703736150558717,0.0,16,VECTOR,True,False,2,2,0,False,,,,,,,,1.0,True,True,True,True,True,0,1,UNDETERMINED,Otherwise: Undetermined due to insufficient matches or multiple critical mismatches.,"D,F,G,H",,UNREVIEWED,,
M010092,M010972,Oil India Limited,Oil India Limited,"F L A N G E S FLANGE, FORGED CARBON STEEL, RF, 150 CLASS, THREAD : NPT DIM.: ANSI B16.5, MATERIAL : ASTM A-105. SCOPE OF INSPECTION - B","Hanger Flange, 7.1/16"" x 3.1/8"" x 5000 PSI (03563118) (Q3)",0.703467482401388,0.0,17,VECTOR,False,False,2,2,0,False,,,,,,,,1.0,True,True,True,True,True,0,1,UNDETERMINED,Otherwise: Undetermined due to insufficient matches or multiple critical mismatches.,"F,G,H",,UNREVIEWED,,
M010092,M000859,Oil India Limited,NTPC Limited,"F L A N G E S FLANGE, FORGED CARBON STEEL, RF, 150 CLASS, THREAD : NPT DIM.: ANSI B16.5, MATERIAL : ASTM A-105. SCOPE OF INSPECTION - B","FLANGE-S:ASA:B16.5 CL-150 A182:SLIP-ON:50MM(2INCH,",0.702264051273873,0.0,18,VECTOR,True,False,2,2,0,False,,,,,,,,1.0,True,True,True,True,True,0,1,UNDETERMINED,Otherwise: Undetermined due to insufficient matches or multiple critical mismatches.,"D,F,G,H",,UNREVIEWED,,
M020669,M005476,Oil India Limited,Oil India Limited,SCAFFOLDING TUBES AND CLAMPS,SCAFFOLDING TUBES AND CLAMPS,0.999863035315384,33.8919182892182,1,"VECTOR,BM25",False,True,0,0,0,False,,,,,,,,1.0,True,True,True,True,True,0,0,UNDETERMINED,Otherwise: Undetermined due to insufficient matches or multiple critical mismatches.,"A,E,F",,UNREVIEWED,,
M001813,M004294,NTPC Limited,Oil India Limited,"Hiring of Instrument for Performance testing of Boiler, Turbine, Cooling Tower, ESP related to O&M consultancy assignments",Hiring of services for maintenance of Static Boilers and Mobile Steam Generators in OILs operational areas in Assam and Arunachal Pradesh,0.708077335055721,0.0,24,VECTOR,True,False,0,0,0,False,,,,,,,,1.0,True,True,True,True,True,0,1,UNDETERMINED,Otherwise: Undetermined due to insufficient matches or multiple critical mismatches.,"D,F,G",,UNREVIEWED,,
M001177,M004783,NTPC Limited,Oil India Limited,350 NB ERW Pipes (FE410) for thickness range 6.3 to 10 mm (CAT-2),"Line Pipe, Steel, ERW, Size:114.3 mm (4.1/2"")",0.842931148851516,19.23388095620396,10,"VECTOR,BM25",True,False,1,2,1,True,0.0,,,,,,,1.0,False,True,True,True,True,1,1,DISTINCT,Technical conflict detected.; Priority 1: Distinct due to explicit technical conflict.,"C,D,F",,UNREVIEWED,,
M001378,M005210,NTPC Limited,Oil India Limited,Bulk Procurement of Various Amsted Bogie Spares for NTPC Wagons,Procurement of Spares for 1000 Mobile Drilling Rig,0.700693581635694,16.894709394637154,27,"VECTOR,BM25",True,False,0,0,0,False,,,,,,,,1.0,True,True,True,True,True,0,1,UNDETERMINED,Otherwise: Undetermined due to insufficient matches or multiple critical mismatches.,"D,F,G",,UNREVIEWED,,
M001813,M010760,NTPC Limited,Oil India Limited,"Hiring of Instrument for Performance testing of Boiler, Turbine, Cooling Tower, ESP related to O&M consultancy assignments",HIRING SERVICES FOR CARRYING OUT ELECTRICAL SAFETY AUDIT & THERMOGRAPHY SURVEY,0.701997411828683,0.0,32,VECTOR,True,False,0,0,0,False,,,,,,,,1.0,True,True,True,True,True,0,1,UNDETERMINED,Otherwise: Undetermined due to insufficient matches or multiple critical mismatches.,"D,F,G",,UNREVIEWED,,
M017293,M002411,Oil India Limited,NTPC Limited,"Video Recorder For Cctv System-IS 9000 (Q2) , Port Fast Ethernet PoE Switch with 2 Gigabit Uplink (Q3) , Television TV (Q2) , Surveillance Hard disk (Q3) , CAT 6 Cable for Outdoor (Q3) , Camera for CC","Supply, Installation and Commissioning of CCTV System at Main Township, Patratu",0.702503195321357,0.0,38,VECTOR,True,False,0,0,0,False,,,,,,,,1.0,True,True,True,True,True,0,1,UNDETERMINED,Otherwise: Undetermined due to insufficient matches or multiple critical mismatches.,"D,F,G",,UNREVIEWED,,
M001177,M013315,NTPC Limited,Oil India Limited,350 NB ERW Pipes (FE410) for thickness range 6.3 to 10 mm (CAT-2),"Line Pipe, 1"" , Black Steel, ERW Screwed (Q3)",0.806954702110142,0.0,25,VECTOR,True,False,1,2,1,False,,,,,,,,1.0,True,True,True,True,True,0,1,UNDETERMINED,Otherwise: Undetermined due to insufficient matches or multiple critical mismatches.,"D,F,G",,UNREVIEWED,,
M001177,M013333,NTPC Limited,Oil India Limited,350 NB ERW Pipes (FE410) for thickness range 6.3 to 10 mm (CAT-2),"Line Pipe, 4"" , ERW Galvanised, Screwed (Q3)",0.805057326572129,0.0,28,VECTOR,True,False,1,2,1,False,,,,,,,,1.0,True,True,True,True,True,0,1,UNDETERMINED,Otherwise: Undetermined due to insufficient matches or multiple critical mismatches.,"D,F,G",,UNREVIEWED,,
M007066,M007065,Oil India Limited,Oil India Limited,BACTERICIDE TYPE-II,BACTERICIDE TYPE II,0.994030768489933,12.851129681490768,1,"VECTOR,BM25",False,False,0,0,0,False,,,,,,,,1.0,True,True,True,True,True,0,0,UNDETERMINED,Otherwise: Undetermined due to insufficient matches or multiple critical mismatches.,"A,F",,UNREVIEWED,,
M021130,M005929,Oil India Limited,Oil India Limited,"Supply of Guttering, Half Round, 9"" X 6' X 20 G","Supply of Guttering, Half Round, 9"" X 6' X 20 G",0.969061093994644,65.93657035184754,1,"VECTOR,BM25",False,True,0,0,0,False,,,,,,,,1.0,True,True,True,True,True,0,0,UNDETERMINED,Otherwise: Undetermined due to insufficient matches or multiple critical mismatches.,"A,B,E,F",,UNREVIEWED,,
M003953,M003954,Oil India Limited,Oil India Limited,Hiring of Accupressure Sujok Services for Rajasthan Field for a period of 2 Years,"Hiring of Acupressure & Sujok Services for Rajasthan Field, OIL for a period of 2 (Two) Years",0.921752066436439,37.74999312552274,3,"VECTOR,BM25",False,False,0,0,0,False,,,,,,,,1.0,True,True,True,True,True,0,1,UNDETERMINED,Otherwise: Undetermined due to insufficient matches or multiple critical mismatches.,"A,F,G",,UNREVIEWED,,
M003657,M005004,Oil India Limited,Oil India Limited,HEAT SHRINKABLE TERMINATION & JOINTING KITs,PIPELINE INSULATION JOINT,0.703130633876896,0.0,29,VECTOR,False,False,0,0,0,False,,,,,,,,1.0,True,True,True,True,True,0,1,UNDETERMINED,Otherwise: Undetermined due to insufficient matches or multiple critical mismatches.,"F,G",,UNREVIEWED,,
M003953,M019089,Oil India Limited,Oil India Limited,Hiring of Accupressure Sujok Services for Rajasthan Field for a period of 2 Years,Hiring of Acupressure or Sujok Services for OILs offices in DELHI/NCR for a period of 02 years,0.811691074553399,26.148566903686632,5,"VECTOR,BM25",False,False,0,0,0,False,,,,,,,,1.0,True,True,True,True,True,0,1,UNDETERMINED,Otherwise: Undetermined due to insufficient matches or multiple critical mismatches.,"F,G",,UNREVIEWED,,
M006102,M021314,Oil India Limited,Oil India Limited,TMT Bar-8MM,"TMT bar, 12 MM",0.866130388998968,7.827494912625148,10,"VECTOR,BM25",False,False,0,0,0,True,0.0,,,,,,,1.0,False,True,True,True,True,1,0,DISTINCT,Technical conflict detected.; Priority 1: Distinct due to explicit technical conflict.,"A,C,F",,UNREVIEWED,,
M010298,M012745,Oil India Limited,Oil India Limited,For hiring the services of Listed Skilled WCL for PS8 Telecom Section,"Hiring the services of Unskilled WCL(P) at PS9, Dumar",0.760242360128134,0.0,22,VECTOR,False,False,0,0,0,False,,,,,,,,1.0,True,True,True,True,True,0,1,UNDETERMINED,Otherwise: Undetermined due to insufficient matches or multiple critical mismatches.,"F,G",,UNREVIEWED,,
M005582,M020777,Oil India Limited,Oil India Limited,SUPPLY OF 5 HP VERTICAL SUBMERSIBLE PUMP-SET,SUPPLY OF 5 HP VERTICAL SUBMERSIBLE PUMP-SET,0.99984467250556,46.05480928251892,1,"VECTOR,BM25",False,True,0,0,0,False,,,,,,,,1.0,True,True,True,True,True,0,0,UNDETERMINED,Otherwise: Undetermined due to insufficient matches or multiple critical mismatches.,"A,E,F",,UNREVIEWED,,
M001177,M019880,NTPC Limited,Oil India Limited,350 NB ERW Pipes (FE410) for thickness range 6.3 to 10 mm (CAT-2),"LINE PIPE, 1/2"" , ERW, GI SCREWED",0.771384499730001,0.0,49,VECTOR,True,False,0,2,2,False,,,,,,,,1.0,True,True,True,True,True,0,1,UNDETERMINED,Otherwise: Undetermined due to insufficient matches or multiple critical mismatches.,"D,F,G",,UNREVIEWED,,
M006102,M014180,Oil India Limited,Oil India Limited,TMT Bar-8MM,PROCUREMENT OF TMT BAR and MS ROUND BAR,0.758615186510868,8.313236141511977,21,"VECTOR,BM25",False,False,1,0,1,False,,,,,,,,1.0,True,True,True,True,True,0,1,UNDETERMINED,Otherwise: Undetermined due to insufficient matches or multiple critical mismatches.,"F,G",,UNREVIEWED,,
M013287,M013286,Oil India Limited,Oil India Limited,"Laying/replacement of 100mm NB welded flow lines from Drilling wells, Work over wells, Water injection lines, Formation water disposal lines, gas artery lines and 50mm NB welded gas pipelines under OI","Laying/replacement of 100mm NB welded flow lines from Drilling wells, Work over wells, Water injection lines, Formation water disposal lines, gas artery lines and 50mm NB welded gas pipelines under Ma",0.930915395260332,131.14951603324985,1,"VECTOR,BM25",False,False,0,1,1,False,1.0,,,,,,,1.0,False,True,True,True,True,1,0,IDENTICAL,Priority 2: Identical because all available critical technical attributes match.,"A,B,F",,UNREVIEWED,,
M005582,M017513,Oil India Limited,Oil India Limited,SUPPLY OF 5 HP VERTICAL SUBMERSIBLE PUMP-SET,5 HP Vertical Submersible Water Pumpset,0.946195079171432,29.906055218183965,11,"VECTOR,BM25",False,False,0,0,0,False,,,,,,,,1.0,True,True,True,True,True,0,0,UNDETERMINED,Otherwise: Undetermined due to insufficient matches or multiple critical mismatches.,"A,F",,UNREVIEWED,,
M013287,M004754,Oil India Limited,Oil India Limited,"Laying/replacement of 100mm NB welded flow lines from Drilling wells, Work over wells, Water injection lines, Formation water disposal lines, gas artery lines and 50mm NB welded gas pipelines under OI","Laying/replacement of 100 mm NB, API 5 LX-46 and API 5L X-60 welded flow lines on requirement basis for Drilling wells, Work over wells, Water Injection lines, Formation water disposal lines, gas arte",0.867016888754477,102.7017321051445,4,"VECTOR,BM25",False,False,0,1,1,False,1.0,,,,,,,1.0,False,True,True,True,True,1,1,VARIANT_OF,Priority 3: Variant because core technical identity matches but additional compatible attributes exist.,"A,B,F,G",,UNREVIEWED,,
M011424,M018952,Oil India Limited,Oil India Limited,"Hiring of Electrical Services for Repair & Rewinding of Motors & Alternators for Oil India Limited's Installations at PS-7, Madarihat, PS8, Sonapur, PS-9, Dumar & PS-10, Barauni on as and when basis f",HIRING of Electrical Services for servicing and maintenance of MOV Actuator at Pipeline Department for Oil India Limited's Installation under PS5 base E&C section for a period of 3(three) years as and,0.763588259395053,41.65964948825241,6,"VECTOR,BM25",False,False,0,0,0,True,,,,,,,,1.0,True,True,True,True,True,0,0,DISTINCT,Technical conflict detected.; Priority 1: Distinct due to explicit technical conflict.,"C,F",,UNREVIEWED,,
M017662,M009771,Oil India Limited,Oil India Limited,100 mm Flanges,ELBOWS & FLANGES,0.744442597265986,9.981269046367071,11,"VECTOR,BM25",False,False,0,0,0,False,,,,,,,,1.0,True,True,True,True,True,0,0,UNDETERMINED,Otherwise: Undetermined due to insufficient matches or multiple critical mismatches.,F,,UNREVIEWED,,
M017662,M006859,Oil India Limited,Oil India Limited,100 mm Flanges,"Adapter spool 13.5/8"" x 5 M to 13.5/8"" x 10 M (Q3) , 13 5/8"" x 5M- 11"" x 10M DOUBLE STUDDED ADAPTER FLANGE (Q3) , 12"" (304.8 mm) OD Flat Bottom Junk Mill (Q3)",0.803606023224291,0.0,15,VECTOR,False,False,0,0,0,True,0.0,,,,,,,1.0,False,True,True,True,True,1,1,DISTINCT,Technical conflict detected.; Priority 1: Distinct due to explicit technical conflict.,"C,F",,UNREVIEWED,,
M013287,M013276,Oil India Limited,Oil India Limited,"Laying/replacement of 100mm NB welded flow lines from Drilling wells, Work over wells, Water injection lines, Formation water disposal lines, gas artery lines and 50mm NB welded gas pipelines under OI","Laying/replacement of 100 mm NB , API 5 LX -46 welded flow lines on requirement basis for Drilling wells, Work over wells, Water Injection lines, Formation water disposal lines, gas artery lines and 5",0.821380043966209,102.69108011198134,8,"VECTOR,BM25",False,False,0,1,1,False,1.0,,,,,,,1.0,False,True,True,True,True,1,1,VARIANT_OF,Priority 3: Variant because core technical identity matches but additional compatible attributes exist.,"B,F,G",,UNREVIEWED,,
M013287,M013278,Oil India Limited,Oil India Limited,"Laying/replacement of 100mm NB welded flow lines from Drilling wells, Work over wells, Water injection lines, Formation water disposal lines, gas artery lines and 50mm NB welded gas pipelines under OI","Laying/replacement of 100 mm NB , API 5 LX -46 welded flow lines on requirement basis for Drilling wells, Work over wells, Water Injection lines, Formation water disposal lines, gas artery lines and 5",0.820084589283261,102.69108011198134,9,"VECTOR,BM25",False,False,0,1,1,False,1.0,,,,,,,1.0,False,True,True,True,True,1,1,VARIANT_OF,Priority 3: Variant because core technical identity matches but additional compatible attributes exist.,"B,F,G",,UNREVIEWED,,
M015174,M008564,Oil India Limited,Oil India Limited,"Repairing of existing main road leading to Shalmari OCS-2 via Shalmari OCS-1 & Shalmari GCS from State Highway (MoranNaharkatia road) by Scarifying/furrow cutting on existing surface, providing 75 mm","Construction of Bituminous road (Dust free) from Shalmari main road to SLM#36 (length=1500 m) by 150 mm granular surface, construction of two layers of 75 mm thick WBM, applying tack coat, 20 mm thick",0.742007702557228,69.86965403732323,2,"VECTOR,BM25",False,False,0,0,0,True,0.0,,,,,,,1.0,False,True,True,True,True,1,1,DISTINCT,Technical conflict detected.; Priority 1: Distinct due to explicit technical conflict.,"B,C,F",,UNREVIEWED,,
M011424,M014691,Oil India Limited,Oil India Limited,"Hiring of Electrical Services for Repair & Rewinding of Motors & Alternators for Oil India Limited's Installations at PS-7, Madarihat, PS8, Sonapur, PS-9, Dumar & PS-10, Barauni on as and when basis f","Providing services for fabrication repair specialised services of Engines, Pumps and auxiliary equipment under Mechanical Maintenance PS 8,Sonapur Base, WEST BENGAL for a period of 1 Year",0.737269880927111,0.0,20,VECTOR,False,False,0,0,0,True,,,,,,,,1.0,True,True,True,True,True,0,1,DISTINCT,Technical conflict detected.; Priority 1: Distinct due to explicit technical conflict.,"C,F",,UNREVIEWED,,
M006275,M005382,Oil India Limited,Oil India Limited,"Widening of existing bituminous road with 150mm GSB, 150mm WBM, 50mm Dense Graded Bituminous Macadam (DBM) and 40 MM thick Semi-Dense Bituminous Concrete (SDBC) from Paanch Ali near OIEEA office to Ka",Repairing of existing bituminous road with 50mm Dense Graded Bituminous Macadam (DBM) and 25 MM thick Semi-Dense Bituminous Concrete (SDBC) from Chariali near C10 to Madhya Zaloni LP School and develo,0.838424171560006,85.89245771132663,5,"VECTOR,BM25",False,False,0,0,0,True,0.0,,,,,,,1.0,False,True,True,True,True,1,1,DISTINCT,Technical conflict detected.; Priority 1: Distinct due to explicit technical conflict.,"B,C,F",,UNREVIEWED,,
M017662,M007914,Oil India Limited,Oil India Limited,100 mm Flanges,"CASINGS, API, SEAMLESS STEEL, THREADED & COUPLED, IN RANGE 3 LENGTH BUT MAXIMUM LENGTH OF EACH JOINT SHALL BE RESTRICTED TO 12.19 MTRS (40 FT.) FITTED WITH PRESSED STEEL OR ELASTOMER-CUM-METTALIC (COM",0.751236387342825,0.0,26,VECTOR,False,False,0,0,0,False,,,,,,,,1.0,True,True,True,True,True,0,1,UNDETERMINED,Otherwise: Undetermined due to insufficient matches or multiple critical mismatches.,"F,G",,UNREVIEWED,,
M016665,M003063,Oil India Limited,Oil India Limited,"Supply, Installation & Commissioning of Servers with NAS, Software & KVM Switch including AMC for OIL’s office at OIL House, Plot No.19, Sector-16A, NOIDA","Comprehensive Annual Maintenance Contract for Non-IT Equipment in Data Centre at OIL's Corporate Office, Noida",0.738105694619249,0.0,17,VECTOR,False,False,0,0,0,False,,,,,,,,1.0,True,True,True,True,True,0,1,UNDETERMINED,Otherwise: Undetermined due to insufficient matches or multiple critical mismatches.,"F,G",,UNREVIEWED,,
M013287,M011833,Oil India Limited,Oil India Limited,"Laying/replacement of 100mm NB welded flow lines from Drilling wells, Work over wells, Water injection lines, Formation water disposal lines, gas artery lines and 50mm NB welded gas pipelines under OI",Hiring of service for laying of 88.9 mm NB Stainless steel and 73.025 mm NB welded flow lines under Jaisalmer ML area and Bikaner Nagaur basin of OIL's operational areas in Rajasthan for a period of 2,0.710942345802462,46.16808365804493,27,"VECTOR,BM25",False,False,0,1,1,True,0.0,,,,,,,1.0,False,True,True,True,True,1,1,DISTINCT,Technical conflict detected.; Priority 1: Distinct due to explicit technical conflict.,"C,F",,UNREVIEWED,,
M003955,M019089,Oil India Limited,Oil India Limited,Hiring of Acupressure or Sujok Services for OILs offices in DELHI/NCR for a period of 02 years,Hiring of Acupressure or Sujok Services for OILs offices in DELHI/NCR for a period of 02 years,0.999883689545369,65.2000099392536,1,"VECTOR,BM25",False,True,0,0,0,False,,,,,,,,1.0,True,True,True,True,True,0,0,UNDETERMINED,Otherwise: Undetermined due to insufficient matches or multiple critical mismatches.,"A,B,E,F",,UNREVIEWED,,
M015260,M015262,Oil India Limited,Oil India Limited,Resineated Lignite (25 Kg/ Bag). Qty : 3000 Bags,Resineated Lignite (Q3),0.801192628116085,23.709840269469975,3,"VECTOR,BM25",False,False,0,0,0,False,,,,,,,,1.0,True,True,True,True,True,0,1,UNDETERMINED,Otherwise: Undetermined due to insufficient matches or multiple critical mismatches.,"F,G",,UNREVIEWED,,
M010201,M013315,Oil India Limited,Oil India Limited,"Fabrication of 30’’ (764mm) OD conductor pipe from 16mm thick steel plate, IS 2062, Grade ”B” of 5m length each","Line Pipe, 1"" , Black Steel, ERW Screwed (Q3)",0.716109673134185,0.0,8,VECTOR,False,False,1,0,1,False,,,,,,,,1.0,True,True,True,True,True,0,1,UNDETERMINED,Otherwise: Undetermined due to insufficient matches or multiple critical mismatches.,"F,G",,UNREVIEWED,,
M003955,M019087,Oil India Limited,Oil India Limited,Hiring of Acupressure or Sujok Services for OILs offices in DELHI/NCR for a period of 02 years,Hiring of Accupressure Sujok Services for Rajasthan Field for a period of 2 Years,0.81139519132701,28.05994536245345,6,"VECTOR,BM25",False,False,0,0,0,False,,,,,,,,1.0,True,True,True,True,True,0,1,UNDETERMINED,Otherwise: Undetermined due to insufficient matches or multiple critical mismatches.,"F,G",,UNREVIEWED,,
M010201,M016815,Oil India Limited,Oil India Limited,"Fabrication of 30’’ (764mm) OD conductor pipe from 16mm thick steel plate, IS 2062, Grade ”B” of 5m length each","THREE LAYER POLYETELENE PRECOATED BEVEL ENDED LINE PIPE, 300 MM NB DIA, ERW/LSAW/HSAW, GRADE API 5L X-46.QTY: LINE PIPE: 9000 MTRS. AND LONG RADIUS BEND: 36 NOS",0.712068060571594,0.0,13,VECTOR,False,False,2,0,2,True,0.0,,,,,,,1.0,False,True,True,True,True,1,1,DISTINCT,Technical conflict detected.; Priority 1: Distinct due to explicit technical conflict.,"C,F,H",,UNREVIEWED,,
M018810,M003996,Oil India Limited,Oil India Limited,HIRING OF CONSULTANCY SERVICE FOR CARRYING OUT AN INTEGRATED SEISMIC-TO-SIMULATION STUDY USING PRESTM SEISMIC VOLUME AND PREPARATION OF FIELD DEVELOPMENT PLAN (FDP) FOR JAISALMER PML (AREA-246.47 SQ. ,Hiring of Consultancy Services to carry out Pre Stack Merging and Imaging Study of Multiple 3D Seismic Surveys acquired in MPA,0.718281272137967,29.04007243413738,12,"VECTOR,BM25",False,False,0,0,0,False,,,,,,,,1.0,True,True,True,True,True,0,1,UNDETERMINED,Otherwise: Undetermined due to insufficient matches or multiple critical mismatches.,"F,G",,UNREVIEWED,,
M007332,M007606,Oil India Limited,Oil India Limited,Bids for PROCUREMENT OF ENGINEER CUM CREW CABIN – QTY = 04 NOS,Bids for procurement CREW CABIN – 04 NOS,0.887188245683823,40.531942772928794,2,"VECTOR,BM25",False,False,0,0,0,False,,,,,,,,1.0,True,True,True,True,True,0,1,UNDETERMINED,Otherwise: Undetermined due to insufficient matches or multiple critical mismatches.,"A,F,G",,UNREVIEWED,,
M021037,M005837,Oil India Limited,Oil India Limited,Supply & Installation of ICU VENTILATOR,Supply & Installation of ICU VENTILATOR,0.999881958199263,35.3587829742674,1,"VECTOR,BM25",False,True,0,0,0,False,,,,,,,,1.0,True,True,True,True,True,0,0,UNDETERMINED,Otherwise: Undetermined due to insufficient matches or multiple critical mismatches.,"A,E,F",,UNREVIEWED,,
M013938,M014502,Oil India Limited,Oil India Limited,"PLATE, SHEET, MILD STEEL FOR STRUCTURAL AND GENERAL ENGG. PURPOSES",Procurement of PLATE SHEET MILD STEEL,0.861903873832459,25.617459894303664,6,"VECTOR,BM25",False,False,0,0,0,False,,,,,,,,1.0,True,True,True,True,True,0,1,UNDETERMINED,Otherwise: Undetermined due to insufficient matches or multiple critical mismatches.,"A,F,G",,UNREVIEWED,,
M006275,M018285,Oil India Limited,Oil India Limited,"Widening of existing bituminous road with 150mm GSB, 150mm WBM, 50mm Dense Graded Bituminous Macadam (DBM) and 40 MM thick Semi-Dense Bituminous Concrete (SDBC) from Paanch Ali near OIEEA office to Ka","Construction of Pucca Road over the existing road by providing GSB, WBM,80 mm CC Paver Block & 40mm SDBC from Alimur Tinali to Dikom railway crossing, including supply of all materials except cement",0.707771673640867,0.0,39,VECTOR,False,False,0,0,0,True,0.0,,,,,,,1.0,False,True,True,True,True,1,1,DISTINCT,Technical conflict detected.; Priority 1: Distinct due to explicit technical conflict.,"C,F",,UNREVIEWED,,
M004379,M019539,Oil India Limited,Oil India Limited,Hiring services for maintaining OIL's OFC network spread across OIL's operational areas from pipeline ROW chainage 920 PLKM to 1058 PLKM under PS-9 Dumar T&I for a period of Four years,Hiring services for maintaining OIL's OFC network spread across OIL's operational areas from pipeline ROW chainage 920 PLKM to 1058 PLKM under PS-9 Dumar T&I for a period of Four years,0.999796308232767,104.30185515591909,1,"VECTOR,BM25",False,True,0,0,0,False,,,,,,,,1.0,True,True,True,True,True,0,0,UNDETERMINED,Otherwise: Undetermined due to insufficient matches or multiple critical mismatches.,"A,B,E,F",,UNREVIEWED,,
M017997,M002901,Oil India Limited,Oil India Limited,COMPLETER COUPLING ASSEMBLY AND THEIR SPARES FOR CRUDE OIL DISPATCH PUMPSET,COMPLETER COUPLING ASSEMBLY AND THEIR SPARES FOR CRUDE OIL DISPATCH PUMPSET,0.999885937076776,67.48417123669198,1,"VECTOR,BM25",False,True,0,0,0,False,,,,,,,,1.0,True,True,True,True,True,0,0,UNDETERMINED,Otherwise: Undetermined due to insufficient matches or multiple critical mismatches.,"A,B,E,F",,UNREVIEWED,,
M004292,M019447,Oil India Limited,Oil India Limited,"Hiring of services for maintenance of OILs operational road in Duliajan and Moran field areas,as well as the OIL township under the jurisdiction of the Civil Engineering Department","Hiring of services for maintenance of OILs operational road in Duliajan and Moran field areas,as well as the OIL township under the jurisdiction of the Civil Engineering Department",0.943526502690429,81.23439044041795,1,"VECTOR,BM25",False,True,0,0,0,False,,,,,,,,1.0,True,True,True,True,True,0,0,UNDETERMINED,Otherwise: Undetermined due to insufficient matches or multiple critical mismatches.,"A,B,E,F",,UNREVIEWED,,
M020538,M015179,Oil India Limited,Oil India Limited,"Renovation/Repairing work at Telecom office building, PS 3 Jorhat along with fixing of acid proof tiles at battery rooms of PS 3 Jorhat, RS 1 Maduri, RS 2 Badulipar & Numaligarh Terminal including sup","Repairing of internal peripheral Road of Tank Farm area at PS-3, Jorhat",0.716509111356587,0.0,37,VECTOR,False,False,0,0,0,False,,,,,,,,1.0,True,True,True,True,True,0,1,UNDETERMINED,Otherwise: Undetermined due to insufficient matches or multiple critical mismatches.,"F,G",,UNREVIEWED,,
M006275,M003221,Oil India Limited,Oil India Limited,"Widening of existing bituminous road with 150mm GSB, 150mm WBM, 50mm Dense Graded Bituminous Macadam (DBM) and 40 MM thick Semi-Dense Bituminous Concrete (SDBC) from Paanch Ali near OIEEA office to Ka","Construction of dust free bituminous approach road of approx. length 1.30 Km to well no. KLN 23 by providing double layer of 75 mm thick WBM , 50 mm thick BM and 25 mm thick SDBC including supply of a",0.704369319426157,0.0,45,VECTOR,False,False,0,0,0,True,0.0,,,,,,,1.0,False,True,True,True,True,1,1,DISTINCT,Technical conflict detected.; Priority 1: Distinct due to explicit technical conflict.,"C,F",,UNREVIEWED,,
M007332,M007303,Oil India Limited,Oil India Limited,Bids for PROCUREMENT OF ENGINEER CUM CREW CABIN – QTY = 04 NOS,Bids for PROCUREMENT OF BUS – QTY = 08 NOS,0.733235971072484,32.03567920579599,14,"VECTOR,BM25",False,False,0,0,0,False,,,,,,,,1.0,True,True,True,True,True,0,1,UNDETERMINED,Otherwise: Undetermined due to insufficient matches or multiple critical mismatches.,"F,G",,UNREVIEWED,,
M017224,M017221,Oil India Limited,Oil India Limited,Upkeepment & grass cutting including jungle cleaning at Tengakhat Pump station for one year from October-2014 to September-2015,Upkeepment & Grass Cutting including Jungle cleaning at Tengakhat Pump Station,0.964626470576483,51.737693363116875,5,"VECTOR,BM25",False,False,0,0,0,False,,,,,,,,1.0,True,True,True,True,True,0,1,UNDETERMINED,Otherwise: Undetermined due to insufficient matches or multiple critical mismatches.,"A,F,G",,UNREVIEWED,,
M007529,M007354,Oil India Limited,Oil India Limited,"Bids for SUPPLY, INSTALLATION & COMMISSIONING OF LED HIGH MAST – 01 NO",Bids for PROCUREMENT OF LED LAMP QTY 2400 NOS,0.799292990788795,0.0,30,VECTOR,False,False,0,0,0,False,,,,,,,,1.0,True,True,True,True,True,0,1,UNDETERMINED,Otherwise: Undetermined due to insufficient matches or multiple critical mismatches.,"F,G",,UNREVIEWED,,
M009308,M009306,Oil India Limited,Oil India Limited,Corrigendum No. 03 to GeM Tender No. GEM/2023/B/3581883 dtd. 17/06/2023,Corrigendum No. 03 to GeM Tender No. GEM/2023/B/3393416 dtd. 27/04/2023,0.923763898965584,38.98628370532498,8,"VECTOR,BM25",False,False,0,0,0,False,,,,,,,,1.0,True,True,True,True,True,0,0,UNDETERMINED,Otherwise: Undetermined due to insufficient matches or multiple critical mismatches.,"A,F",,UNREVIEWED,,
M019357,M004206,Oil India Limited,Oil India Limited,Hiring of services for 2D & 3D Seismic Data Acquisition in Meghalaya and 2D Seismic Data Acquisition in Tripura,Hiring of services for 2D & 3D Seismic Data Acquisition in Meghalaya and 2D Seismic Data Acquisition in Tripura,0.999899692171054,93.40015136597178,1,"VECTOR,BM25",False,True,0,0,0,False,,,,,,,,1.0,True,True,True,True,True,0,0,UNDETERMINED,Otherwise: Undetermined due to insufficient matches or multiple critical mismatches.,"A,B,E,F",,UNREVIEWED,,
M018398,M009413,Oil India Limited,Oil India Limited,Custom Bid for Services - Carrying out cleaning wild growth and vegetation within OIL INDIA RoW PLKM 351 TO 704,Custom Bid for Services - Hiring of Housekeeping Cleaning Sanitation and Disinfection services,0.717481596642233,25.5700905667821,12,"VECTOR,BM25",False,False,0,0,0,False,,,,,,,,1.0,True,True,True,True,True,0,1,UNDETERMINED,Otherwise: Undetermined due to insufficient matches or multiple critical mismatches.,"F,G",,UNREVIEWED,,
M020245,M017112,Oil India Limited,Oil India Limited,Pipe Fittings & Connectors,Tubes and Fittings,0.891756212538125,0.0,10,VECTOR,False,False,0,0,0,True,,,,,,,,1.0,True,True,True,True,True,0,1,DISTINCT,Technical conflict detected.; Priority 1: Distinct due to explicit technical conflict.,"A,C,F",,UNREVIEWED,,
M020245,M010942,Oil India Limited,Oil India Limited,Pipe Fittings & Connectors,HYDRAULIC FITTINGS,0.867751237822322,0.0,11,VECTOR,False,False,0,0,0,True,,,,,,,,1.0,True,True,True,True,True,0,1,DISTINCT,Technical conflict detected.; Priority 1: Distinct due to explicit technical conflict.,"A,C,F",,UNREVIEWED,,
M020864,M006652,Oil India Limited,Oil India Limited,SUPPLY of 20 HP submersible pump set,7 nos 5 HP Submersible pumpset with electrical panel,0.920482053685508,14.028838169883404,12,"VECTOR,BM25",False,False,0,0,0,False,,,,,,,,1.0,True,True,True,True,True,0,1,UNDETERMINED,Otherwise: Undetermined due to insufficient matches or multiple critical mismatches.,"A,F,G",,UNREVIEWED,,
M009308,M009222,Oil India Limited,Oil India Limited,Corrigendum No. 03 to GeM Tender No. GEM/2023/B/3581883 dtd. 17/06/2023,Corrigendum No. 01 to GeM Tender No. GEM/2023/B/3877440 dtd. 26/08/2023,0.931520034822767,0.0,24,VECTOR,False,False,0,0,0,False,,,,,,,,1.0,True,True,True,True,True,0,0,UNDETERMINED,Otherwise: Undetermined due to insufficient matches or multiple critical mismatches.,"A,F",,UNREVIEWED,,
M020245,M017872,Oil India Limited,Oil India Limited,Pipe Fittings & Connectors,Angular Hydraulic Fittings,0.806246955241535,0.0,13,VECTOR,False,False,0,0,0,True,,,,,,,,1.0,True,True,True,True,True,0,0,DISTINCT,Technical conflict detected.; Priority 1: Distinct due to explicit technical conflict.,"C,F",,UNREVIEWED,,
M009308,M009220,Oil India Limited,Oil India Limited,Corrigendum No. 03 to GeM Tender No. GEM/2023/B/3581883 dtd. 17/06/2023,Corrigendum No. 01 to GeM Tender No. GEM/2023/B/3786110 dtd. 04/08/2023,0.930375313996629,0.0,26,VECTOR,False,False,0,0,0,False,,,,,,,,1.0,True,True,True,True,True,0,0,UNDETERMINED,Otherwise: Undetermined due to insufficient matches or multiple critical mismatches.,"A,F",,UNREVIEWED,,
M020245,M002782,Oil India Limited,Oil India Limited,Pipe Fittings & Connectors,Angular Hydraulic Fittings,0.804438313592689,0.0,15,VECTOR,False,False,0,0,0,True,,,,,,,,1.0,True,True,True,True,True,0,0,DISTINCT,Technical conflict detected.; Priority 1: Distinct due to explicit technical conflict.,"C,F",,UNREVIEWED,,
M009196,M009234,Oil India Limited,Oil India Limited,Corrigendum No. 01 to GeM Tender No. GEM/2023/B/3264481 dtd. 14/03/2023,Corrigendum No. 01 to GeM Tender No. GEM/2023/B/4377485 dtd. 22/12/2023,0.940225158330171,38.256188693223876,2,"VECTOR,BM25",False,False,0,0,0,False,,,,,,,,1.0,True,True,True,True,True,0,0,UNDETERMINED,Otherwise: Undetermined due to insufficient matches or multiple critical mismatches.,"A,F",,UNREVIEWED,,
M018398,M021430,Oil India Limited,Oil India Limited,Custom Bid for Services - Carrying out cleaning wild growth and vegetation within OIL INDIA RoW PLKM 351 TO 704,"Upkeepment & grass cutting including jungle cleaning of Industrial,Domestic & roadside Area along the outside periphery of boundary wall including IOCL-BGR OIL Terminal under PS6, Bongaigaon for a per",0.701750542908922,0.0,35,VECTOR,False,False,0,0,0,False,,,,,,,,1.0,True,True,True,True,True,0,1,UNDETERMINED,Otherwise: Undetermined due to insufficient matches or multiple critical mismatches.,"F,G",,UNREVIEWED,,
M015616,M013323,Oil India Limited,Oil India Limited,"STEEL LINE PIPE, ERW , THREADED & COUPLED, NOMINAL BORE: 100 MM, O.D. 114.3 MM, WALL THICKNESS: 6.0 MM, API 5L, GRADE A. QTY: 6.3 KMS","Line Pipe, 150 mm, ERW, Bevelled, API 5L. Qty. : 2 KM",0.784983769347265,45.72047865488572,22,"VECTOR,BM25",False,False,0,1,1,True,0.0,,,,,,,1.0,False,True,True,True,True,1,1,DISTINCT,Technical conflict detected.; Priority 1: Distinct due to explicit technical conflict.,"C,F",,UNREVIEWED,,
M020617,M008954,Oil India Limited,Oil India Limited,"Revamping of approx. 600 m long existing approach road to well NHK 323/NHK 142 under OCS 2, Mohmari area with 150 mm GSB, 75 mm WBM in 2 layers, 25 mm thick SDBC","Construction of dust free approach road to well NHK #213 under OCS-1 (Approx. Length 700 m with 100 mm GSB, 2 layers 75 mm WBM & 25 mm thick SDBC) including supply of all materials",0.745903202295929,56.11036390499262,4,"VECTOR,BM25",False,False,0,0,0,True,0.0,,,,,,,1.0,False,True,True,True,True,1,1,DISTINCT,Technical conflict detected.; Priority 1: Distinct due to explicit technical conflict.,"C,F",,UNREVIEWED,,
M020617,M020620,Oil India Limited,Oil India Limited,"Revamping of approx. 600 m long existing approach road to well NHK 323/NHK 142 under OCS 2, Mohmari area with 150 mm GSB, 75 mm WBM in 2 layers, 25 mm thick SDBC","Revamping of existing approach road of length 500 m from well NHK 34 junction to OCS 1, South bank with 75 mm WBM in 2 layers & 25 mm thick SDBC",0.745276155687948,66.7346124030762,5,"VECTOR,BM25",False,False,0,0,0,True,0.0,,,,,,,1.0,False,True,True,True,True,1,1,DISTINCT,Technical conflict detected.; Priority 1: Distinct due to explicit technical conflict.,"B,C,F",,UNREVIEWED,,
M020617,M005429,Oil India Limited,Oil India Limited,"Revamping of approx. 600 m long existing approach road to well NHK 323/NHK 142 under OCS 2, Mohmari area with 150 mm GSB, 75 mm WBM in 2 layers, 25 mm thick SDBC","Revamping of existing approach road of length 500 m from well NHK 34 junction to OCS 1, South bank with 75 mm WBM in 2 layers & 25 mm thick SDBC",0.745276155687948,66.7346124030762,6,"VECTOR,BM25",False,False,0,0,0,True,0.0,,,,,,,1.0,False,True,True,True,True,1,1,DISTINCT,Technical conflict detected.; Priority 1: Distinct due to explicit technical conflict.,"B,C,F",,UNREVIEWED,,
M002246,M020204,NTPC Limited,Oil India Limited,Renewal of Microsoft-365 Digital Suite Workplace Solution in NTPC,POWER TOOLS,0.704201220843819,0.0,12,VECTOR,True,False,0,0,0,False,,,,,,,,1.0,True,True,True,True,True,0,1,UNDETERMINED,Otherwise: Undetermined due to insufficient matches or multiple critical mismatches.,"D,F,G",,UNREVIEWED,,
M015616,M019947,Oil India Limited,Oil India Limited,"STEEL LINE PIPE, ERW , THREADED & COUPLED, NOMINAL BORE: 100 MM, O.D. 114.3 MM, WALL THICKNESS: 6.0 MM, API 5L, GRADE A. QTY: 6.3 KMS","Line Pipe, 6"" & 10"", Steel, ERW Bevelled",0.819839272540943,0.0,25,VECTOR,False,False,0,1,1,False,,,,,,,,1.0,True,True,True,True,True,0,1,UNDETERMINED,Otherwise: Undetermined due to insufficient matches or multiple critical mismatches.,"F,G",,UNREVIEWED,,
M009196,M009322,Oil India Limited,Oil India Limited,Corrigendum No. 01 to GeM Tender No. GEM/2023/B/3264481 dtd. 14/03/2023,Corrigendum No. 04 to GeM Tender No. GEM/2023/B/3312323 dtd. 29/03/2023,0.930919337690093,0.0,24,VECTOR,False,False,0,0,0,False,,,,,,,,1.0,True,True,True,True,True,0,0,UNDETERMINED,Otherwise: Undetermined due to insufficient matches or multiple critical mismatches.,"A,F",,UNREVIEWED,,
M012760,M004430,Oil India Limited,Oil India Limited,"Hiring the services of WCL(Unlisted)at PS7, Madarihat, West Bengal",Hiring services of Two nos. of Skilled WCL (Listed) for PS3 Jorhat Admin section & Other Miscellaneous jobs for a period of Four years w.e.f 01.05.2025,0.700674205220665,0.0,35,VECTOR,False,False,0,0,0,False,,,,,,,,1.0,True,True,True,True,True,0,1,UNDETERMINED,Otherwise: Undetermined due to insufficient matches or multiple critical mismatches.,"F,G",,UNREVIEWED,,
M007334,M007822,Oil India Limited,Oil India Limited,Bids for PROCUREMENT OF ETHYLENE GLYCOL MONOBUTYL ETHER (EGMBE) (QTY-30000 KG),Bids under for the supply of Carboxy Methyl Cellulose (High Viscosity Grade) through E-Procurement,0.784363976788307,0.0,19,VECTOR,False,False,0,0,0,False,,,,,,,,1.0,True,True,True,True,True,0,1,UNDETERMINED,Otherwise: Undetermined due to insufficient matches or multiple critical mismatches.,"F,G",,UNREVIEWED,,
M018495,M013674,Oil India Limited,Oil India Limited,Dissolve Acetylene Gas as per IS 308,"NITROGEN GAS, 7 CU. MTR./ CYLINDER (QTY.: 2100 CUBIC METRE) as per IS 1747",0.751465288225812,19.951585556138653,4,"VECTOR,BM25",False,False,0,0,0,True,,,,0.0,,,,1.0,True,True,True,False,True,1,1,DISTINCT,Technical conflict detected.; Priority 1: Distinct due to explicit technical conflict.,"C,F",,UNREVIEWED,,
M020617,M019815,Oil India Limited,Oil India Limited,"Revamping of approx. 600 m long existing approach road to well NHK 323/NHK 142 under OCS 2, Mohmari area with 150 mm GSB, 75 mm WBM in 2 layers, 25 mm thick SDBC","Improvement of existing Approach road (Approx. length 520.00 Mtr, Width: 3.75 Mtr) to well no. MRN-88 emanating from Approach road to Well no. MRN-94 (Location: MGB) by 100 mm GSB, 75 mm WBM (2 layers",0.707007247920391,42.28565460055896,13,"VECTOR,BM25",False,False,0,0,0,True,0.0,,,,,,,1.0,False,True,True,True,True,1,1,DISTINCT,Technical conflict detected.; Priority 1: Distinct due to explicit technical conflict.,"C,F",,UNREVIEWED,,
M018495,M003068,Oil India Limited,Oil India Limited,Dissolve Acetylene Gas as per IS 308,Compressed Oxygen Gas as per IS 309,0.746358888800963,24.01382581544547,8,"VECTOR,BM25",False,False,0,0,0,True,,,,0.0,,,,1.0,True,True,True,False,True,1,0,DISTINCT,Technical conflict detected.; Priority 1: Distinct due to explicit technical conflict.,"C,F",,UNREVIEWED,,
M012672,M017961,Oil India Limited,Oil India Limited,"Hiring the services of Burial and recovery of 100mm NB Crude Oil/Gas flow pipelines constructed as per ASME B31.4/31.8 under Makum, Hapjan and Habeda OCS in the OIL’s operational area in the State of ",Burial and Recovery of 100mm NB and 50 mm NB crude oil gas pipelines in OILs Operational Areas in the state of Assam,0.797403763501164,60.48427679677891,1,"VECTOR,BM25",False,False,1,2,1,False,1.0,,,,,,,1.0,False,True,True,True,True,1,1,VARIANT_OF,Priority 3: Variant because core technical identity matches but additional compatible attributes exist.,"B,F,G",,UNREVIEWED,,
M013214,M013212,Oil India Limited,Oil India Limited,"LUBE OIL, MG 20W 40 OR EQUIVALENT, QTY. = 420,000 LTR",LUB OIL LUB OIL,0.712162582070774,0.0,9,VECTOR,False,False,0,0,0,False,,,,,,,,1.0,True,True,True,True,True,0,1,UNDETERMINED,Otherwise: Undetermined due to insufficient matches or multiple critical mismatches.,"F,G",,UNREVIEWED,,
M008162,M002998,Oil India Limited,Oil India Limited,"Casing Centralizer, 139.7 mm Casing ; Qty. 2500 nos","Centralizer, Casing Size: 13.3/8"" , Centralizer, Casing Size: 9.5/8""",0.861247940386689,22.73318485022845,10,"VECTOR,BM25",False,False,0,0,0,False,,,,,,,,1.0,True,True,True,True,True,0,1,UNDETERMINED,Otherwise: Undetermined due to insufficient matches or multiple critical mismatches.,"A,F,G",,UNREVIEWED,,
M012672,M004213,Oil India Limited,Oil India Limited,"Hiring the services of Burial and recovery of 100mm NB Crude Oil/Gas flow pipelines constructed as per ASME B31.4/31.8 under Makum, Hapjan and Habeda OCS in the OIL’s operational area in the State of ",Hiring of services for Burial and Recovery of pipelines of diameter 150mm to 400mm in Operational Areas of OIL in Assam,0.76875688637968,42.20265464598925,5,"VECTOR,BM25",False,False,2,2,0,True,0.0,,,,,,,1.0,False,True,True,True,True,1,1,DISTINCT,Technical conflict detected.; Priority 1: Distinct due to explicit technical conflict.,"C,F,H",,UNREVIEWED,,
M020617,M019807,Oil India Limited,Oil India Limited,"Revamping of approx. 600 m long existing approach road to well NHK 323/NHK 142 under OCS 2, Mohmari area with 150 mm GSB, 75 mm WBM in 2 layers, 25 mm thick SDBC","Improvement of Approach road from Well no. MRN-23 to well no. MRN-68 (Approx. length 500.00 Mtr, Width: 3.75 Mtr) by 100 mm GSB, 75 mm WBM (2 layers ) and 25 mm thk. SDBC including supply of all mater",0.76643956091905,0.0,25,VECTOR,False,False,0,0,0,True,0.0,,,,,,,1.0,False,True,True,True,True,1,1,DISTINCT,Technical conflict detected.; Priority 1: Distinct due to explicit technical conflict.,"C,F",,UNREVIEWED,,
M008666,M008958,Oil India Limited,Oil India Limited,"Construction of Dust free road to Loc. DIP from Loc. DGF (Length =910.00 m + 2525.00 m = 3435.00 m) with 100 mm GSB, 150 mm WBM & 25 mm thick SDBC including supply of all materials","Construction of dust free road in Loc. SPB by construction 0f 100 MM thick GSB, construction two layers of 75 MM thick WBM",0.799133961209471,60.43196771489738,5,"VECTOR,BM25",False,False,0,0,0,False,1.0,,,,,,,1.0,False,True,True,True,True,1,1,VARIANT_OF,Priority 3: Variant because core technical identity matches but additional compatible attributes exist.,"B,F,G",,UNREVIEWED,,
M012672,M019364,Oil India Limited,Oil India Limited,"Hiring the services of Burial and recovery of 100mm NB Crude Oil/Gas flow pipelines constructed as per ASME B31.4/31.8 under Makum, Hapjan and Habeda OCS in the OIL’s operational area in the State of ",Hiring of services for Burial and Recovery of pipelines of diameter 150mm to 400mm in Operational Areas of OIL in Assam,0.767922610145925,42.20265464598925,6,"VECTOR,BM25",False,False,2,2,0,True,0.0,,,,,,,1.0,False,True,True,True,True,1,1,DISTINCT,Technical conflict detected.; Priority 1: Distinct due to explicit technical conflict.,"C,F,H",,UNREVIEWED,,
M001915,M016661,NTPC Limited,Oil India Limited,Maintenance/Overhauling of Electro Static Precipitator (ESP) and its Associated Auxiliaries of Thermal Power Plant,"Supply, Installation & Commissioning of Prime Mover",0.712679549749981,0.0,12,VECTOR,True,False,0,0,0,False,,,,,,,,1.0,True,True,True,True,True,0,1,UNDETERMINED,Otherwise: Undetermined due to insufficient matches or multiple critical mismatches.,"D,F,G",,UNREVIEWED,,
M008162,M008185,Oil India Limited,Oil India Limited,"Casing Centralizer, 139.7 mm Casing ; Qty. 2500 nos","Casing Roller to Roll 339.725 mm, 177.80 mm & 139.70 mm O.D. Casing-03 items-Total Qty.: 06 Nos",0.798649792435665,16.485420456410885,17,"VECTOR,BM25",False,False,0,0,0,True,0.0,,,,,,,1.0,False,True,True,True,True,1,1,DISTINCT,Technical conflict detected.; Priority 1: Distinct due to explicit technical conflict.,"C,F",,UNREVIEWED,,
M005377,M020566,Oil India Limited,Oil India Limited,"Repairing of Gravel approach road of 500 meter length,strengthening/Construction of plinth,Road over plinth,Effluent pit with suitable bundh/Embankment etc,Construction of C.C/R.C.C. Foundation with p","Repairing of Gravel approach road of 500 meter length,strengthening/Construction of plinth,Road over plinth,Effluent pit with suitable bundh/Embankment etc,Construction of C.C/R.C.C. Foundation with p",0.999774529842612,127.08776679553964,1,"VECTOR,BM25",False,True,0,0,0,False,,,,,,,,1.0,True,True,True,True,True,0,0,UNDETERMINED,Otherwise: Undetermined due to insufficient matches or multiple critical mismatches.,"A,B,E,F",,UNREVIEWED,,
M005377,M005395,Oil India Limited,Oil India Limited,"Repairing of Gravel approach road of 500 meter length,strengthening/Construction of plinth,Road over plinth,Effluent pit with suitable bundh/Embankment etc,Construction of C.C/R.C.C. Foundation with p","Repairing/Contruction of Gravel approach road, Repairing/Construction of plinth, Road over plinth, Effluent pit with suitable bundh/Embankment etc, Construction of C.C/R.C.C. Foundation with pillows t",0.954474583709253,115.09017438640609,3,"VECTOR,BM25",False,False,0,0,0,False,,,,,,,,1.0,True,True,True,True,True,0,1,UNDETERMINED,Otherwise: Undetermined due to insufficient matches or multiple critical mismatches.,"A,B,F,G",,UNREVIEWED,,
M008666,M008956,Oil India Limited,Oil India Limited,"Construction of Dust free road to Loc. DIP from Loc. DGF (Length =910.00 m + 2525.00 m = 3435.00 m) with 100 mm GSB, 150 mm WBM & 25 mm thick SDBC including supply of all materials","Construction of dust free road (L= 400.00 M approx.) & repairing of existing bituminous road in the approach road of LOC # MFY by two layers 75 MM thick WBM, tack coat & 25 mm thick SDBC including sup",0.755911130652888,48.85119933300949,12,"VECTOR,BM25",False,False,0,0,0,True,0.0,,,,,,,1.0,False,True,True,True,True,1,1,DISTINCT,Technical conflict detected.; Priority 1: Distinct due to explicit technical conflict.,"C,F",,UNREVIEWED,,
M007334,M007333,Oil India Limited,Oil India Limited,Bids for PROCUREMENT OF ETHYLENE GLYCOL MONOBUTYL ETHER (EGMBE) (QTY-30000 KG),Bids for PROCUREMENT OF ETHYLENE GLYCOL MONOBUTYL ETHER (EGMBE) (QTY- 30000 KGS),0.997962715288956,57.345529755106234,1,"VECTOR,BM25",False,False,0,0,0,False,,,,,,,,1.0,True,True,True,True,True,0,0,UNDETERMINED,Otherwise: Undetermined due to insufficient matches or multiple critical mismatches.,"A,F",,UNREVIEWED,,
M020617,M003219,Oil India Limited,Oil India Limited,"Revamping of approx. 600 m long existing approach road to well NHK 323/NHK 142 under OCS 2, Mohmari area with 150 mm GSB, 75 mm WBM in 2 layers, 25 mm thick SDBC","Construction of dust free approach road leading to well No.NHK#603( L-1300.00 M) by 150mm GSB ,75 MM two layer WBM & 40mm SDBC. All materials supplied by contractor except cement",0.710161201813372,0.0,35,VECTOR,False,False,0,0,0,False,1.0,,,,,,,1.0,False,True,True,True,True,1,1,VARIANT_OF,Priority 3: Variant because core technical identity matches but additional compatible attributes exist.,"F,G",,UNREVIEWED,,
M021038,M005838,Oil India Limited,Oil India Limited,"Supply , installation commissioning of 18.3/4"" BOP Stack(15M) with well control accessories","Supply , installation commissioning of 18.3/4"" BOP Stack(15M) with well control accessories",0.927130138444545,51.18793552652185,1,"VECTOR,BM25",False,True,0,0,0,False,,,,,,,,1.0,True,True,True,True,True,0,0,UNDETERMINED,Otherwise: Undetermined due to insufficient matches or multiple critical mismatches.,"A,E,F",,UNREVIEWED,,
M009197,M009219,Oil India Limited,Oil India Limited,Corrigendum No. 01 to GeM Tender No. GEM/2023/B/3264870 dtd. 14/03/2023,Corrigendum No. 01 to GeM Tender No. GEM/2023/B/3785467 dtd. 04/08/2023,0.936582071028269,38.256188693223876,5,"VECTOR,BM25",False,False,0,0,0,False,,,,,,,,1.0,True,True,True,True,True,0,0,UNDETERMINED,Otherwise: Undetermined due to insufficient matches or multiple critical mismatches.,"A,F",,UNREVIEWED,,
M008666,M008953,Oil India Limited,Oil India Limited,"Construction of Dust free road to Loc. DIP from Loc. DGF (Length =910.00 m + 2525.00 m = 3435.00 m) with 100 mm GSB, 150 mm WBM & 25 mm thick SDBC including supply of all materials",Construction of dust free approach road to well NHK # 456 at Joypur area (approx. length 420.00m with 2 layers of WBM & 25 mm thick SDBC) including supply of all materials,0.723472118117348,47.068444832584234,22,"VECTOR,BM25",False,False,0,0,0,True,0.0,,,,,,,1.0,False,True,True,True,True,1,1,DISTINCT,Technical conflict detected.; Priority 1: Distinct due to explicit technical conflict.,"C,F",,UNREVIEWED,,
M004303,M004304,Oil India Limited,Oil India Limited,"Hiring of services for road transportation of goods & equipment, chemicals, cement etc. from Duliajan (Assam) & other parts of India up to OILs sites in the state of Tripura",Hiring of services for road transportation of goods equipment chemicals cement etc from Duliajan Assam,0.940024354356747,54.40940258976471,2,"VECTOR,BM25",False,False,0,0,0,False,,,,,,,,1.0,True,True,True,True,True,0,1,UNDETERMINED,Otherwise: Undetermined due to insufficient matches or multiple critical mismatches.,"A,F,G",,UNREVIEWED,,
M005377,M020580,Oil India Limited,Oil India Limited,"Repairing of Gravel approach road of 500 meter length,strengthening/Construction of plinth,Road over plinth,Effluent pit with suitable bundh/Embankment etc,Construction of C.C/R.C.C. Foundation with p","Repairing/Construction of 500m Gravel approach road, Repairing/ Construction of plinth, Road over plinth, Effluent pit with suitable bundh /Embankment etc, Construction of C.C/R.C.C. Foundation with p",0.889745682807503,95.73779341771154,16,"VECTOR,BM25",False,False,0,0,0,False,,,,,,,,1.0,True,True,True,True,True,0,1,UNDETERMINED,Otherwise: Undetermined due to insufficient matches or multiple critical mismatches.,"A,B,F,G",,UNREVIEWED,,
M004750,M019921,Oil India Limited,Oil India Limited,"Laying/construction of 200mm NB diameter, approx. 3 KM long 3LPE coated COD pipeline from OCS-1 to Well-06 scraper trap, and 300mm NB diameter, approx. 2.2 KM long 3LPE coated gas distribution pipelin","Laying/construction of 3LPE coated Crude Oil and Gas pipeline for Dinjan-Dhakuwal-Makum Pipeline Project in OIL's Operational Areas of Oil India Limited, Assam (Part 2: Dhakuwal to Makum)",0.665554466364429,63.99771955388381,37,"VECTOR,BM25",False,False,1,1,0,False,,,,,,,,1.0,True,True,True,True,True,0,1,UNDETERMINED,Otherwise: Undetermined due to insufficient matches or multiple critical mismatches.,B,,UNREVIEWED,,
M003543,M018716,Oil India Limited,Oil India Limited,FLANGE FLANGE,Flanges Flanges,0.918070199087947,0.0,26,VECTOR,False,False,0,0,0,False,,,,,,,,1.0,True,True,True,True,True,0,0,UNDETERMINED,Otherwise: Undetermined due to insufficient matches or multiple critical mismatches.,"A,F",,UNREVIEWED,,
M008162,M008199,Oil India Limited,Oil India Limited,"Casing Centralizer, 139.7 mm Casing ; Qty. 2500 nos","Casing, 177.80 mm, Qty : 15 Km",0.783208478561711,0.0,38,VECTOR,False,False,0,0,0,True,0.0,,,,,,,1.0,False,True,True,True,True,1,1,DISTINCT,Technical conflict detected.; Priority 1: Distinct due to explicit technical conflict.,"C,F",,UNREVIEWED,,
M009197,M009244,Oil India Limited,Oil India Limited,Corrigendum No. 01 to GeM Tender No. GEM/2023/B/3264870 dtd. 14/03/2023,Corrigendum No. 01 to GeM Tender No.GEM/2023/B/3695074 dtd. 14/07/2023,0.943943097250305,0.0,18,VECTOR,False,False,0,0,0,False,,,,,,,,1.0,True,True,True,True,True,0,0,UNDETERMINED,Otherwise: Undetermined due to insufficient matches or multiple critical mismatches.,"A,F",,UNREVIEWED,,
M008666,M008657,Oil India Limited,Oil India Limited,"Construction of Dust free road to Loc. DIP from Loc. DGF (Length =910.00 m + 2525.00 m = 3435.00 m) with 100 mm GSB, 150 mm WBM & 25 mm thick SDBC including supply of all materials","Construction of Dust Free Bituminous road (Length 200 mtr, width 3.75 mtr) emanating from the existing Sapkaint Gorh Basti Road to the well plinth of SPT#2 & SPT#3 in Shalmari Area, including supply o",0.743570085520411,0.0,35,VECTOR,False,False,0,0,0,True,0.0,,,,,,,1.0,False,True,True,True,True,1,1,DISTINCT,Technical conflict detected.; Priority 1: Distinct due to explicit technical conflict.,"C,F",,UNREVIEWED,,
M008162,M008208,Oil India Limited,Oil India Limited,"Casing Centralizer, 139.7 mm Casing ; Qty. 2500 nos","Casing, 339.72 mm, N-80. Qty : 30 Km",0.776012716774529,0.0,42,VECTOR,False,False,0,0,0,True,0.0,,,,,,,1.0,False,True,True,True,True,1,1,DISTINCT,Technical conflict detected.; Priority 1: Distinct due to explicit technical conflict.,"C,F",,UNREVIEWED,,
M012353,M014681,Oil India Limited,Oil India Limited,"Hiring the Security services at Centre of Excellence Premises, Guwahati","Providing security services at Centre of Excellence premises, Guwahati for the period of 4 years",0.898045246324782,38.38136368604776,1,"VECTOR,BM25",False,False,0,0,0,False,,,,,,,,1.0,True,True,True,True,True,0,1,UNDETERMINED,Otherwise: Undetermined due to insufficient matches or multiple critical mismatches.,"A,F,G",,UNREVIEWED,,
M005377,M005322,Oil India Limited,Oil India Limited,"Repairing of Gravel approach road of 500 meter length,strengthening/Construction of plinth,Road over plinth,Effluent pit with suitable bundh/Embankment etc,Construction of C.C/R.C.C. Foundation with p","Re Construction/ Development of gravel approach road 100.00 mtrs. including WBM reparing of existing approach road , construction of plinth, road over plinth, effluent pits with suitable bundhs/embank",0.831234014177833,73.31140038420098,29,"VECTOR,BM25",False,False,0,0,0,False,,,,,,,,1.0,True,True,True,True,True,0,1,UNDETERMINED,Otherwise: Undetermined due to insufficient matches or multiple critical mismatches.,"B,F,G",,UNREVIEWED,,
M000290,M002524,Indian Oil Corporation Limited,NTPC Limited,Marine Hoses,FIRE FIGHTING HOSES,0.802064631163544,10.257370682900884,11,"VECTOR,BM25",True,False,0,0,0,False,,,,,,,,0.0,True,True,True,True,True,0,1,UNDETERMINED,Otherwise: Undetermined due to insufficient matches or multiple critical mismatches.,"D,F,G",,UNREVIEWED,,
M020132,M013831,Oil India Limited,Oil India Limited,"OPERATION AND MAINTENANCE OF CROSS COUNTRY CRUDE OIL PIPELINES ACROSS THE STATE OF ASSAM, WEST BENGAL & BIHAR AND PRODUCT PIPLEINES ACROSS THE STATE OF ASSAM & WEST BENGAL","OPERATION AND MAINTENANCE OF CROSS COUNTRY CRUDE OIL PIPELINES ACROSS THE STATE OF ASSAM, WEST BENGAL & BIHAR AND PRODUCT PIPLEINES ACROSS THE STATE OF ASSAM & WEST BENGAL",0.999869940407311,115.74091982063473,1,"VECTOR,BM25",False,True,0,0,0,False,,,,,,,,1.0,True,True,True,True,True,0,0,UNDETERMINED,Otherwise: Undetermined due to insufficient matches or multiple critical mismatches.,"A,B,E,F",,UNREVIEWED,,
M008666,M003350,Oil India Limited,Oil India Limited,"Construction of Dust free road to Loc. DIP from Loc. DGF (Length =910.00 m + 2525.00 m = 3435.00 m) with 100 mm GSB, 150 mm WBM & 25 mm thick SDBC including supply of all materials",Development of Dubari Path near 1 No. Duliajan gaon (approx. length= 0.400 KM) with 150 mm thick GSB & 150mm thick WBM with 40 MM thick Semi-Dense Bituminous Concrete (SDBC) including supply of all ma,0.725610720863891,0.0,41,VECTOR,False,False,0,0,0,True,0.0,,,,,,,1.0,False,True,True,True,True,1,1,DISTINCT,Technical conflict detected.; Priority 1: Distinct due to explicit technical conflict.,"C,F",,UNREVIEWED,,
M004303,M012030,Oil India Limited,Oil India Limited,"Hiring of services for road transportation of goods & equipment, chemicals, cement etc. from Duliajan (Assam) & other parts of India up to OILs sites in the state of Tripura","Hiring of services for transportation of explosives from Chennai/Mumbai/ Hyderabad/Bangalore airports to Duliajan, Assam by road by 500 KG / 1500 KG capacity explosives vans with two armed escorts per",0.70253714891847,0.0,21,VECTOR,False,False,0,0,0,False,,,,,,,,1.0,True,True,True,True,True,0,1,UNDETERMINED,Otherwise: Undetermined due to insufficient matches or multiple critical mismatches.,"F,G",,UNREVIEWED,,
M003543,M010245,Oil India Limited,Oil India Limited,FLANGE FLANGE,Flameproof Fittings & Accessories,0.736781596650648,0.0,42,VECTOR,False,False,0,0,0,True,,,,,,,,1.0,True,True,True,True,True,0,1,DISTINCT,Technical conflict detected.; Priority 1: Distinct due to explicit technical conflict.,"C,F",,UNREVIEWED,,
M020132,M008221,Oil India Limited,Oil India Limited,"OPERATION AND MAINTENANCE OF CROSS COUNTRY CRUDE OIL PIPELINES ACROSS THE STATE OF ASSAM, WEST BENGAL & BIHAR AND PRODUCT PIPLEINES ACROSS THE STATE OF ASSAM & WEST BENGAL","Cathodic Protection System for Oil Pipelines in the State of Assam, West Bengal and Bihar",0.661940722985554,63.87222331188191,11,"VECTOR,BM25",False,False,0,0,0,False,,,,,,,,1.0,True,True,True,True,True,0,1,UNDETERMINED,Otherwise: Undetermined due to insufficient matches or multiple critical mismatches.,B,,UNREVIEWED,,
M002527,M001765,NTPC Limited,NTPC Limited,GREAT NICOBAR ISLAND GAS ENGINE POWER PROJECT (108 MW ±5 MW) EPC PACKAGE LOCATED AT GREAT NICOBAR ISLAND,GREAT NICOBAR ISLAND GAS ENGINE POWER PROJECT (108 MW ±5 MW) EPC PACKAGE LOCATED AT GREAT NICOBAR ISLAND,0.999859310827285,125.89869858957047,1,"VECTOR,BM25",False,True,0,0,0,False,,,,,,,,1.0,True,True,True,True,True,0,0,UNDETERMINED,Otherwise: Undetermined due to insufficient matches or multiple critical mismatches.,"A,B,E,F",,UNREVIEWED,,
M000290,M020661,Indian Oil Corporation Limited,Oil India Limited,Marine Hoses,Rubber Hose & Washer,0.793425919281935,0.0,30,VECTOR,True,False,0,0,0,False,,,,,,,,0.0,True,True,True,True,True,0,1,UNDETERMINED,Otherwise: Undetermined due to insufficient matches or multiple critical mismatches.,"D,F,G",,UNREVIEWED,,
M000290,M005462,Indian Oil Corporation Limited,Oil India Limited,Marine Hoses,Rotary Drilling Hose,0.781240517347008,0.0,33,VECTOR,True,False,0,0,0,False,,,,,,,,0.0,True,True,True,True,True,0,1,UNDETERMINED,Otherwise: Undetermined due to insufficient matches or multiple critical mismatches.,"D,F,G",,UNREVIEWED,,
M005377,M015177,Oil India Limited,Oil India Limited,"Repairing of Gravel approach road of 500 meter length,strengthening/Construction of plinth,Road over plinth,Effluent pit with suitable bundh/Embankment etc,Construction of C.C/R.C.C. Foundation with p","Repairing of gravelled approach road, plinth preparation/ repairing along with de-watering of existing effluent pits with pit bundh strengthening, construction of C.C./R.C.C. foundations to suit S-3 E",0.79755478507799,0.0,48,VECTOR,False,False,0,0,0,False,,,,,,,,1.0,True,True,True,True,True,0,1,UNDETERMINED,Otherwise: Undetermined due to insufficient matches or multiple critical mismatches.,"F,G",,UNREVIEWED,,
M015621,M020985,Oil India Limited,Oil India Limited,STOCK SPARES FOR TIL CRANE,Spares for TIL Grove Crane 40 MT (Model: TMS750B MK-II),0.836727563737821,26.075386898486272,6,"VECTOR,BM25",False,False,0,0,0,False,,,,,,,,1.0,True,True,True,True,True,0,1,UNDETERMINED,Otherwise: Undetermined due to insufficient matches or multiple critical mismatches.,"F,G",,UNREVIEWED,,
M015621,M014521,Oil India Limited,Oil India Limited,STOCK SPARES FOR TIL CRANE,Procurement of SPARES FOR NATIONAL CRANE,0.7947636269172,18.175130823336797,8,"VECTOR,BM25",False,False,0,0,0,False,,,,,,,,1.0,True,True,True,True,True,0,1,UNDETERMINED,Otherwise: Undetermined due to insufficient matches or multiple critical mismatches.,"F,G",,UNREVIEWED,,
M003053,M017328,Oil India Limited,Oil India Limited,Coiled tubing downhole tools,WIRE LINE DOWNHOLE TOOLS,0.866280099926903,18.09440559122826,5,"VECTOR,BM25",False,False,0,0,0,False,,,,,,,,1.0,True,True,True,True,True,0,0,UNDETERMINED,Otherwise: Undetermined due to insufficient matches or multiple critical mismatches.,"A,F",,UNREVIEWED,,
M015621,M000474,Oil India Limited,Indian Oil Corporation Limited,STOCK SPARES FOR TIL CRANE,Turbine Spares,0.740391473384478,12.158383092191325,11,"VECTOR,BM25",True,False,0,0,0,False,,,,,,,,0.0,True,True,True,True,True,0,1,UNDETERMINED,Otherwise: Undetermined due to insufficient matches or multiple critical mismatches.,"D,F,G",,UNREVIEWED,,
M005713,M020912,Oil India Limited,Oil India Limited,Self-Contained Breathing Apparatus Set,Self-Contained Breathing Apparatus Set,0.999895532287864,42.477741957230826,1,"VECTOR,BM25",False,True,0,0,0,False,,,,,,,,1.0,True,True,True,True,True,0,0,UNDETERMINED,Otherwise: Undetermined due to insufficient matches or multiple critical mismatches.,"A,E,F",,UNREVIEWED,,
M018201,M015185,Oil India Limited,Oil India Limited,"Construction of 500.00 m long gravel Approach road, Construction of Plinth, 880m long RCC Dwarf boundary wall, construction of RCC Foundations to suit E-1400 HP outfit for any other Location under Nah","Repairing of side berm of existing 860 m long approach road and construction of 155 m long new approach road, Construction of Plinth , RCC Dwarf wall along the periphery of OIL boundary of well plinth",0.789372479312495,81.65833101291472,26,"VECTOR,BM25",False,False,0,0,0,False,,,,,,,,1.0,True,True,True,True,True,0,1,UNDETERMINED,Otherwise: Undetermined due to insufficient matches or multiple critical mismatches.,"B,F,G",,UNREVIEWED,,
M002607,M008315,Oil India Limited,Oil India Limited,"2.9/16"", 10K X-Mas Tree","Christmas Tree Assembly, 10000PSI",0.782043400785197,9.10739474302853,8,"VECTOR,BM25",False,False,0,0,0,False,,,,,,,,1.0,True,True,True,True,True,0,1,UNDETERMINED,Otherwise: Undetermined due to insufficient matches or multiple critical mismatches.,"F,G",,UNREVIEWED,,
M006438,M017460,Oil India Limited,Oil India Limited,"177.80 mm O.D., grade N80, API 5CT seamless steel casing. Qty.: 15,000 mtrs","i)139.70 mm OD Premium Casing (Grades: N - 80 Q), API Seamless Steel, Premium Threaded & Coupled with Attachments(Qty: 12000 Mtrs) ii) 139.70 mm OD Premium Casing (Grades: P-110 Q), API Seamless Steel",0.787220179274684,17.31135842314729,7,"VECTOR,BM25",False,False,0,0,0,True,0.0,,,,,,,1.0,False,True,True,True,True,1,1,DISTINCT,Technical conflict detected.; Priority 1: Distinct due to explicit technical conflict.,"C,F",,UNREVIEWED,,
M017882,M000443,Oil India Limited,Indian Oil Corporation Limited,Asbestos Cement Sheet,Steel Plates,0.765393326338062,0.0,22,VECTOR,True,False,0,0,0,False,,,,,,,,1.0,True,True,True,True,True,0,1,UNDETERMINED,Otherwise: Undetermined due to insufficient matches or multiple critical mismatches.,"D,F,G",,UNREVIEWED,,
M012496,M004487,Oil India Limited,Oil India Limited,"Hiring the services for Planned and Unplanned/Breakdown Maintenance of Fire Detection and Fire alarm system in PS-01, PS-02 & PS-03 in the state of Assam and Total flooding centralized clean agent sys","Hiring the services for Planned and Unplanned/Breakdown Maintenance of Fire Detection system & alarm system at Pump station 04, 05, 06, 07, 08, 09, 10 & 11 and Total flooding centralized clean agent s",0.781245786624717,67.16100590424311,6,"VECTOR,BM25",False,False,0,0,0,False,,,,,,,,1.0,True,True,True,True,True,0,1,UNDETERMINED,Otherwise: Undetermined due to insufficient matches or multiple critical mismatches.,"B,F,G",,UNREVIEWED,,
M006438,M006487,Oil India Limited,Oil India Limited,"177.80 mm O.D., grade N80, API 5CT seamless steel casing. Qty.: 15,000 mtrs",244.475 mm OD seamless steel casing Qty: 24Kms,0.775086190716323,0.0,17,VECTOR,False,False,0,0,0,True,0.0,,,,,,,1.0,False,True,True,True,True,1,1,DISTINCT,Technical conflict detected.; Priority 1: Distinct due to explicit technical conflict.,"C,F",,UNREVIEWED,,
M019362,M004211,Oil India Limited,Oil India Limited,Hiring of services for Annual Maintenance Contract (AMC) for the 3500 Nos of client management software licenses along with support for 16 technician users for a period of 04 years,Hiring of services for Annual Maintenance Contract (AMC) for the 3500 Nos of client management software licenses along with support for 16 technician users for a period of 04 years,0.999837044862182,92.19461136920411,1,"VECTOR,BM25",False,True,0,0,0,False,,,,,,,,1.0,True,True,True,True,True,0,0,UNDETERMINED,Otherwise: Undetermined due to insufficient matches or multiple critical mismatches.,"A,B,E,F",,UNREVIEWED,,
M017882,M002549,Oil India Limited,NTPC Limited,Asbestos Cement Sheet,R&M OF INSULATION MATTRESS WITH ALUMINIUM CLADDING SHEET & ACCESSORIES OF ST-2 BOILER PRESSURE PARTS(3X500MW) AT NTPC KORBA,0.714290511114302,0.0,38,VECTOR,True,False,0,0,0,False,,,,,,,,1.0,True,True,True,True,True,0,1,UNDETERMINED,Otherwise: Undetermined due to insufficient matches or multiple critical mismatches.,"D,F,G",,UNREVIEWED,,
M008848,M008989,Oil India Limited,Oil India Limited,"Construction of approach road of 110M length, plinth, effluent pit, road over plinth,laying of impervious layer to suit E-2000 rig out fit for proposed Drilling location Loc-12, KG-Basin (Gauthomi-God","Construction of new approach road of 197m length, plinth, effluent pit, road over plinth, to suit E-2000 rig out fit for proposed Drilling location Loc-13, KG-Basin",0.805342364307545,86.67407038951119,4,"VECTOR,BM25",False,False,0,0,0,False,,,,,,,,1.0,True,True,True,True,True,0,1,UNDETERMINED,Otherwise: Undetermined due to insufficient matches or multiple critical mismatches.,"B,F,G",,UNREVIEWED,,
M003164,M018266,Oil India Limited,Oil India Limited,"Construction of New Drenching Pump House with PPGI sheet at Top (Building Dimensions L: 12.8 Meters & B: 7.85 Meters & H: 5 Meters) along with construction of peripheral drains, peripheral walkway & f","Construction of New Drenching Pump House with PPGI sheet at Top (Building Dimensions L: 12.8 Meters & B: 7.85 Meters & H: 5 Meters) along with construction of peripheral drains, peripheral walkway & f",0.999751003377644,158.05116649150176,1,"VECTOR,BM25",False,True,0,0,0,False,,,,,,,,1.0,True,True,True,True,True,0,0,UNDETERMINED,Otherwise: Undetermined due to insufficient matches or multiple critical mismatches.,"A,B,E,F",,UNREVIEWED,,
M019362,M011850,Oil India Limited,Oil India Limited,Hiring of services for Annual Maintenance Contract (AMC) for the 3500 Nos of client management software licenses along with support for 16 technician users for a period of 04 years,"Hiring of services for Annual Maintenance Contract for PCs, Printers, Network Devices and Accessories",0.762412298147403,0.0,13,VECTOR,False,False,0,0,0,False,,,,,,,,1.0,True,True,True,True,True,0,1,UNDETERMINED,Otherwise: Undetermined due to insufficient matches or multiple critical mismatches.,"F,G",,UNREVIEWED,,
M006438,M016256,Oil India Limited,Oil India Limited,"177.80 mm O.D., grade N80, API 5CT seamless steel casing. Qty.: 15,000 mtrs",Supply of 244.475 mm (9.5/8 INCH) N-80 Casing and 339.72 mm(13.3/8 INCH) N-80 Casing,0.707475021811217,0.0,37,VECTOR,False,False,0,0,0,True,0.0,,,,,,,1.0,False,True,True,True,True,1,1,DISTINCT,Technical conflict detected.; Priority 1: Distinct due to explicit technical conflict.,"C,F",,UNREVIEWED,,
M006021,M021313,Oil India Limited,Oil India Limited,Supply of TMT BAR-12MM,TMT STEEL BAR 8MM DIA,0.734923677307689,7.827494912625148,24,"VECTOR,BM25",False,False,0,0,0,True,0.0,,,,,,,1.0,False,True,True,True,True,1,0,DISTINCT,Technical conflict detected.; Priority 1: Distinct due to explicit technical conflict.,"C,F",,UNREVIEWED,,
M015954,M004410,Oil India Limited,Oil India Limited,"Service of 3(three) nos. of Heavy Duty Photocopy Machines on hire basis and Binding & Lamination Service at OIL House (2 Nos.) and SB Tower (1 No.), Sector 16A, NOIDA","Hiring services of 03 nos. of heavy-duty photocopy machines at OIL House, Oil India Limited, Plot No. 19, Sector-16A, Noida",0.873935283570573,34.552986713946495,3,"VECTOR,BM25",False,False,0,0,0,False,,,,,,,,1.0,True,True,True,True,True,0,1,UNDETERMINED,Otherwise: Undetermined due to insufficient matches or multiple critical mismatches.,"A,F,G",,UNREVIEWED,,
M017580,M004095,Oil India Limited,Oil India Limited,Hiring of services for carrying out the interior works of Conference room at Intermediate Tank Farm (ITF)- TENGAKHAT,"Hiring of Services for Interior decor and furnishing of 01 No. of Conference Room located in New LPG Office Building at Oil India Limited Field Headquarter, Duliajan",0.71645922331389,23.992905732602686,15,"VECTOR,BM25",False,False,0,0,0,False,,,,,,,,1.0,True,True,True,True,True,0,1,UNDETERMINED,Otherwise: Undetermined due to insufficient matches or multiple critical mismatches.,"F,G",,UNREVIEWED,,
M016595,M016597,Oil India Limited,Oil India Limited,"Supply of flower Saplings, cow dung, bamboo, pesticide etc. for distribution within different location in PHQ for beautification of the colony during the year,2022 under ER Section, PHQ, Guwahati, on ","Supply of flower Saplings, cowdung, bamboo, pesticide etc. for distribution within different location in PHQ for beautification of the colony during the year, 2018 under ER Section, PHQ, Guwahati, on ",0.973659454512533,94.57236904360279,3,"VECTOR,BM25",False,False,0,0,0,False,,,,,,,,1.0,True,True,True,True,True,0,0,UNDETERMINED,Otherwise: Undetermined due to insufficient matches or multiple critical mismatches.,"A,B,F",,UNREVIEWED,,
M021321,M017105,Oil India Limited,Oil India Limited,TUBELESS TYRE,Tubeless Tyre,0.99981552406097,22.400169419651377,3,"VECTOR,BM25",False,True,0,0,0,False,,,,,,,,1.0,True,True,True,True,True,0,0,UNDETERMINED,Otherwise: Undetermined due to insufficient matches or multiple critical mismatches.,"A,E,F",,UNREVIEWED,,
M021321,M021393,Oil India Limited,Oil India Limited,TUBELESS TYRE,Tubeless Tyre,0.999792031459761,22.400169419651377,5,"VECTOR,BM25",False,True,0,0,0,False,,,,,,,,1.0,True,True,True,True,True,0,0,UNDETERMINED,Otherwise: Undetermined due to insufficient matches or multiple critical mismatches.,"A,E,F",,UNREVIEWED,,
M016595,M006038,Oil India Limited,Oil India Limited,"Supply of flower Saplings, cow dung, bamboo, pesticide etc. for distribution within different location in PHQ for beautification of the colony during the year,2022 under ER Section, PHQ, Guwahati, on ","Supply of flower Saplings, cowdung, bamboo, pesticide etc. for distribution within different location in PHQ for beautification of the colony during the year, 2024",0.927843793316586,85.93064986809087,7,"VECTOR,BM25",False,False,0,0,0,False,,,,,,,,1.0,True,True,True,True,True,0,1,UNDETERMINED,Otherwise: Undetermined due to insufficient matches or multiple critical mismatches.,"A,B,F,G",,UNREVIEWED,,
M016595,M014557,Oil India Limited,Oil India Limited,"Supply of flower Saplings, cow dung, bamboo, pesticide etc. for distribution within different location in PHQ for beautification of the colony during the year,2022 under ER Section, PHQ, Guwahati, on ","Procurement of cow dung and sapling at different locations of PHQ for the year 2017 under ER Section, PHQ, Guwahati, on Limited Tender basis",0.7667609899277,69.60891944453101,11,"VECTOR,BM25",False,False,0,0,0,False,,,,,,,,1.0,True,True,True,True,True,0,1,UNDETERMINED,Otherwise: Undetermined due to insufficient matches or multiple critical mismatches.,"B,F,G",,UNREVIEWED,,
M006021,M000442,Oil India Limited,Indian Oil Corporation Limited,Supply of TMT BAR-12MM,Steel Plate (MT),0.703521645174866,0.0,41,VECTOR,True,False,0,0,0,False,,,,,,,,0.0,True,True,True,True,True,0,0,UNDETERMINED,Otherwise: Undetermined due to insufficient matches or multiple critical mismatches.,"D,F",,UNREVIEWED,,
M000654,M000655,Indian Oil Corporation Limited,Indian Oil Corporation Limited,"SPN/C077-000-LA-T-9501/01 - PROJECT MANAGEMENT CONSULTANCY SERVICES (PMC-4) FOR LLDPE/HDPE (SWING) UNIT, PVC AND BUTENE-1 UNDER THE PARADIP PETROCHEMICAL COMPLEX (PDPC) PROJECT OF INDIAN OIL CORPORATI",SPN/C077-000-LA-T-9502/03 - PROJECT MANAGEMENT CONSULTANCY SERVICES (PMC-3) FOR CUMENE AND PHENOL UNITS FOR THE PARADIP PETROCHEMICAL COMPLEX (PDPC) PROJECT OF INDIAN OIL CORPORATION LIMITED AT PARADI,0.873823322705539,83.07368088869389,2,"VECTOR,BM25",False,False,2,2,0,False,,,,,,,,1.0,True,True,True,True,True,0,1,UNDETERMINED,Otherwise: Undetermined due to insufficient matches or multiple critical mismatches.,"A,B,F,G,H",,UNREVIEWED,,
M006022,M021225,Oil India Limited,Oil India Limited,"Supply of TMT Bar, 8 MM","Supply of TMT Bar, 8 MM",0.963233016320832,30.260945085101806,1,"VECTOR,BM25",False,True,0,0,0,False,1.0,,,,,,,1.0,False,True,True,True,True,1,0,IDENTICAL,Priority 2: Identical because all available critical technical attributes match.,"A,E,F",,UNREVIEWED,,
M000654,M000707,Indian Oil Corporation Limited,Indian Oil Corporation Limited,"SPN/C077-000-LA-T-9501/01 - PROJECT MANAGEMENT CONSULTANCY SERVICES (PMC-4) FOR LLDPE/HDPE (SWING) UNIT, PVC AND BUTENE-1 UNDER THE PARADIP PETROCHEMICAL COMPLEX (PDPC) PROJECT OF INDIAN OIL CORPORATI","PROJECT MANAGEMENT CONSULTANCY SERVICES (PMC-3) FOR CUMENE AND PHENOL UNITS FOR THE PARADIP PETROCHEMICAL COMPLEX (PDPC) PROJECT OF INDIAN OIL CORPORATION LIMITED AT PARADIP, ODISHA",0.833628096970066,83.0870902414622,3,"VECTOR,BM25",False,False,2,2,0,False,,,,,,,,1.0,True,True,True,True,True,0,1,UNDETERMINED,Otherwise: Undetermined due to insufficient matches or multiple critical mismatches.,"B,F,G,H",,UNREVIEWED,,
M021321,M006185,Oil India Limited,Oil India Limited,TUBELESS TYRE,Tubes & Tyres,0.862681212915309,0.0,25,VECTOR,False,False,0,0,0,False,,,,,,,,1.0,True,True,True,True,True,0,0,UNDETERMINED,Otherwise: Undetermined due to insufficient matches or multiple critical mismatches.,"A,F",,UNREVIEWED,,
M002979,M018082,Oil India Limited,Oil India Limited,"Casing, 13.3/8"" X 68 PPF X N-80 BTC","Casing, 9.5/8"" x 47 PPF x N-80, BTC",0.875416988118814,37.26530604590725,11,"VECTOR,BM25",False,False,0,0,0,False,,,,,,,,1.0,True,True,True,True,True,0,0,UNDETERMINED,Otherwise: Undetermined due to insufficient matches or multiple critical mismatches.,"A,F",,UNREVIEWED,,
M010535,M012944,Oil India Limited,Oil India Limited,HIGH TEMPERATURE POWER CHARGER,Hydrogen Generator,0.71442780669865,0.0,39,VECTOR,False,False,0,0,0,False,,,,,,,,1.0,True,True,True,True,True,0,1,UNDETERMINED,Otherwise: Undetermined due to insufficient matches or multiple critical mismatches.,"F,G",,UNREVIEWED,,
M006022,M016550,Oil India Limited,Oil India Limited,"Supply of TMT Bar, 8 MM",Supply of TMT Steel Bar,0.860163890718164,23.809957775805728,16,"VECTOR,BM25",False,False,0,0,0,False,,,,,,,,1.0,True,True,True,True,True,0,0,UNDETERMINED,Otherwise: Undetermined due to insufficient matches or multiple critical mismatches.,"A,F",,UNREVIEWED,,
M011527,M011529,Oil India Limited,Oil India Limited,"Hiring of Sanitation services on daily basis and other miscellaneous services as and when required, in OIL Hospital, Duliajan","Hiring of Sanitation services on daily basis and other unskilled miscellaneous services as and when required, in OIL Hospital, Duliajan",0.920395559334939,57.366452762978064,1,"VECTOR,BM25",False,False,0,0,0,False,,,,,,,,1.0,True,True,True,True,True,0,1,UNDETERMINED,Otherwise: Undetermined due to insufficient matches or multiple critical mismatches.,"A,F,G",,UNREVIEWED,,
M008756,M018235,Oil India Limited,Oil India Limited,"Construction of Plinth, Approach Road to plinth, CC/RCC Rig foundations and various Ancillary jobs in Location OPUE of Mahanadi Basin in Kusupur/Gop village area under Gop Tahasil, Puri District, Odis","Construction of CC/RCC Rig foundations, construction of village bypass road and various Ancillary jobs in Location OPUF of Mahanadi Basin Project at Gop Tahasil, Puri District, Odisha",0.813504905994662,79.80332743877443,5,"VECTOR,BM25",False,False,0,0,0,False,,,,,,,,1.0,True,True,True,True,True,0,1,UNDETERMINED,Otherwise: Undetermined due to insufficient matches or multiple critical mismatches.,"B,F,G",,UNREVIEWED,,
M000389,M017963,Indian Oil Corporation Limited,Oil India Limited,Remote operated Valve (Nos),Butterfly Valves,0.76155289263239,0.0,25,VECTOR,True,False,0,0,0,False,,,,,,,,0.0,True,True,True,True,True,0,1,UNDETERMINED,Otherwise: Undetermined due to insufficient matches or multiple critical mismatches.,"D,F,G",,UNREVIEWED,,
M000389,M007882,Indian Oil Corporation Limited,Oil India Limited,Remote operated Valve (Nos),Butterfly Valves,0.761096273011713,0.0,26,VECTOR,True,False,0,0,0,False,,,,,,,,0.0,True,True,True,True,True,0,1,UNDETERMINED,Otherwise: Undetermined due to insufficient matches or multiple critical mismatches.,"D,F,G",,UNREVIEWED,,
M001503,M011505,NTPC Limited,Oil India Limited,"Contract for O&M and Watch and Ward of 15 MW Solar Plant at Jayant, VSTPS",Hiring of Operation and Maintenance Supervision and Allied Services for Renewable Energy Plants in Rajasthan Gujarat Madhya Pradesh,0.751206774657245,0.0,22,VECTOR,True,False,0,0,0,False,,,,,,,,1.0,True,True,True,True,True,0,1,UNDETERMINED,Otherwise: Undetermined due to insufficient matches or multiple critical mismatches.,"D,F,G",,UNREVIEWED,,
M018646,M010196,Oil India Limited,Oil India Limited,"FABRICATION, PACKAGING & SUPPLY OF INDIRECT WATER BATH HEATER PACKAGE FOR PROCESSING NATURAL GAS",Fabrication & supply of Double Coiled Indirect Bath Heaters (13 Nos.),0.828063528948543,27.831618104502613,13,"VECTOR,BM25",False,False,0,0,0,False,,,,,,,,1.0,True,True,True,True,True,0,1,UNDETERMINED,Otherwise: Undetermined due to insufficient matches or multiple critical mismatches.,"F,G",,UNREVIEWED,,
M021325,M016562,Oil India Limited,Oil India Limited,"TUBING HEAD ASSY 7.1/16"" X11''X5M",Supply of Tubing Head Assy,0.808807835559504,23.45455051442122,16,"VECTOR,BM25",False,False,0,0,0,False,,,,,,,,1.0,True,True,True,True,True,0,1,UNDETERMINED,Otherwise: Undetermined due to insufficient matches or multiple critical mismatches.,"F,G",,UNREVIEWED,,
M021140,M005938,Oil India Limited,Oil India Limited,Supply of Insulation Tester,Supply of Insulation Tester,0.999879455760041,23.661206943029246,1,"VECTOR,BM25",False,True,0,0,0,False,,,,,,,,1.0,True,True,True,True,True,0,0,UNDETERMINED,Otherwise: Undetermined due to insufficient matches or multiple critical mismatches.,"A,E,F",,UNREVIEWED,,
M010219,M018694,Oil India Limited,Oil India Limited,Film Forming Fluro-Protein Foam Compound (FFFP),Film Forming Fluoro-Protein Foam Compound (FFFP-3%),0.97058525661178,36.54630522242599,5,"VECTOR,BM25",False,False,0,0,0,False,,,,,,,,1.0,True,True,True,True,True,0,0,UNDETERMINED,Otherwise: Undetermined due to insufficient matches or multiple critical mismatches.,"A,F",,UNREVIEWED,,
M011252,M009560,Oil India Limited,Oil India Limited,"Hiring The Services Of Design, Detail Engineering & Installation Of 355.6 Mm Od Pipeline By Horizontal Directional Drilling Method At River Mahananda II Crossings Including Laying Of Approximately 516","Design, Detail Engineering and Installation Of 406.4mm OD Pipeline and OFC by HDD at River Dhansiri B/L (Near NRL), laying, boring, casing at rail crossing and Hookup with existing 16” crude oil pipel",0.720123410313763,75.5464640139463,6,"VECTOR,BM25",False,False,3,3,0,True,0.0,,,,,,,1.0,False,True,True,True,True,1,1,DISTINCT,Technical conflict detected.; Priority 1: Distinct due to explicit technical conflict.,"B,C,F,H",,UNREVIEWED,,
M001123,M014297,NTPC Limited,Oil India Limited,"GASKET,17.5KV,1000A,AREVA","Plug valve API Monogrammed, fire safe to API 6FA, Cast Steel, operated, along with a pair of Forged companion weld neck flanges with requisite quantity High Tensile Stud Nuts & Gaskets",0.712397537736849,0.0,18,VECTOR,True,False,0,0,0,False,,,,,,,,1.0,True,True,True,True,True,0,1,UNDETERMINED,Otherwise: Undetermined due to insufficient matches or multiple critical mismatches.,"D,F,G",,UNREVIEWED,,
M011252,M003335,Oil India Limited,Oil India Limited,"Hiring The Services Of Design, Detail Engineering & Installation Of 355.6 Mm Od Pipeline By Horizontal Directional Drilling Method At River Mahananda II Crossings Including Laying Of Approximately 516","Design, Detail Engineering and Installation of 406.4 mm OD Pipeline and OFC by HDD at River Difolu (2 nos.)(PLKm 204) and River Kalyani (NSPL Km 4), and Hookup with existing 16 inch crude oil as well ",0.708809700670937,73.97966173438546,8,"VECTOR,BM25",False,False,3,3,0,True,0.0,,,,,,,1.0,False,True,True,True,True,1,1,DISTINCT,Technical conflict detected.; Priority 1: Distinct due to explicit technical conflict.,"B,C,F,H",,UNREVIEWED,,
M011252,M018441,Oil India Limited,Oil India Limited,"Hiring The Services Of Design, Detail Engineering & Installation Of 355.6 Mm Od Pipeline By Horizontal Directional Drilling Method At River Mahananda II Crossings Including Laying Of Approximately 516","Design, Detail Engineering and Installation of 406.4 mm OD Pipeline and OFC by HDD at River Difolu (2 nos.)(PLKm 204) and River Kalyani (NSPL Km 4), and Hookup with existing 16 inch crude oil as well ",0.708809700670937,73.97966173438546,7,"VECTOR,BM25",False,False,3,3,0,True,0.0,,,,,,,1.0,False,True,True,True,True,1,1,DISTINCT,Technical conflict detected.; Priority 1: Distinct due to explicit technical conflict.,"B,C,F,H",,UNREVIEWED,,
M011252,M009559,Oil India Limited,Oil India Limited,"Hiring The Services Of Design, Detail Engineering & Installation Of 355.6 Mm Od Pipeline By Horizontal Directional Drilling Method At River Mahananda II Crossings Including Laying Of Approximately 516","Design, Detail Engineering and Installation Of 406.4mm OD Pipeline and OFC by HDD at River Buridehing (PLKM 3.5), laying, boring, casing at rail crossing and Hookup with existing 16” crude oil pipelin",0.707355297780525,72.63707210754855,9,"VECTOR,BM25",False,False,3,3,0,True,0.0,,,,,,,1.0,False,True,True,True,True,1,1,DISTINCT,Technical conflict detected.; Priority 1: Distinct due to explicit technical conflict.,"B,C,F,H",,UNREVIEWED,,
M012855,M019590,Oil India Limited,Oil India Limited,"Hiring the services of unskilled WCL(P) under various sections (Operation RS1, Admin, Tank Farm, Laboratory) of PS3, Jorhat",Hiring services of Two nos. of Skilled WCL (Listed) for PS3 Jorhat Admin section & Other Miscellaneous jobs for a period of Four years w.e.f 01.05.2025,0.843912521228584,0.0,21,VECTOR,False,False,0,0,0,False,,,,,,,,1.0,True,True,True,True,True,0,1,UNDETERMINED,Otherwise: Undetermined due to insufficient matches or multiple critical mismatches.,"F,G",,UNREVIEWED,,
M010458,M010445,Oil India Limited,Oil India Limited,"Grass cutting and removing from inside Industrial area of PS5, including cleaning of surrounding fence at PHQ. Noonmati","Grass cutting / cleaning including removing of creepers from fencing in lndustrial and domestic area at PS4, Sekoni for a period of 08 (eight) months and extendabte to another 08 (eight) months",0.789210877432377,28.612907733505136,19,"VECTOR,BM25",False,False,0,0,0,False,,,,,,,,1.0,True,True,True,True,True,0,1,UNDETERMINED,Otherwise: Undetermined due to insufficient matches or multiple critical mismatches.,"F,G",,UNREVIEWED,,
M006991,M001165,Oil India Limited,NTPC Limited,"Annual Maintenance Contract for PCs, Printers and Accessories",Rate Contract for procurement of All-In-One (AIO) PCs,0.782898940713918,13.845128933242517,21,"VECTOR,BM25",True,False,0,0,0,False,,,,,,,,1.0,True,True,True,True,True,0,1,UNDETERMINED,Otherwise: Undetermined due to insufficient matches or multiple critical mismatches.,"D,F,G",,UNREVIEWED,,
M012585,M004517,Oil India Limited,Oil India Limited,"Hiring the services of 1 (One) No. of Brand New Diesel Driven Non AC Bolero LX4 WD, (BS4) with standard fittings for ROW visit and other Land related jobs around Guwahati and other Districts in Assam ","Hiring the services of 1 (one) no. brand new Vehicle (Diesel Driven, BS VI or Latest Compliance, Brand: Mahindra Bolero, B6 Opt or Equivalent Model,2 Wheel Drive)for plying under Land Section at PS8(S",0.717405337920799,0.0,25,VECTOR,False,False,0,0,0,False,,,,,,,,1.0,True,True,True,True,True,0,0,UNDETERMINED,Otherwise: Undetermined due to insufficient matches or multiple critical mismatches.,F,,UNREVIEWED,,
M005808,M017989,Oil India Limited,Oil India Limited,Split-Frame Pneumatically-Operated Automatic Cold Pipe Cutting & Bevelling Machine,CNC Lathe Machine,0.741140463322523,0.0,23,VECTOR,False,False,0,0,0,False,,,,,,,,1.0,True,True,True,True,True,0,1,UNDETERMINED,Otherwise: Undetermined due to insufficient matches or multiple critical mismatches.,"F,G",,UNREVIEWED,,
M006024,M000661,Oil India Limited,Indian Oil Corporation Limited,Supply of Time Switch,SUPPLY OF SLIDING PLATES,0.701890919630592,0.0,16,VECTOR,True,False,0,0,0,False,,,,,,,,1.0,True,True,True,True,True,0,0,UNDETERMINED,Otherwise: Undetermined due to insufficient matches or multiple critical mismatches.,"D,F",,UNREVIEWED,,
M011252,M011185,Oil India Limited,Oil India Limited,"Hiring The Services Of Design, Detail Engineering & Installation Of 355.6 Mm Od Pipeline By Horizontal Directional Drilling Method At River Mahananda II Crossings Including Laying Of Approximately 516","Hiring Services for Hot tapping, stoppling works, Nitrogen purging and oil evacuation from OLD pipeline section at HDD sites of GS ROAD (406.4 mm OD and 355.6 mm OD sections) and Dimdima (406.4 mm OD ",0.0,60.90841631174102,49,BM25,False,False,3,3,0,True,0.0,,,,,,,1.0,False,True,True,True,True,1,1,DISTINCT,Technical conflict detected.; Priority 1: Distinct due to explicit technical conflict.,B,,UNREVIEWED,,
M011367,M004143,Oil India Limited,Oil India Limited,Hiring of Consultancy Service for Survey Design and Fixation of Acquisition parameters for high resolution 3D-survey in Nahorkatiya and adjoining area of OIL’s operational areas in Upper Assam basin,Hiring of Survey services for GIS based AMIS project of OIL,0.729079607449908,0.0,11,VECTOR,False,False,0,0,0,False,,,,,,,,1.0,True,True,True,True,True,0,1,UNDETERMINED,Otherwise: Undetermined due to insufficient matches or multiple critical mismatches.,"F,G",,UNREVIEWED,,
M011367,M019287,Oil India Limited,Oil India Limited,Hiring of Consultancy Service for Survey Design and Fixation of Acquisition parameters for high resolution 3D-survey in Nahorkatiya and adjoining area of OIL’s operational areas in Upper Assam basin,Hiring of Survey services for GIS based AMIS project of OIL,0.728839988037334,0.0,12,VECTOR,False,False,0,0,0,False,,,,,,,,1.0,True,True,True,True,True,0,1,UNDETERMINED,Otherwise: Undetermined due to insufficient matches or multiple critical mismatches.,"F,G",,UNREVIEWED,,
M003337,M009560,Oil India Limited,Oil India Limited,"Design, detailed engineering & installation of 355.6 mm (14"") OD pipeline by Horizontal Directional Drilling (HDD) method at River Donk (NBPL KM 866.7). The job shall include laying of 355.6 mm (14"") ","Design, Detail Engineering and Installation Of 406.4mm OD Pipeline and OFC by HDD at River Dhansiri B/L (Near NRL), laying, boring, casing at rail crossing and Hookup with existing 16” crude oil pipel",0.772273980084688,80.49655994820793,5,"VECTOR,BM25",False,False,3,3,0,True,0.0,,,,,,,1.0,False,True,True,True,True,1,1,DISTINCT,Technical conflict detected.; Priority 1: Distinct due to explicit technical conflict.,"B,C,F,H",,UNREVIEWED,,
M003337,M009559,Oil India Limited,Oil India Limited,"Design, detailed engineering & installation of 355.6 mm (14"") OD pipeline by Horizontal Directional Drilling (HDD) method at River Donk (NBPL KM 866.7). The job shall include laying of 355.6 mm (14"") ","Design, Detail Engineering and Installation Of 406.4mm OD Pipeline and OFC by HDD at River Buridehing (PLKM 3.5), laying, boring, casing at rail crossing and Hookup with existing 16” crude oil pipelin",0.734559327222734,77.2361608615387,8,"VECTOR,BM25",False,False,3,3,0,True,0.0,,,,,,,1.0,False,True,True,True,True,1,1,DISTINCT,Technical conflict detected.; Priority 1: Distinct due to explicit technical conflict.,"B,C,F,H",,UNREVIEWED,,
M003337,M009564,Oil India Limited,Oil India Limited,"Design, detailed engineering & installation of 355.6 mm (14"") OD pipeline by Horizontal Directional Drilling (HDD) method at River Donk (NBPL KM 866.7). The job shall include laying of 355.6 mm (14"") ","Design, Detail Engineering and Installation of 406.4mm OD Pipeline and OFC by HDD at 3(Three) Locations",0.731502544223366,69.18353379103662,9,"VECTOR,BM25",False,False,3,3,0,True,0.0,,,,,,,1.0,False,True,True,True,True,1,1,DISTINCT,Technical conflict detected.; Priority 1: Distinct due to explicit technical conflict.,"B,C,F,H",,UNREVIEWED,,
M021048,M000227,Oil India Limited,Indian Oil Corporation Limited,Supply and Installation of Hot Air Oven for Laboratory,Hot air oven,0.785960009507892,27.328650574258752,3,"VECTOR,BM25",True,False,0,0,0,False,,,,,,,,0.0,True,True,True,True,True,0,1,UNDETERMINED,Otherwise: Undetermined due to insufficient matches or multiple critical mismatches.,"D,F,G",,UNREVIEWED,,
M003337,M003335,Oil India Limited,Oil India Limited,"Design, detailed engineering & installation of 355.6 mm (14"") OD pipeline by Horizontal Directional Drilling (HDD) method at River Donk (NBPL KM 866.7). The job shall include laying of 355.6 mm (14"") ","Design, Detail Engineering and Installation of 406.4 mm OD Pipeline and OFC by HDD at River Difolu (2 nos.)(PLKm 204) and River Kalyani (NSPL Km 4), and Hookup with existing 16 inch crude oil as well ",0.731062756216564,78.01672090404983,11,"VECTOR,BM25",False,False,3,3,0,True,0.0,,,,,,,1.0,False,True,True,True,True,1,1,DISTINCT,Technical conflict detected.; Priority 1: Distinct due to explicit technical conflict.,"B,C,F,H",,UNREVIEWED,,
M003337,M009562,Oil India Limited,Oil India Limited,"Design, detailed engineering & installation of 355.6 mm (14"") OD pipeline by Horizontal Directional Drilling (HDD) method at River Donk (NBPL KM 866.7). The job shall include laying of 355.6 mm (14"") ","Design, Detail Engineering and Installation of 406.4mm OD Pipeline and OFC by HDD at 2 (Two) Locations",0.72892980851542,67.73210710349947,12,"VECTOR,BM25",False,False,3,3,0,True,0.0,,,,,,,1.0,False,True,True,True,True,1,1,DISTINCT,Technical conflict detected.; Priority 1: Distinct due to explicit technical conflict.,"B,C,F,H",,UNREVIEWED,,
M003337,M009563,Oil India Limited,Oil India Limited,"Design, detailed engineering & installation of 355.6 mm (14"") OD pipeline by Horizontal Directional Drilling (HDD) method at River Donk (NBPL KM 866.7). The job shall include laying of 355.6 mm (14"") ","Design, Detail Engineering and Installation of 406.4mm OD Pipeline and OFC by HDD at 2 Locations of NH37 road crossings and Hookup",0.724838338003514,65.37519857933556,13,"VECTOR,BM25",False,False,3,3,0,True,0.0,,,,,,,1.0,False,True,True,True,True,1,1,DISTINCT,Technical conflict detected.; Priority 1: Distinct due to explicit technical conflict.,"B,C,F,H",,UNREVIEWED,,
M003337,M009565,Oil India Limited,Oil India Limited,"Design, detailed engineering & installation of 355.6 mm (14"") OD pipeline by Horizontal Directional Drilling (HDD) method at River Donk (NBPL KM 866.7). The job shall include laying of 355.6 mm (14"") ","Design, Detail Engineering and Installation of 406.4mm OD Pipeline and OFC by HDD at River Dhansiri",0.735827564581088,79.51706829678487,7,"VECTOR,BM25",False,False,3,3,0,True,0.0,,,,,,,1.0,False,True,True,True,True,1,1,DISTINCT,Technical conflict detected.; Priority 1: Distinct due to explicit technical conflict.,"B,C,F,H",,UNREVIEWED,,
M020053,M020460,Oil India Limited,Oil India Limited,"Miscellaneous yearly maintenance, painting, plumbing, masonry & repair jobs at Industrial area of RT Rangapani Terminal","Providing services of miscellaneous maintenance and repairing works at Industrial area at Numaligarh terminal,Numaligarh (For 1 year)",0.723319711868274,23.527546092096607,10,"VECTOR,BM25",False,False,0,0,0,False,,,,,,,,1.0,True,True,True,True,True,0,1,UNDETERMINED,Otherwise: Undetermined due to insufficient matches or multiple critical mismatches.,"F,G",,UNREVIEWED,,
M000299,M006266,Indian Oil Corporation Limited,Oil India Limited,Mechanical ARC,Welding Machine,0.769483673786919,0.0,7,VECTOR,True,False,0,0,0,False,,,,,,,,1.0,True,True,True,True,True,0,0,UNDETERMINED,Otherwise: Undetermined due to insufficient matches or multiple critical mismatches.,"D,F",,UNREVIEWED,,
M004077,M011572,Oil India Limited,Oil India Limited,Hiring of Services for Comprehensive Maintenance of all types of Rig Air Conditioners at Drilling locations in Assam and Arunachal Pradesh for a period of 03 (Three) Years,Hiring of Services for Comprehensive Maintenance of all types of Rig Air Conditioners at Drilling locations in Assam and Arunachal Pradesh for a period of 03 (three) years,0.999860362172167,73.9490641165842,2,"VECTOR,BM25",False,True,0,0,0,False,,,,,,,,1.0,True,True,True,True,True,0,0,UNDETERMINED,Otherwise: Undetermined due to insufficient matches or multiple critical mismatches.,"A,B,E,F",,UNREVIEWED,,
M004077,M011869,Oil India Limited,Oil India Limited,Hiring of Services for Comprehensive Maintenance of all types of Rig Air Conditioners at Drilling locations in Assam and Arunachal Pradesh for a period of 03 (Three) Years,Hiring of services for Comprehensive maintenance of rig Air-conditioners for a period of 03 (Three) years,0.887352361378114,48.022957500620194,3,"VECTOR,BM25",False,False,0,0,0,False,,,,,,,,1.0,True,True,True,True,True,0,1,UNDETERMINED,Otherwise: Undetermined due to insufficient matches or multiple critical mismatches.,"A,F,G",,UNREVIEWED,,
M000299,M019771,Indian Oil Corporation Limited,Oil India Limited,Mechanical ARC,Hydraulic iron worker machine,0.736341903645445,0.0,22,VECTOR,True,False,0,0,0,False,,,,,,,,1.0,True,True,True,True,True,0,1,UNDETERMINED,Otherwise: Undetermined due to insufficient matches or multiple critical mismatches.,"D,F,G",,UNREVIEWED,,
M005038,M020215,Oil India Limited,Oil India Limited,"PROCUREMENT OF X-MAS TREE, 5000 PSI (Material Class: CC)","PROCUREMENT OF X-MAS TREE, 5000 PSI (Material Class: CC)",0.999899664269645,62.21982323648819,1,"VECTOR,BM25",False,True,0,0,0,False,,,,,,,,1.0,True,True,True,True,True,0,0,UNDETERMINED,Otherwise: Undetermined due to insufficient matches or multiple critical mismatches.,"A,B,E,F",,UNREVIEWED,,
M008684,M005392,Oil India Limited,Oil India Limited,"Construction of Gravel Approach Road of length 0.2 km(approx.), Plinth, Dwarf Boundary Wall and Foundations to suit S-7 (E-2000) Drilling rig or equivalent","Repairing/Construction of 500m Gravel approach road, Repairing/ Construction of plinth, Road over plinth, Effluent pit with suitable bundh /Embankment etc, Construction of C.C/R.C.C. Foundation with p",0.726083699059431,0.0,45,VECTOR,False,False,0,0,0,False,,,,,,,,1.0,True,True,True,True,True,0,1,UNDETERMINED,Otherwise: Undetermined due to insufficient matches or multiple critical mismatches.,"F,G",,UNREVIEWED,,
M018925,M003796,Oil India Limited,Oil India Limited,"HIRING THE SERVICES OF A BRAND NEW MAHINDRA BOLERO NEO PLUS P4 (BASE MODEL WITH A/C) BS-VI FOR PIPELINE MAINTENANCE BASE, PS-08 (SONAPUR) FOR A PERIOD OF 4 (FOUR) YEARS","HIRING THE SERVICES OF A BRAND NEW MAHINDRA BOLERO NEO PLUS P4 (BASE MODEL WITH A/C) BS-VI FOR PIPELINE MAINTENANCE BASE, PS-08 (SONAPUR) FOR A PERIOD OF 4 (FOUR) YEARS",0.99984779767911,96.73709821644371,1,"VECTOR,BM25",False,True,0,0,0,False,,,,,,,,1.0,True,True,True,True,True,0,0,UNDETERMINED,Otherwise: Undetermined due to insufficient matches or multiple critical mismatches.,"A,B,E,F",,UNREVIEWED,,
M000299,M004656,Indian Oil Corporation Limited,Oil India Limited,Mechanical ARC,Industrial Electric Furnace,0.717087851698394,0.0,32,VECTOR,True,False,0,0,0,False,,,,,,,,1.0,True,True,True,True,True,0,1,UNDETERMINED,Otherwise: Undetermined due to insufficient matches or multiple critical mismatches.,"D,F,G",,UNREVIEWED,,
M011643,M008730,Oil India Limited,Oil India Limited,Hiring of Services for Project Management Consultancy services for construction of Centre of Excellence for Energy Studies (CoEES) and Pipeline Headquarters (PHQ),"Construction of Office Building for Centre of Excellence for Energy Studies (CoEES) and Pipeline Headquarters (PHQ) at Pipeline Headquarters (PHQ) Township, Oil India Limited (OIL), Guwahati Assam",0.720354142419887,61.52850155412123,8,"VECTOR,BM25",False,False,0,0,0,False,,,,,,,,1.0,True,True,True,True,True,0,1,UNDETERMINED,Otherwise: Undetermined due to insufficient matches or multiple critical mismatches.,"B,F,G",,UNREVIEWED,,
M018655,M002524,Oil India Limited,NTPC Limited,FIRE FIGHTING DELIVERY HOSE,FIRE FIGHTING HOSES,0.912478082462469,16.4255873889284,3,"VECTOR,BM25",True,False,0,0,0,False,,,,,,,,1.0,True,True,True,True,True,0,1,UNDETERMINED,Otherwise: Undetermined due to insufficient matches or multiple critical mismatches.,"A,D,F,G",,UNREVIEWED,,
M018733,M021032,Oil India Limited,Oil India Limited,GR or Equivalent Grade Sulfur Free Xylene,Sulphonated Asphalt,0.720942705532195,0.0,13,VECTOR,False,False,0,0,0,False,,,,,,,,1.0,True,True,True,True,True,0,1,UNDETERMINED,Otherwise: Undetermined due to insufficient matches or multiple critical mismatches.,"F,G",,UNREVIEWED,,
M018103,M008278,Oil India Limited,Oil India Limited,Charter Hire of 01 (One) no. of 750 HP Workover rig in the states of Assam & Arunachal Pradesh,Charter Hire of 2(Two) Nos. of 500HP(Min)-750 HP(Max) Capacity Workover Rigs Packages for a Period of 3(Three) years in the States of Assam & Arunachal Pradesh,0.88842761758245,42.2853576696764,9,"VECTOR,BM25",False,False,0,0,0,False,,,,,,,,1.0,True,True,True,True,True,0,1,UNDETERMINED,Otherwise: Undetermined due to insufficient matches or multiple critical mismatches.,"A,F,G",,UNREVIEWED,,
M018103,M018114,Oil India Limited,Oil India Limited,Charter Hire of 01 (One) no. of 750 HP Workover rig in the states of Assam & Arunachal Pradesh,Charter Hire of one number of 550HP(Min)-750 HP(Max) capacity Low Mast Workover rig in Assam,0.87664232752754,35.40150892571019,12,"VECTOR,BM25",False,False,0,0,0,False,,,,,,,,1.0,True,True,True,True,True,0,0,UNDETERMINED,Otherwise: Undetermined due to insufficient matches or multiple critical mismatches.,"A,F",,UNREVIEWED,,
M005937,M021139,Oil India Limited,Oil India Limited,Supply of INTRINSICALLY SAFE DIGITAL MULTIMETER,Supply of INTRINSICALLY SAFE DIGITAL MULTIMETER,0.999867201408356,40.65629582878893,2,"VECTOR,BM25",False,True,0,0,0,False,,,,,,,,1.0,True,True,True,True,True,0,0,UNDETERMINED,Otherwise: Undetermined due to insufficient matches or multiple critical mismatches.,"A,E,F",,UNREVIEWED,,
M005937,M021143,Oil India Limited,Oil India Limited,Supply of INTRINSICALLY SAFE DIGITAL MULTIMETER,Supply of Intrinsically Safe Digital Multimeter,0.999867201408356,40.65629582878893,1,"VECTOR,BM25",False,True,0,0,0,False,,,,,,,,1.0,True,True,True,True,True,0,0,UNDETERMINED,Otherwise: Undetermined due to insufficient matches or multiple critical mismatches.,"A,E,F",,UNREVIEWED,,
M014416,M005211,Oil India Limited,Oil India Limited,Procurement of 27 1/2” Rotary Tables. Qty = 2 Nos,"Procurement of Spares for 27.1/2"" Rotary Table through International Competitive Bidding (ICB)",0.82254506637873,0.0,10,VECTOR,False,False,0,0,0,False,,,,,,,,1.0,True,True,True,True,True,0,1,UNDETERMINED,Otherwise: Undetermined due to insufficient matches or multiple critical mismatches.,"F,G",,UNREVIEWED,,
M018655,M009705,Oil India Limited,Oil India Limited,FIRE FIGHTING DELIVERY HOSE,Discharge tube along with nozzle for Mechanical Foam Type fire Extinguisher & CO2 Gas Cartridge,0.76738788883933,0.0,28,VECTOR,False,False,0,0,0,False,,,,,,,,1.0,True,True,True,True,True,0,1,UNDETERMINED,Otherwise: Undetermined due to insufficient matches or multiple critical mismatches.,"F,G",,UNREVIEWED,,
M019631,M004470,Oil India Limited,Oil India Limited,"Hiring the service for upkeepment, grass cutting and Gardening at PS-11,Tengakhat for a period of One year extendable by another one year","Hiring the service for upkeepment, grass cutting and Gardening at PS-11,Tengakhat for a period of One year extendable by another one year",0.999880865608219,74.62384005665577,1,"VECTOR,BM25",False,True,0,0,0,False,,,,,,,,1.0,True,True,True,True,True,0,0,UNDETERMINED,Otherwise: Undetermined due to insufficient matches or multiple critical mismatches.,"A,B,E,F",,UNREVIEWED,,
M005114,M020293,Oil India Limited,Oil India Limited,Premium Connection Tubing & Accessories,Premium Connection Tubing & Accessories,0.99989820241239,31.42428276546647,1,"VECTOR,BM25",False,True,0,0,0,False,,,,,,,,1.0,True,True,True,True,True,0,0,UNDETERMINED,Otherwise: Undetermined due to insufficient matches or multiple critical mismatches.,"A,E,F",,UNREVIEWED,,
M004768,M019952,Oil India Limited,Oil India Limited,"Line Pipe, 1"" , ERW Galvanised, Screwed","Line Pipe, Steel, ERW, Size:114.3 mm (4.1/2"")",0.859084249208146,27.412437782096017,25,"VECTOR,BM25",False,False,0,1,1,False,,,,,,,,1.0,True,True,True,True,True,0,0,UNDETERMINED,Otherwise: Undetermined due to insufficient matches or multiple critical mismatches.,"A,F",,UNREVIEWED,,
M008337,M018140,Oil India Limited,Oil India Limited,"Civil and other miscellaneous maintenance works involving plumbing, carpentry, masonry etc. including supply of all materials in the company's owned / hired Installations / buildings in the districts ","Civil and other miscellaneous maintenance works involving plumbing, carpentry, masonry etc. including supply of all materials in the company's owned / hired Installations / buildings in the districts ",0.999777779788806,122.43175582473282,1,"VECTOR,BM25",False,True,0,0,0,False,,,,,,,,1.0,True,True,True,True,True,0,0,UNDETERMINED,Otherwise: Undetermined due to insufficient matches or multiple critical mismatches.,"A,B,E,F",,UNREVIEWED,,
M008337,M003039,Oil India Limited,Oil India Limited,"Civil and other miscellaneous maintenance works involving plumbing, carpentry, masonry etc. including supply of all materials in the company's owned / hired Installations / buildings in the districts ","Civil and other miscellaneous maintenance works involving plumbing, carpentry, masonry etc. including supply of all materials in the company's owned / hired Installations / buildings in the districts ",0.999777779788806,122.43175582473282,2,"VECTOR,BM25",False,True,0,0,0,False,,,,,,,,1.0,True,True,True,True,True,0,0,UNDETERMINED,Otherwise: Undetermined due to insufficient matches or multiple critical mismatches.,"A,B,E,F",,UNREVIEWED,,
M013234,M010258,Oil India Limited,Oil India Limited,"Launcher Barrel for 200mm NB(8"") Pipeline (Specification is As per Attachment A) Receiver Barrel for 200mm NB(8"") Pipeline (Specification is As per Attachment B) Flow tee (8x8x8) inch as per,Design co","Flexible Steel Hose, 1"" x 5000 psi WP, 12 ft long for BOPCU , Steel Hose Assy, Straight, 2"" x 12 ft x 15M, With 2"" Fig 1502 M x F union ends , Chiksan Steel Hose Assy, 2"" x 20 ft x 15M with 2 Style-10",0.70827509902823,0.0,1,VECTOR,False,False,2,2,0,False,,,,,,,,1.0,True,True,True,True,True,0,0,UNDETERMINED,Otherwise: Undetermined due to insufficient matches or multiple critical mismatches.,"F,H",,UNREVIEWED,,
M018421,M003316,Oil India Limited,Oil India Limited,DIESEL ENGINE DRIVEN RECIPROCATING PUMP,DIESEL ENGINE DRIVEN RECIPROCATING PUMP,0.999869513601127,33.91829286720692,1,"VECTOR,BM25",False,True,0,0,0,False,,,,,,,,1.0,True,True,True,True,True,0,0,UNDETERMINED,Otherwise: Undetermined due to insufficient matches or multiple critical mismatches.,"A,E,F",,UNREVIEWED,,
M004769,M019938,Oil India Limited,Oil India Limited,"Line Pipe, 1/2 inch , ERW, GI Screwed","Line Pipe, 1/2 inch , ERW, GI Screwed",0.896075097490053,47.63788342493244,1,"VECTOR,BM25",False,True,0,2,2,False,1.0,,,,,,,1.0,False,True,True,True,True,1,0,IDENTICAL,Priority 2: Identical because all available critical technical attributes match.,"A,E,F",,UNREVIEWED,,
M005114,M004610,Oil India Limited,Oil India Limited,Premium Connection Tubing & Accessories,IBR PIPES & FITTINGS,0.731688847167799,0.0,32,VECTOR,False,False,0,0,0,False,,,,,,,,1.0,True,True,True,True,True,0,1,UNDETERMINED,Otherwise: Undetermined due to insufficient matches or multiple critical mismatches.,"F,G",,UNREVIEWED,,
M006367,M010409,Oil India Limited,Oil India Limited,"10_ VALVE, GATE, API 6D, 8"" X600 CLASS , 20_ VALVE, GATE, API 6D, 4"" X600 CLASS , 30_ VALVE, GATE, API 6D, 6"" X600 CLASS , 40_ VALVE, GATE, API 6D, 4"" X600 CLASS","Gate Valve, API 6A,Qty: 65 Nos",0.792251602778855,73.96752543645455,22,"VECTOR,BM25",False,False,0,0,0,False,,,,,1.0,,,1.0,True,True,True,True,False,1,1,UNDETERMINED,Otherwise: Undetermined due to insufficient matches or multiple critical mismatches.,"B,F,G",,UNREVIEWED,,
M018227,M003123,Oil India Limited,Oil India Limited,"Construction of Brick Boundary Wall of 12 ft height with overhead Concertina Coil on ""Y"" hang for a Length of 998.00 Mtr at WHS MGM at Demow area under Sivsagar district","Construction of Brick Boundary Wall of 12 ft height with overhead Concertina Coil on ""Y"" hang for a Length of 765.00 Mtr at WHS MGO at Demow area under Dibrugarh district",0.952830037374185,95.37347367692757,4,"VECTOR,BM25",False,False,0,0,0,False,,,,,,,,1.0,True,True,True,True,True,0,0,UNDETERMINED,Otherwise: Undetermined due to insufficient matches or multiple critical mismatches.,"A,B,F",,UNREVIEWED,,
M006367,M007167,Oil India Limited,Oil India Limited,"10_ VALVE, GATE, API 6D, 8"" X600 CLASS , 20_ VALVE, GATE, API 6D, 4"" X600 CLASS , 30_ VALVE, GATE, API 6D, 6"" X600 CLASS , 40_ VALVE, GATE, API 6D, 4"" X600 CLASS",Ball Valve API 6D-07 items; Total Qty.: 36 Nos,0.782495400718014,72.99512368975421,24,"VECTOR,BM25",False,False,0,0,0,True,,,,,0.0,,,1.0,True,True,True,True,False,1,1,DISTINCT,Technical conflict detected.; Priority 1: Distinct due to explicit technical conflict.,"B,C,F",,UNREVIEWED,,
M005114,M005551,Oil India Limited,Oil India Limited,Premium Connection Tubing & Accessories,SRP Pumping tee etc,0.729483978065196,0.0,37,VECTOR,False,False,0,0,0,False,,,,,,,,1.0,True,True,True,True,True,0,1,UNDETERMINED,Otherwise: Undetermined due to insufficient matches or multiple critical mismatches.,"F,G",,UNREVIEWED,,
M013697,M004658,Oil India Limited,Oil India Limited,"Necessary Painting and repairing of Vaccant Quarters (B- type=2 units, A type= 4 units, D+=2 units), at PS-8, Sonapur","Inside painting work and miscellaneous repair jobs of bungalows (E1, E2 & D plus 4) and quarters (B type 2 units and C type 2 units) for newly transferred executives and unionised employees at PS8 Son",0.704954201102663,26.084145951006974,10,"VECTOR,BM25",False,False,0,0,0,False,,,,,,,,1.0,True,True,True,True,True,0,1,UNDETERMINED,Otherwise: Undetermined due to insufficient matches or multiple critical mismatches.,"F,G",,UNREVIEWED,,
M018421,M018568,Oil India Limited,Oil India Limited,DIESEL ENGINE DRIVEN RECIPROCATING PUMP,"Electric Motor Driven Air Compressor,Diesel Engine Driven Air Compressor",0.806715286245874,17.595457738601354,17,"VECTOR,BM25",False,False,0,0,0,True,,,,,,,,1.0,True,True,True,True,True,0,1,DISTINCT,Technical conflict detected.; Priority 1: Distinct due to explicit technical conflict.,"C,F",,UNREVIEWED,,
M011537,M011835,Oil India Limited,Oil India Limited,Hiring of Service for Patrolling (Line Walking) of Gas Pipeline ROW,Hiring of service for patrolling (line walking) of gas pipeline ROW,0.999881402069804,57.77756517801275,1,"VECTOR,BM25",False,True,0,0,0,False,,,,,,,,1.0,True,True,True,True,True,0,0,UNDETERMINED,Otherwise: Undetermined due to insufficient matches or multiple critical mismatches.,"A,E,F",,UNREVIEWED,,
M019567,M019564,Oil India Limited,Oil India Limited,"Hiring services of 03 (three) nos. readily available minimum 18 TM capacity Knuckle Boom Hydraulic Lorry Loaders as per specifications, terms & conditions as in the tender document, to be stationed at","Hiring services of 03 (three) Nos. Brand New Tractor Trailer Units built on minimum 55MT (55,000 kg) GCW capacity Ashok Leyland 5525/TATA Signa 5530.S /Eicher Pro 6055XP or any other equivalent make &",0.692134518211331,60.21056890824047,9,"VECTOR,BM25",False,False,0,0,0,False,,,,,,,,1.0,True,True,True,True,True,0,1,UNDETERMINED,Otherwise: Undetermined due to insufficient matches or multiple critical mismatches.,B,,UNREVIEWED,,
M004769,M019882,Oil India Limited,Oil India Limited,"Line Pipe, 1/2 inch , ERW, GI Screwed","LINE PIPE, 2"" , BLACK STEEL, ERW, SCREWED",0.83861530108334,31.122836087954962,33,"VECTOR,BM25",False,False,1,2,1,False,,,,,,,,1.0,True,True,True,True,True,0,0,UNDETERMINED,Otherwise: Undetermined due to insufficient matches or multiple critical mismatches.,F,,UNREVIEWED,,
M020783,M005588,Oil India Limited,Oil India Limited,SUPPLY OF 9 METER GALVANISED IRON STEEL TUBULAR POLE,SUPPLY OF 9 METER GALVANISED IRON STEEL TUBULAR POLE,0.99988399269261,52.98192097023258,3,"VECTOR,BM25",False,True,0,0,0,False,,,,,,,,1.0,True,True,True,True,True,0,0,UNDETERMINED,Otherwise: Undetermined due to insufficient matches or multiple critical mismatches.,"A,E,F",,UNREVIEWED,,
M011537,M011097,Oil India Limited,Oil India Limited,Hiring of Service for Patrolling (Line Walking) of Gas Pipeline ROW,"Hire the services of one number Brand New Light vehicle, Sumo or equivalent for Patrolling of Pipeline R.O.W under PS8, Sonapur, West Bengal",0.731052277497611,0.0,29,VECTOR,False,False,0,0,0,False,,,,,,,,1.0,True,True,True,True,True,0,1,UNDETERMINED,Otherwise: Undetermined due to insufficient matches or multiple critical mismatches.,"F,G",,UNREVIEWED,,
M018326,M003223,Oil India Limited,Oil India Limited,"Construction of five(5) numbers of RCC watch towers at Hapjan OCS & GCS including supply of all materials except cement. Total Estimated Cost Rs 66,76,961.28 (Execution cost Rs 65,20,470.00 and Forest","Construction of five(5) numbers of RCC watch towers at Hapjan OCS & GCS including supply of all materials except cement. Total Estimated Cost Rs 66,76,961.28 (Execution cost Rs 65,20,470.00 and Forest",0.999804741030143,148.277513238407,1,"VECTOR,BM25",False,True,0,0,0,False,,,,,,,,1.0,True,True,True,True,True,0,0,UNDETERMINED,Otherwise: Undetermined due to insufficient matches or multiple critical mismatches.,"A,B,E,F",,UNREVIEWED,,
M005940,M021142,Oil India Limited,Oil India Limited,Supply of Intrinsically Safe Device Communicator,Supply of Intrinsically Safe Device Communicator,0.999847568418307,43.963672209185205,1,"VECTOR,BM25",False,True,0,0,0,False,,,,,,,,1.0,True,True,True,True,True,0,0,UNDETERMINED,Otherwise: Undetermined due to insufficient matches or multiple critical mismatches.,"A,E,F",,UNREVIEWED,,
M002806,M000094,Oil India Limited,Indian Oil Corporation Limited,BLIND FLANGE,Bulk(Pipe/Fittings/Flanges/Va lve),0.743755789768156,0.0,44,VECTOR,True,False,0,0,0,True,,,,,,,,0.0,True,True,True,True,True,0,1,DISTINCT,Technical conflict detected.; Priority 1: Distinct due to explicit technical conflict.,"C,D,F",,UNREVIEWED,,
M003460,M018575,Oil India Limited,Oil India Limited,Electrical Distribution Panel (LT Panel),Electrical Distribution Panel (LT Panel),0.999884857908381,49.2611154892601,1,"VECTOR,BM25",False,True,0,0,0,False,,,,,,,,1.0,True,True,True,True,True,0,0,UNDETERMINED,Otherwise: Undetermined due to insufficient matches or multiple critical mismatches.,"A,E,F",,UNREVIEWED,,
M008762,M003347,Oil India Limited,Oil India Limited,"Construction of Plinth, RCC foundation and Approach Road of exploratory drilling well Loc. …","Development of Approach Road, Construction of Well plinth including perimeter dwarf wall, Road over plinth, construction of CC/RCC Foundation to suit E-1400 AC/SCR Rig outfit at any other drilling loc",0.759186424976188,0.0,31,VECTOR,False,False,0,0,0,False,,,,,,,,1.0,True,True,True,True,True,0,1,UNDETERMINED,Otherwise: Undetermined due to insufficient matches or multiple critical mismatches.,"F,G",,UNREVIEWED,,
M010319,M000661,Oil India Limited,Indian Oil Corporation Limited,For the supply of PAC (SL),SUPPLY OF SLIDING PLATES,0.726116417661869,0.0,20,VECTOR,True,False,0,0,0,False,,,,,,,,1.0,True,True,True,True,True,0,0,UNDETERMINED,Otherwise: Undetermined due to insufficient matches or multiple critical mismatches.,"D,F",,UNREVIEWED,,
M003073,M018175,Oil India Limited,Oil India Limited,Construction of (G plus 1)Storied (with the provision of extension by 1(one)more floor in future)for OGPL Building with Car Parking Sheds/Garages at Duliajan(Assam)including internal electrification &,Construction of (G plus 1)Storied (with the provision of extension by 1(one)more floor in future)for OGPL Building with Car Parking Sheds/Garages at Duliajan(Assam)including internal electrification &,0.999817377732398,117.28827015096827,1,"VECTOR,BM25",False,True,0,0,0,False,,,,,,,,1.0,True,True,True,True,True,0,0,UNDETERMINED,Otherwise: Undetermined due to insufficient matches or multiple critical mismatches.,"A,B,E,F",,UNREVIEWED,,
M020783,M005915,Oil India Limited,Oil India Limited,SUPPLY OF 9 METER GALVANISED IRON STEEL TUBULAR POLE,Supply of Electrical Rescue Rod,0.713091713366162,0.0,49,VECTOR,False,False,0,0,0,False,,,,,,,,1.0,True,True,True,True,True,0,1,UNDETERMINED,Otherwise: Undetermined due to insufficient matches or multiple critical mismatches.,"F,G",,UNREVIEWED,,
M000764,M017671,NTPC Limited,Oil India Limited,1.10 MW rating of Generator,125 kVA Genset,0.701752615331391,0.0,22,VECTOR,True,False,0,0,0,False,,,,,,,,1.0,True,True,True,True,True,0,1,UNDETERMINED,Otherwise: Undetermined due to insufficient matches or multiple critical mismatches.,"D,F,G",,UNREVIEWED,,
M017594,M002524,Oil India Limited,NTPC Limited,Hoses. Hoses,FIRE FIGHTING HOSES,0.800999571855884,10.257370682900884,18,"VECTOR,BM25",True,False,0,0,0,False,,,,,,,,1.0,True,True,True,True,True,0,1,UNDETERMINED,Otherwise: Undetermined due to insufficient matches or multiple critical mismatches.,"D,F,G",,UNREVIEWED,,
M002910,M018303,Oil India Limited,Oil India Limited,"CONSTRUCTION OF BOUNDARY WALL INCLUDING RETAINING WALL, 02 NOS OF GATE FOR DEVELOPMENT OF SURFACE FACILITY AND SUB STATION CUM SWITCH YARD BUILDING TO SUPPLY OIL FIELD GAS TO IGGL AT DULIAJAN NEAR CGG","Construction of a New RCC Sub Station Building with Boundary wall (Total Ht 2.4 metre, 1.2 mtr Brick wall & 1.2 metre XPM) around the Substation inside OIL Industrial Area at Moran including supply of",0.656099357668106,65.52407133565825,12,"VECTOR,BM25",False,False,0,0,0,False,,,,,,,,1.0,True,True,True,True,True,0,1,UNDETERMINED,Otherwise: Undetermined due to insufficient matches or multiple critical mismatches.,B,,UNREVIEWED,,
M006042,M016424,Oil India Limited,Oil India Limited,"Supply of unskilled WCL's (Category-I) Manpower Services for Assistance in Pumping Operations and Miscellaneous Activities at Pump Station-1 , Kathalguri repeater station, Digboi Terminal, Kharsang, M","Supply of Listed WCL Category-I for providing the services for assistance in pumping operation and other miscellaneous jobs at Pump Station-1 , Kathalguri pigging station, Digboi, Kharsang, Manubhum a",0.874805255666805,83.89252702204809,2,"VECTOR,BM25",False,False,0,0,0,False,,,,,,,,1.0,True,True,True,True,True,0,1,UNDETERMINED,Otherwise: Undetermined due to insufficient matches or multiple critical mismatches.,"A,B,F,G",,UNREVIEWED,,
M010916,M003827,Oil India Limited,Oil India Limited,HOSES - MISCELLANEOUS,HOSES MISCELLANEOUS,0.989162153201269,16.985292415667246,3,"VECTOR,BM25",False,True,0,0,0,False,,,,,,,,1.0,True,True,True,True,True,0,0,UNDETERMINED,Otherwise: Undetermined due to insufficient matches or multiple critical mismatches.,"A,E,F",,UNREVIEWED,,
M013591,M014383,Oil India Limited,Oil India Limited,Mobile Dispensary services under CSR activities for Oil India Limited (OIL),"Printing of new Delegation of Power (DoP) and System & Procedure for DoP of Oil India Limited - August, 2021",0.720138547827005,0.0,43,VECTOR,False,False,0,0,0,False,,,,,,,,1.0,True,True,True,True,True,0,1,UNDETERMINED,Otherwise: Undetermined due to insufficient matches or multiple critical mismatches.,"F,G",,UNREVIEWED,,
M018833,M003711,Oil India Limited,Oil India Limited,"HIRING OF SERVICES FOR BHP DATA ACQUISITION & INTERPRETATION, RESERVOIR FLUID SAMPLING AT BAGHEWALA HEAVY OIL FIELD FOR A PERIOD OF THREE(03) YEARS","HIRING OF SERVICES FOR BHP DATA ACQUISITION & INTERPRETATION, RESERVOIR FLUID SAMPLING AT BAGHEWALA HEAVY OIL FIELD FOR A PERIOD OF THREE(03) YEARS",0.999869429791548,80.2244493751827,1,"VECTOR,BM25",False,True,0,0,0,False,,,,,,,,1.0,True,True,True,True,True,0,0,UNDETERMINED,Otherwise: Undetermined due to insufficient matches or multiple critical mismatches.,"A,B,E,F",,UNREVIEWED,,
M021247,M016424,Oil India Limited,Oil India Limited,"Supply of unskilled WCL's (Category-I) Manpower Services for Assistance in Pumping Operations and Miscellaneous Activities at Pump Station-1 , Kathalguri repeater station, Digboi Terminal, Kharsang, M","Supply of Listed WCL Category-I for providing the services for assistance in pumping operation and other miscellaneous jobs at Pump Station-1 , Kathalguri pigging station, Digboi, Kharsang, Manubhum a",0.874805255666805,83.89252702204809,2,"VECTOR,BM25",False,False,0,0,0,False,,,,,,,,1.0,True,True,True,True,True,0,1,UNDETERMINED,Otherwise: Undetermined due to insufficient matches or multiple critical mismatches.,"A,B,F,G",,UNREVIEWED,,
M013425,M020041,Oil India Limited,Oil India Limited,"MICRONIZED CALCIUM CARBONATE (QTY.: 8,00,000 KG)",Micronized Calcium Carbonate,0.935129219087804,35.56839268297439,4,"VECTOR,BM25",False,False,0,0,0,False,,,,,,,,1.0,True,True,True,True,True,0,1,UNDETERMINED,Otherwise: Undetermined due to insufficient matches or multiple critical mismatches.,"A,F,G",,UNREVIEWED,,
M005622,M010944,Oil India Limited,Oil India Limited,SUPPLY OF HANDHELD HYDRAULIC PRESSURE TEST PUMP,HYDRAULIC HAND OPERATED TEST PUMP,0.884242332780697,19.491914939166815,4,"VECTOR,BM25",False,False,0,0,0,False,,,,,,,,1.0,True,True,True,True,True,0,1,UNDETERMINED,Otherwise: Undetermined due to insufficient matches or multiple critical mismatches.,"A,F,G",,UNREVIEWED,,
M005407,M020597,Oil India Limited,Oil India Limited,Replacement of the Domestic Water supply line of PS-3 Jorhat Residential area including supply of all materials,Replacement of the Domestic Water supply line of PS-3 Jorhat Residential area including supply of all materials,0.999856799968282,61.18389641470338,1,"VECTOR,BM25",False,True,0,0,0,False,,,,,,,,1.0,True,True,True,True,True,0,0,UNDETERMINED,Otherwise: Undetermined due to insufficient matches or multiple critical mismatches.,"A,B,E,F",,UNREVIEWED,,
M008692,M003225,Oil India Limited,Oil India Limited,"Construction of Gravelled Approach Road, Plinth, Foundations and Dwarf wall to suit CH 3 QUIPPO 2 NEW (E 2000 HP) rig or any other E 2000 HP equivalent Drilling rig for Drilling location at Kharsang o","Construction of gravel Approach road, Plinth, Foundation & Dwarf Wall to suit CH-10 (E-3000) or any other E-3000 HP equivalent drilling rig out fit for drilling two numbers of wells at any area of Aru",0.914861571908395,66.37869142310842,11,"VECTOR,BM25",False,False,0,0,0,False,,,,,,,,1.0,True,True,True,True,True,0,1,UNDETERMINED,Otherwise: Undetermined due to insufficient matches or multiple critical mismatches.,"A,B,F,G",,UNREVIEWED,,
M008692,M008686,Oil India Limited,Oil India Limited,"Construction of Gravelled Approach Road, Plinth, Foundations and Dwarf wall to suit CH 3 QUIPPO 2 NEW (E 2000 HP) rig or any other E 2000 HP equivalent Drilling rig for Drilling location at Kharsang o","Construction of Gravel Approach Road of length 1.0 km (approx.), Plinth and Foundations to suit 2000 HP Drilling rig or equivalent drilling rig in Kumchai area in Arunachal Pradesh",0.869811036117107,79.43696179996888,15,"VECTOR,BM25",False,False,0,0,0,False,,,,,,,,1.0,True,True,True,True,True,0,1,UNDETERMINED,Otherwise: Undetermined due to insufficient matches or multiple critical mismatches.,"A,B,F,G",,UNREVIEWED,,
M009820,M012512,Oil India Limited,Oil India Limited,"ENVIRONMENTAL QUALITY MONITORING AT PUMP STATION-5,NOONMATI SECTOR FOR AMBIENT AIR QUALITY MONITORING,STACK GAS MONITORING OF IC ENGINES AND SOUND LEVEL MONITORING INCLUDING EFFLUENT WATER ANALYSIS FO","Hiring the services for environmental quality monitoring for ambient air quality monitoring, stack gas monitoring of IC Engines and Sound Level monitoring including effluent water analysis for a perio",0.720922238811568,86.59892358012397,5,"VECTOR,BM25",False,False,0,0,0,False,,,,,,,,1.0,True,True,True,True,True,0,1,UNDETERMINED,Otherwise: Undetermined due to insufficient matches or multiple critical mismatches.,"B,F,G",,UNREVIEWED,,
M009820,M016802,Oil India Limited,Oil India Limited,"ENVIRONMENTAL QUALITY MONITORING AT PUMP STATION-5,NOONMATI SECTOR FOR AMBIENT AIR QUALITY MONITORING,STACK GAS MONITORING OF IC ENGINES AND SOUND LEVEL MONITORING INCLUDING EFFLUENT WATER ANALYSIS FO","TESTING OF ENVIRONMENTAL PARAMETERS (AMBIENT AIR QUALITY,STACK MISSION,EFFLUENT SAMPLE,DRINKING WATER & NOISE) AT BARAUNI PUMP STATION, BEGUSARI , BIHAR FOR YEAR 2020",0.726826504454721,40.60120663665479,4,"VECTOR,BM25",False,False,0,0,0,False,,,,,,,,1.0,True,True,True,True,True,0,1,UNDETERMINED,Otherwise: Undetermined due to insufficient matches or multiple critical mismatches.,"F,G",,UNREVIEWED,,
M009057,M008903,Oil India Limited,Oil India Limited,"Construction/Repairing of Bituminous road by 75 mm thick WBM, 20 mm thick Premixing with Seal Coat","Construction of bituminous road by,150 mm thick granular sub base,75 mm thick WBM in two layers",0.816743235877354,40.97315053317025,8,"VECTOR,BM25",False,False,0,0,0,True,0.0,,,,,,,1.0,False,True,True,True,True,1,0,DISTINCT,Technical conflict detected.; Priority 1: Distinct due to explicit technical conflict.,"C,F",,UNREVIEWED,,
M009057,M015146,Oil India Limited,Oil India Limited,"Construction/Repairing of Bituminous road by 75 mm thick WBM, 20 mm thick Premixing with Seal Coat","Repairing of Bituminous road from Duliagaon to Solakotoki (3000.00 Mtr) by repairing WBM, applying tack coat 20 mm thick premix-carpetting, seal coat, replacement of existing damaged HPC including sup",0.813870380028866,38.29802749089022,9,"VECTOR,BM25",False,False,0,0,0,True,0.0,,,,,,,1.0,False,True,True,True,True,1,1,DISTINCT,Technical conflict detected.; Priority 1: Distinct due to explicit technical conflict.,"C,F",,UNREVIEWED,,
M009057,M008662,Oil India Limited,Oil India Limited,"Construction/Repairing of Bituminous road by 75 mm thick WBM, 20 mm thick Premixing with Seal Coat","Construction of Dust Free road over existing gravel road leading to Loc.HUN-1 by construction of 150 MM GSB, construction of two layers of 75 MM thick WBM, 20 MM thick premix carpeting, applying tack ",0.793168909487491,40.28156667971305,11,"VECTOR,BM25",False,False,0,0,0,True,0.0,,,,,,,1.0,False,True,True,True,True,1,1,DISTINCT,Technical conflict detected.; Priority 1: Distinct due to explicit technical conflict.,"C,F",,UNREVIEWED,,
M017797,M002708,Oil India Limited,Oil India Limited,A3 Colour Laser MFP,A3 Colour Laser MFP,0.999837974657558,41.66118669210787,1,"VECTOR,BM25",False,True,0,0,0,False,,,,,,,,1.0,True,True,True,True,True,0,0,UNDETERMINED,Otherwise: Undetermined due to insufficient matches or multiple critical mismatches.,"A,E,F",,UNREVIEWED,,
M009057,M008572,Oil India Limited,Oil India Limited,"Construction/Repairing of Bituminous road by 75 mm thick WBM, 20 mm thick Premixing with Seal Coat","Construction of Bituminous road leading to well plinth BGP#007 with 100 mm thick GSB , 150 mm thick WBM , 40 mm SDBC and sealcoat including supply of all materials by the contractor except cement .Tot",0.789110810957867,0.0,24,VECTOR,False,False,0,0,0,True,0.0,,,,,,,1.0,False,True,True,True,True,1,1,DISTINCT,Technical conflict detected.; Priority 1: Distinct due to explicit technical conflict.,"C,F",,UNREVIEWED,,
M009057,M015104,Oil India Limited,Oil India Limited,"Construction/Repairing of Bituminous road by 75 mm thick WBM, 20 mm thick Premixing with Seal Coat","Repairing and Strengthening of Existing Bituminous Road from Bhadoi Panchali Junction Point to Ahom Dhaba (Total length 1.90 KMs) by repairing WBM, laying 50 MM thick BM & 40 MM thick SDBC with road f",0.781657589298841,0.0,25,VECTOR,False,False,0,0,0,True,0.0,,,,,,,1.0,False,True,True,True,True,1,1,DISTINCT,Technical conflict detected.; Priority 1: Distinct due to explicit technical conflict.,"C,F",,UNREVIEWED,,
M002551,M002229,NTPC Limited,NTPC Limited,"Radiography, other NDT Job and Stress Relieving/Heat Treatmentin Plant","Radiography, other NDT Job and Stress Relieving/Heat Treatmentin Plant",0.99983503269382,71.31246367384433,1,"VECTOR,BM25",False,True,0,0,0,False,,,,,,,,1.0,True,True,True,True,True,0,0,UNDETERMINED,Otherwise: Undetermined due to insufficient matches or multiple critical mismatches.,"A,B,E,F",,UNREVIEWED,,
M009057,M008571,Oil India Limited,Oil India Limited,"Construction/Repairing of Bituminous road by 75 mm thick WBM, 20 mm thick Premixing with Seal Coat","Construction of Bituminous road leading to well plinth BGP#005 with 100 mm thick GSB, 150 mm thick WBM , 25 mm SDBC and sealcoat including supply of all materials by the contractor except cement . Tot",0.769536712007729,0.0,32,VECTOR,False,False,0,0,0,True,0.0,,,,,,,1.0,False,True,True,True,True,1,1,DISTINCT,Technical conflict detected.; Priority 1: Distinct due to explicit technical conflict.,"C,F",,UNREVIEWED,,
M002450,M016794,NTPC Limited,Oil India Limited,Temperature Transmitter,TEMPERATURE CALIBRATOR – 01 No,0.828083864727611,8.159911885129945,4,"VECTOR,BM25",True,False,0,0,0,False,,,,,,,,1.0,True,True,True,True,True,0,1,UNDETERMINED,Otherwise: Undetermined due to insufficient matches or multiple critical mismatches.,"D,F,G",,UNREVIEWED,,
M021158,M004830,Oil India Limited,Oil India Limited,Supply of MS Channel,MS Bar MS Bar,0.787473409815879,13.95950135996198,17,"VECTOR,BM25",False,False,0,1,1,False,,,,,,,,1.0,True,True,True,True,True,0,1,UNDETERMINED,Otherwise: Undetermined due to insufficient matches or multiple critical mismatches.,"F,G",,UNREVIEWED,,
M021158,M019999,Oil India Limited,Oil India Limited,Supply of MS Channel,MS Bar MS Bar,0.787473409815879,13.95950135996198,16,"VECTOR,BM25",False,False,0,1,1,False,,,,,,,,1.0,True,True,True,True,True,0,1,UNDETERMINED,Otherwise: Undetermined due to insufficient matches or multiple critical mismatches.,"F,G",,UNREVIEWED,,
M008415,M009832,Oil India Limited,Oil India Limited,Cone Plate Rheometer,EP Lubricity Tester,0.700638193786505,0.0,33,VECTOR,False,False,0,0,0,False,,,,,,,,1.0,True,True,True,True,True,0,0,UNDETERMINED,Otherwise: Undetermined due to insufficient matches or multiple critical mismatches.,F,,UNREVIEWED,,
M019744,M004579,Oil India Limited,Oil India Limited,Hoses. Hoses,Hoses Hoses,0.94154706193206,12.774098705392547,4,"VECTOR,BM25",False,True,0,0,0,False,,,,,,,,1.0,True,True,True,True,True,0,0,UNDETERMINED,Otherwise: Undetermined due to insufficient matches or multiple critical mismatches.,"A,E,F",,UNREVIEWED,,
M019744,M019743,Oil India Limited,Oil India Limited,Hoses. Hoses,Hoses Hoses,0.9412593344885,12.774098705392547,5,"VECTOR,BM25",False,True,0,0,0,False,,,,,,,,1.0,True,True,True,True,True,0,0,UNDETERMINED,Otherwise: Undetermined due to insufficient matches or multiple critical mismatches.,"A,E,F",,UNREVIEWED,,
M002450,M006130,NTPC Limited,Oil India Limited,Temperature Transmitter,Temperature and pressure guages,0.781432842363866,8.459588326550918,10,"VECTOR,BM25",True,False,0,0,0,False,,,,,,,,1.0,True,True,True,True,True,0,1,UNDETERMINED,Otherwise: Undetermined due to insufficient matches or multiple critical mismatches.,"D,F,G",,UNREVIEWED,,
M002450,M006096,NTPC Limited,Oil India Limited,Temperature Transmitter,TEMPERATURE GAUGE FOR RGBC,0.770814354993799,8.459588326550918,11,"VECTOR,BM25",True,False,0,0,0,False,,,,,,,,1.0,True,True,True,True,True,0,0,UNDETERMINED,Otherwise: Undetermined due to insufficient matches or multiple critical mismatches.,"D,F",,UNREVIEWED,,
M002450,M003378,NTPC Limited,Oil India Limited,Temperature Transmitter,Displacer type level transmitter,0.74659429661465,8.271443135395335,16,"VECTOR,BM25",True,False,0,0,0,False,,,,,,,,1.0,True,True,True,True,True,0,1,UNDETERMINED,Otherwise: Undetermined due to insufficient matches or multiple critical mismatches.,"D,F,G",,UNREVIEWED,,
M015286,M000505,Oil India Limited,Indian Oil Corporation Limited,"Retractable Telescopic Boom type, hydraulic hand pump operated",hydraulic press,0.735874077766631,0.0,31,VECTOR,True,False,0,0,0,False,,,,,,,,1.0,True,True,True,True,True,0,1,UNDETERMINED,Otherwise: Undetermined due to insufficient matches or multiple critical mismatches.,"D,F,G",,UNREVIEWED,,
M020785,M016408,Oil India Limited,Oil India Limited,SUPPLY OF 90 WATT STREET LIGHT LED LUMINAIRE,"Supply of LED Luminaries, for street lighting purpose",0.908791382223673,20.30696457197487,2,"VECTOR,BM25",False,False,0,0,0,False,,,,,,,,1.0,True,True,True,True,True,0,1,UNDETERMINED,Otherwise: Undetermined due to insufficient matches or multiple critical mismatches.,"A,F,G",,UNREVIEWED,,
M004962,M020137,Oil India Limited,Oil India Limited,OVERALLS OVERALLS,OVERALLS OVERALLS,0.999847291463719,36.415534289384,1,"VECTOR,BM25",False,True,0,0,0,False,,,,,,,,1.0,True,True,True,True,True,0,0,UNDETERMINED,Otherwise: Undetermined due to insufficient matches or multiple critical mismatches.,"A,E,F",,UNREVIEWED,,
M017797,M000029,Oil India Limited,Indian Oil Corporation Limited,A3 Colour Laser MFP,A3 Printer,0.747242060263211,11.377521659146312,30,"VECTOR,BM25",True,False,0,0,0,False,,,,,,,,0.0,True,True,True,True,True,0,1,UNDETERMINED,Otherwise: Undetermined due to insufficient matches or multiple critical mismatches.,"D,F,G",,UNREVIEWED,,
M018657,M003538,Oil India Limited,Oil India Limited,FIRE TUBE for EMULSION TREATER (ET),FIRE TUBE for EMULSION TREATER (ET),0.945308842717396,43.698566700547616,1,"VECTOR,BM25",False,True,0,0,0,False,,,,,,,,1.0,True,True,True,True,True,0,0,UNDETERMINED,Otherwise: Undetermined due to insufficient matches or multiple critical mismatches.,"A,E,F",,UNREVIEWED,,
M002450,M018970,NTPC Limited,Oil India Limited,Temperature Transmitter,Handheld Digital Infrared Thermometer,0.813327577621341,0.0,24,VECTOR,True,False,0,0,0,False,,,,,,,,1.0,True,True,True,True,True,0,1,UNDETERMINED,Otherwise: Undetermined due to insufficient matches or multiple critical mismatches.,"D,F,G",,UNREVIEWED,,
M019744,M021196,Oil India Limited,Oil India Limited,Hoses. Hoses,Supply of Rotary Drilling Hoses,0.756385470772575,9.530646822133345,28,"VECTOR,BM25",False,False,0,0,0,False,,,,,,,,1.0,True,True,True,True,True,0,1,UNDETERMINED,Otherwise: Undetermined due to insufficient matches or multiple critical mismatches.,"F,G",,UNREVIEWED,,
M014483,M021152,Oil India Limited,Oil India Limited,Procurement of Liquid Nitrogen of Purity Not Less than 99% under Rate Contract for 02(Two) Years,Supply of Liquid Nitrogen of Purity Not Less than 99% under Rate Contract for 02(Two) Years,0.951027216658557,73.25432205364477,1,"VECTOR,BM25",False,False,0,0,0,False,,,,,,,,1.0,True,True,True,True,True,0,0,UNDETERMINED,Otherwise: Undetermined due to insufficient matches or multiple critical mismatches.,"A,B,F",,UNREVIEWED,,
M002450,M005888,NTPC Limited,Oil India Limited,Temperature Transmitter,Supply of Balmerol Grease TC or Equivalent,0.736661211522092,0.0,37,VECTOR,True,False,0,0,0,False,,,,,,,,1.0,True,True,True,True,True,0,1,UNDETERMINED,Otherwise: Undetermined due to insufficient matches or multiple critical mismatches.,"D,F,G",,UNREVIEWED,,
M000955,M000954,NTPC Limited,NTPC Limited,Rewinding Of 3 Ph 5 HP Motor,Rewinding Of 3 Ph 3HP Motor,0.958878456421483,35.25426643039876,5,"VECTOR,BM25",False,False,0,0,0,False,,,,,,,,1.0,True,True,True,True,True,0,0,UNDETERMINED,Otherwise: Undetermined due to insufficient matches or multiple critical mismatches.,"A,F",,UNREVIEWED,,
M002450,M000284,NTPC Limited,Indian Oil Corporation Limited,Temperature Transmitter,Magnetic Hotplates,0.728623143875198,0.0,44,VECTOR,True,False,0,0,0,False,,,,,,,,1.0,True,True,True,True,True,0,0,UNDETERMINED,Otherwise: Undetermined due to insufficient matches or multiple critical mismatches.,"D,F",,UNREVIEWED,,
M000771,M000881,NTPC Limited,NTPC Limited,"10_ M1613514555_ PIPE, BLK, CS, FE410, 9.5MM, 457MM, 450MM ( 4000 meter )","M1613517861_ PIPE, BLK, CS, FE410, 9.5MM, 508MM, 500MM ( 4000 meter )",0.916997873888031,54.75718371725878,2,"VECTOR,BM25",False,False,0,1,1,False,1.0,,1.0,,,,,1.0,False,True,False,True,True,2,0,IDENTICAL,Priority 2: Identical because all available critical technical attributes match.,"A,F",,UNREVIEWED,,
M001143,M000917,NTPC Limited,NTPC Limited,"PIPE, BLK, CS, FE410, 9.5MM, 457MM","PIPE:BLK, CORTEN,A423GR1,ERW,2MM,40MM",0.826768580286318,0.0,8,VECTOR,False,False,0,1,1,True,0.0,,,,,,,1.0,False,True,True,True,True,1,0,DISTINCT,Technical conflict detected.; Priority 1: Distinct due to explicit technical conflict.,"C,F",,UNREVIEWED,,
M020882,M017631,Oil India Limited,Oil India Limited,"SWING CHECK VALVE DN350(14"") CLASS 150","SWING CHECK VALVE DN350(14"") CLASS 150",0.922217937676792,44.137383499096835,1,"VECTOR,BM25",False,True,0,0,0,False,1.0,1.0,,,,,,1.0,False,False,True,True,True,2,0,IDENTICAL,Priority 2: Identical because all available critical technical attributes match.,"A,E,F",,UNREVIEWED,,
M000955,M005581,NTPC Limited,Oil India Limited,Rewinding Of 3 Ph 5 HP Motor,SUPPLY OF 380 HP ELECTRICAL MOTOR,0.703732919956028,16.975878239529525,17,"VECTOR,BM25",True,False,0,0,0,False,,,,,,,,1.0,True,True,True,True,True,0,0,UNDETERMINED,Otherwise: Undetermined due to insufficient matches or multiple critical mismatches.,"D,F",,UNREVIEWED,,
M016288,M002759,Oil India Limited,Oil India Limited,Supply of AC BUNK HOUSE – 03NOS,Accommodation BUNK HOUSE,0.76969355318954,16.849859821930572,16,"VECTOR,BM25",False,False,0,0,0,False,,,,,,,,1.0,True,True,True,True,True,0,1,UNDETERMINED,Otherwise: Undetermined due to insufficient matches or multiple critical mismatches.,"F,G",,UNREVIEWED,,
M020785,M007506,Oil India Limited,Oil India Limited,SUPPLY OF 90 WATT STREET LIGHT LED LUMINAIRE,Bids for SUPPLY OF LED STREET LIGHTS QTY = 270 NOS,0.780696547909002,19.120431462816924,32,"VECTOR,BM25",False,False,0,0,0,False,,,,,,,,1.0,True,True,True,True,True,0,0,UNDETERMINED,Otherwise: Undetermined due to insufficient matches or multiple critical mismatches.,F,,UNREVIEWED,,
M020785,M020786,Oil India Limited,Oil India Limited,SUPPLY OF 90 WATT STREET LIGHT LED LUMINAIRE,SUPPLY OF 90W LED LUMINARIES,0.924378290325662,0.0,34,VECTOR,False,False,0,0,0,False,,,,,,,,1.0,True,True,True,True,True,0,1,UNDETERMINED,Otherwise: Undetermined due to insufficient matches or multiple critical mismatches.,"A,F,G",,UNREVIEWED,,
M000771,M013180,NTPC Limited,Oil India Limited,"10_ M1613514555_ PIPE, BLK, CS, FE410, 9.5MM, 457MM, 450MM ( 4000 meter )","LINE PIPE LINE PIPE 100 MM (4"")",0.749313755098296,0.0,16,VECTOR,True,False,1,1,0,True,0.0,,,,,,,1.0,False,True,True,True,True,1,1,DISTINCT,Technical conflict detected.; Priority 1: Distinct due to explicit technical conflict.,"C,D,F",,UNREVIEWED,,
M003788,M003756,Oil India Limited,Oil India Limited,"HIRING THE SERVICES OF 1 (ONE) NO. BRAND NEW MAHINDRA BOLERO NEO N10 BS6, 2.0 OR ITS HIGHER MODEL, DIESEL ENGINE DRIVEN VEHICLE WITH BS6 COMPLIANCE FOR RANGAPANI TERMINAL FOR PLYING UNDER THE OPERATIO","HIRING SERVICES OF 1(ONE) NO. BRAND NEW MAHINDRA BOLERO, B6, BS-VI, 2.0 (DIESEL DRIVEN, 2WD, OR SUBSTANTIALLY EQUIVALENT HAVING COMMERCIAL REGISTRATION, INCLUDING ALL MANDATORY COMPANY PROVIDED FITTIN",0.833599003761895,0.0,26,VECTOR,False,False,0,0,0,False,,,,,,,,1.0,True,True,True,True,True,0,1,UNDETERMINED,Otherwise: Undetermined due to insufficient matches or multiple critical mismatches.,"F,G",,UNREVIEWED,,
M020882,M016771,Oil India Limited,Oil India Limited,"SWING CHECK VALVE DN350(14"") CLASS 150","Swing Check valve 2 inch x 300 class , Swing Check valve 4 inch x 150 class , Swing Check Valve 4 inch x 300 class , Swing Check valve 4 inch x 900 class , Swing Check valve 6 inch x 150 class , Swing",0.764693860675095,36.33899810709311,8,"VECTOR,BM25",False,False,0,0,0,True,0.0,,,,,,,1.0,False,True,True,True,True,1,1,DISTINCT,Technical conflict detected.; Priority 1: Distinct due to explicit technical conflict.,"C,F",,UNREVIEWED,,
M016377,M000401,Oil India Limited,Indian Oil Corporation Limited,Supply of HYDROCHLORIC ACID (QTY-100000 Ltr.),ST5014 (Lithium Hydroxide,0.742765250308303,0.0,21,VECTOR,True,False,0,0,0,False,,,,,,,,0.0,True,True,True,True,True,0,1,UNDETERMINED,Otherwise: Undetermined due to insufficient matches or multiple critical mismatches.,"D,F,G",,UNREVIEWED,,
M011874,M004220,Oil India Limited,Oil India Limited,Hiring of services for Construction of 01 no. of 795 KL capacity and 01 no. of 160 KL capacity Crude Oil storage tanks,Hiring of services for Construction of 01 (one) no. of 160KL Crude Oil Storage Tank,0.876412821018448,48.594256316276685,6,"VECTOR,BM25",False,False,0,0,0,False,,,,,,,,1.0,True,True,True,True,True,0,1,UNDETERMINED,Otherwise: Undetermined due to insufficient matches or multiple critical mismatches.,"A,F,G",,UNREVIEWED,,
M004689,M019852,Oil India Limited,Oil India Limited,"Jungle cutting and cleaning outside of industrial and domestic area, around helipad and CISF complex at PS-3, Jorhat for a period 2 (two) years","JUNGLE CUTTING AND CLEANING OUTSIDE OF INDUSTRIAL AND DOMESTIC AREA , AROUND HELIPAD AND CISF COMPLEX AT PS-3,JORHAT",0.962033195679954,71.03938340824314,2,"VECTOR,BM25",False,False,0,0,0,False,,,,,,,,1.0,True,True,True,True,True,0,1,UNDETERMINED,Otherwise: Undetermined due to insufficient matches or multiple critical mismatches.,"A,B,F,G",,UNREVIEWED,,
M004689,M013121,Oil India Limited,Oil India Limited,"Jungle cutting and cleaning outside of industrial and domestic area, around helipad and CISF complex at PS-3, Jorhat for a period 2 (two) years","JUNGLE CUTTING AND CLEANING OUTSIDE OF INDUSTRIAL AND DOMESTIC AREA, AROUND HELIPAD AND CISF COMPLEX AT PS- 3, JORHAT",0.958290798243348,64.99874490878784,4,"VECTOR,BM25",False,False,0,0,0,False,,,,,,,,1.0,True,True,True,True,True,0,1,UNDETERMINED,Otherwise: Undetermined due to insufficient matches or multiple critical mismatches.,"A,B,F,G",,UNREVIEWED,,
M013321,M013322,Oil India Limited,Oil India Limited,"Line Pipe, 114.3 mm, Steel, ERW. Qty: 15 KM","Line Pipe, 12.7mm, Seamless, Qty: 3 KM",0.778796538083578,22.2180346237253,10,"VECTOR,BM25",False,False,1,1,0,True,0.0,,,,,,,1.0,False,True,True,True,True,1,0,DISTINCT,Technical conflict detected.; Priority 1: Distinct due to explicit technical conflict.,"C,F",,UNREVIEWED,,
M000771,M019947,NTPC Limited,Oil India Limited,"10_ M1613514555_ PIPE, BLK, CS, FE410, 9.5MM, 457MM, 450MM ( 4000 meter )","Line Pipe, 6"" & 10"", Steel, ERW Bevelled",0.720769177058396,0.0,31,VECTOR,True,False,0,1,1,False,,,,,,,,1.0,True,True,True,True,True,0,1,UNDETERMINED,Otherwise: Undetermined due to insufficient matches or multiple critical mismatches.,"D,F,G",,UNREVIEWED,,
M003788,M010791,Oil India Limited,Oil India Limited,"HIRING THE SERVICES OF 1 (ONE) NO. BRAND NEW MAHINDRA BOLERO NEO N10 BS6, 2.0 OR ITS HIGHER MODEL, DIESEL ENGINE DRIVEN VEHICLE WITH BS6 COMPLIANCE FOR RANGAPANI TERMINAL FOR PLYING UNDER THE OPERATIO",HIRING SERVICES OF 1(ONE) MAHINDRA BOLERO B4(BASE MODEL) VEHICLE FOR A PERIOD OF 4(FOUR) YEARS FOR SHIFT DUTY AND OTHER OPERATIONAL PURPOSES AT NUMALIGARH TERMINAL) YEARS,0.755845554955418,0.0,42,VECTOR,False,False,0,0,0,False,,,,,,,,1.0,True,True,True,True,True,0,1,UNDETERMINED,Otherwise: Undetermined due to insufficient matches or multiple critical mismatches.,"F,G",,UNREVIEWED,,
M000771,M013320,NTPC Limited,Oil India Limited,"10_ M1613514555_ PIPE, BLK, CS, FE410, 9.5MM, 457MM, 450MM ( 4000 meter )","Line Pipe, 114.3 mm, Seamless. Qty: 50 KM",0.71880657261369,0.0,35,VECTOR,True,False,1,1,0,True,0.0,,,,,,,1.0,False,True,True,True,True,1,1,DISTINCT,Technical conflict detected.; Priority 1: Distinct due to explicit technical conflict.,"C,D,F",,UNREVIEWED,,
M002915,M014404,Oil India Limited,Oil India Limited,CONSTRUCTION OF STORAGE FACILITY FOR KEEPING CASED HOLE TOOLS AND EQUIPMENT BEHIND CASED HOLE SECTION OF WELL LOGGING DEPARTMENT INCLUDING SUPPLY OF ALL MATERIALS,"Procurement of 02 Nos. of Cased Hole Logging Unit with Tools and Accessories along with Installation, Commissioning and Training",0.763788116163962,47.22090073479898,7,"VECTOR,BM25",False,False,0,0,0,False,,,,,,,,1.0,True,True,True,True,True,0,1,UNDETERMINED,Otherwise: Undetermined due to insufficient matches or multiple critical mismatches.,"F,G",,UNREVIEWED,,
M000771,M014356,NTPC Limited,Oil India Limited,"10_ M1613514555_ PIPE, BLK, CS, FE410, 9.5MM, 457MM, 450MM ( 4000 meter )",Pre-coated Line Pipe & Bends; Qty.:61.5 Kms & 52Nos,0.714916647329015,0.0,38,VECTOR,True,False,1,1,0,False,,,,,,,,1.0,True,True,True,True,True,0,1,UNDETERMINED,Otherwise: Undetermined due to insufficient matches or multiple critical mismatches.,"D,F,G",,UNREVIEWED,,
M000771,M013329,NTPC Limited,Oil India Limited,"10_ M1613514555_ PIPE, BLK, CS, FE410, 9.5MM, 457MM, 450MM ( 4000 meter )","Line Pipe, 2,114.3 mm, Seamless. Qty: 50 KM",0.714862725658994,0.0,39,VECTOR,True,False,1,1,0,True,0.0,,,,,,,1.0,False,True,True,True,True,1,1,DISTINCT,Technical conflict detected.; Priority 1: Distinct due to explicit technical conflict.,"C,D,F",,UNREVIEWED,,
M000235,M002147,Indian Oil Corporation Limited,NTPC Limited,Hydrogen determinator,Procurement of Portable Hydrogen Gas Analyser,0.786136185188941,8.66324732827341,4,"VECTOR,BM25",True,False,0,0,0,False,,,,,,,,1.0,True,True,True,True,True,0,1,UNDETERMINED,Otherwise: Undetermined due to insufficient matches or multiple critical mismatches.,"D,F,G",,UNREVIEWED,,
M001143,M007914,NTPC Limited,Oil India Limited,"PIPE, BLK, CS, FE410, 9.5MM, 457MM","CASINGS, API, SEAMLESS STEEL, THREADED & COUPLED, IN RANGE 3 LENGTH BUT MAXIMUM LENGTH OF EACH JOINT SHALL BE RESTRICTED TO 12.19 MTRS (40 FT.) FITTED WITH PRESSED STEEL OR ELASTOMER-CUM-METTALIC (COM",0.751860395353761,0.0,39,VECTOR,True,False,1,1,0,False,,,,,,,,1.0,True,True,True,True,True,0,1,UNDETERMINED,Otherwise: Undetermined due to insufficient matches or multiple critical mismatches.,"D,F,G",,UNREVIEWED,,
M000771,M006648,NTPC Limited,Oil India Limited,"10_ M1613514555_ PIPE, BLK, CS, FE410, 9.5MM, 457MM, 450MM ( 4000 meter )","6” ERW GALVANISED LINE PIPE - 8,500 METERS",0.714411309735516,0.0,41,VECTOR,True,False,0,1,1,False,,,,,,,,1.0,True,True,True,True,True,0,1,UNDETERMINED,Otherwise: Undetermined due to insufficient matches or multiple critical mismatches.,"D,F,G",,UNREVIEWED,,
M000771,M001175,NTPC Limited,NTPC Limited,"10_ M1613514555_ PIPE, BLK, CS, FE410, 9.5MM, 457MM, 450MM ( 4000 meter )",300 NB ERW Pipes (FE410) for thickness range 6.3 to 10 mm (CAT-I),0.713985421813187,0.0,43,VECTOR,False,False,1,1,2,True,0.0,,,,,,,1.0,False,True,True,True,True,1,1,DISTINCT,Technical conflict detected.; Priority 1: Distinct due to explicit technical conflict.,"C,F",,UNREVIEWED,,
M001143,M019883,NTPC Limited,Oil India Limited,"PIPE, BLK, CS, FE410, 9.5MM, 457MM","LINE PIPE,1"",BLACK STEEL,ERW,SCREWED",0.750603532649519,0.0,41,VECTOR,True,False,0,1,1,False,,,,,,,,1.0,True,True,True,True,True,0,0,UNDETERMINED,Otherwise: Undetermined due to insufficient matches or multiple critical mismatches.,"D,F",,UNREVIEWED,,
M004000,M019137,Oil India Limited,Oil India Limited,"Hiring of Consultancy services to carry out 2D & 3D Seismic Data Processing, Interpretation and 3D Petroleum System Modelling (PSM) study","Hiring of Consultancy services to carry out 2D & 3D Seismic Data Processing, Interpretation and 3D Petroleum System Modelling (PSM) study",0.999884902734833,90.96005582842602,1,"VECTOR,BM25",False,True,0,0,0,False,,,,,,,,1.0,True,True,True,True,True,0,0,UNDETERMINED,Otherwise: Undetermined due to insufficient matches or multiple critical mismatches.,"A,B,E,F",,UNREVIEWED,,
M005631,M020842,Oil India Limited,Oil India Limited,SUPPLY OF LADDERS,SUPPLY OF PORTABLE EMERGENCY LIGHTING TOWER,0.709340592416327,0.0,39,VECTOR,False,False,0,0,0,False,,,,,,,,1.0,True,True,True,True,True,0,1,UNDETERMINED,Otherwise: Undetermined due to insufficient matches or multiple critical mismatches.,"F,G",,UNREVIEWED,,
M013244,M013256,Oil India Limited,Oil India Limited,Laying / construction of Gas Pipeline 300mm NB (12inch) length 09 km from Barhapjan to Hapjan as per API 31.8 in the State of Assam,"Laying of 400 MM NB Gas Pipeline from Loc. HNE, Makum To CGGS, Madhuban, Assam",0.750584395184091,25.599006959763525,7,"VECTOR,BM25",False,False,0,1,1,True,0.0,,,,,,,1.0,False,True,True,True,True,1,1,DISTINCT,Technical conflict detected.; Priority 1: Distinct due to explicit technical conflict.,"C,F",,UNREVIEWED,,
M019747,M004583,Oil India Limited,Oil India Limited,"Hot Oil Circulation cum High Pressure Pumping Unit,Qty=1 No","Hot Oil Circulation cum High Pressure Pumping Unit,Qty=1 No",0.999854728329966,62.496275776284726,1,"VECTOR,BM25",False,True,0,0,0,False,,,,,,,,1.0,True,True,True,True,True,0,0,UNDETERMINED,Otherwise: Undetermined due to insufficient matches or multiple critical mismatches.,"A,B,E,F",,UNREVIEWED,,
M012374,M010775,Oil India Limited,Oil India Limited,"Hiring the Services for repair, servicing, gas charging and supply of requisite spares for split and window Air conditioners under Electrical Section, Oil India Limited, PS 8, Sonapur, Dhumdangi, West","HIRING SERVICES FOR REPAIR ,SERVICING,GAS CHARGING AND SUPPLY OF REQUISITE SPARES FOR SPLIT AND WINDOW AIR CONDITIONERS AT PS10 BARAUNI",0.72713046182488,62.4999472954023,14,"VECTOR,BM25",False,False,0,0,0,False,,,,,,,,1.0,True,True,True,True,True,0,1,UNDETERMINED,Otherwise: Undetermined due to insufficient matches or multiple critical mismatches.,"B,F,G",,UNREVIEWED,,
M001144,M013185,NTPC Limited,Oil India Limited,"PIPE, BLK, CS, FE410, 9.5MM, 457MM, 450MM","LINE PIPE, 3/4', ERW GALVANISED, SCREWED (Q3)",0.759251184093092,0.0,21,VECTOR,True,False,0,1,1,False,,,,,,,,1.0,True,True,True,True,True,0,0,UNDETERMINED,Otherwise: Undetermined due to insufficient matches or multiple critical mismatches.,"D,F",,UNREVIEWED,,
M020781,M000855,Oil India Limited,NTPC Limited,"SUPPLY OF 63A 3 POLE MCCB, WITH ENCLOSURE","Evacuation system upto owner's 33 KV pooling switchgear , Cables, Communication",0.71154232981736,0.0,36,VECTOR,True,False,0,0,0,False,,,,,,,,1.0,True,True,True,True,True,0,1,UNDETERMINED,Otherwise: Undetermined due to insufficient matches or multiple critical mismatches.,"D,F,G",,UNREVIEWED,,
M017922,M017063,Oil India Limited,Oil India Limited,Battery Operated Torque Wrench,Torque Wrench,0.855909955378998,21.124283188924842,9,"VECTOR,BM25",False,False,0,0,0,False,,,,,,,,1.0,True,True,True,True,True,0,1,UNDETERMINED,Otherwise: Undetermined due to insufficient matches or multiple critical mismatches.,"A,F,G",,UNREVIEWED,,
M001144,M007111,NTPC Limited,Oil India Limited,"PIPE, BLK, CS, FE410, 9.5MM, 457MM, 450MM",BLACK STEEL LINEPIPE,0.755874460757126,0.0,26,VECTOR,True,False,1,1,0,False,,,,,,,,1.0,True,True,True,True,True,0,1,UNDETERMINED,Otherwise: Undetermined due to insufficient matches or multiple critical mismatches.,"D,F,G",,UNREVIEWED,,
M017426,M017424,Oil India Limited,Oil India Limited,XC Polymer Premium,XC POLYMER PREMIUM,0.999849535815899,30.857915688306583,3,"VECTOR,BM25",False,True,0,0,0,False,,,,,,,,1.0,True,True,True,True,True,0,0,UNDETERMINED,Otherwise: Undetermined due to insufficient matches or multiple critical mismatches.,"A,E,F",,UNREVIEWED,,
M017598,M004706,Oil India Limited,Oil India Limited,"LED Luminaire for Flood Light, Flame Proof",LED Luminaire for Floodlight,0.960546647532252,18.57870744959941,8,"VECTOR,BM25",False,False,0,0,0,False,,,,,,,,1.0,True,True,True,True,True,0,1,UNDETERMINED,Otherwise: Undetermined due to insufficient matches or multiple critical mismatches.,"A,F,G",,UNREVIEWED,,
M001144,M013319,NTPC Limited,Oil India Limited,"PIPE, BLK, CS, FE410, 9.5MM, 457MM, 450MM","Line Pipe, 101.6 mm, Seamless, BE, 19 PPF, Qty: 50 KM",0.746939402411701,0.0,30,VECTOR,True,False,1,1,0,True,0.0,,,,,,,1.0,False,True,True,True,True,1,1,DISTINCT,Technical conflict detected.; Priority 1: Distinct due to explicit technical conflict.,"C,D,F",,UNREVIEWED,,
M008702,M021107,Oil India Limited,Oil India Limited,Construction of HSD ( High Speed Diesel ) petroleum shed,"Supply of Container, Oil, Galvd",0.702037938430137,0.0,19,VECTOR,False,False,0,0,0,False,,,,,,,,1.0,True,True,True,True,True,0,1,UNDETERMINED,Otherwise: Undetermined due to insufficient matches or multiple critical mismatches.,"F,G",,UNREVIEWED,,
M006739,M017382,Oil India Limited,Oil India Limited,AIR-CONDITIONER,"Window mounted room air conditioner, split air conditioner",0.870714063645217,0.0,4,VECTOR,False,False,0,0,0,False,,,,,,,,1.0,True,True,True,True,True,0,1,UNDETERMINED,Otherwise: Undetermined due to insufficient matches or multiple critical mismatches.,"A,F,G",,UNREVIEWED,,
M018746,M010408,Oil India Limited,Oil India Limited,"Gate Valve, 2.1/16 inch x 5000 PSI, API 6A","Gate Valve, 52.39 MMX5000 PSI, API 6A. Qty: 200 Nos",0.870682789616278,28.138382007397606,2,"VECTOR,BM25",False,False,0,0,0,False,,,,,1.0,,,1.0,True,True,True,True,False,1,1,UNDETERMINED,Otherwise: Undetermined due to insufficient matches or multiple critical mismatches.,"A,F,G",,UNREVIEWED,,
M004000,M004259,Oil India Limited,Oil India Limited,"Hiring of Consultancy services to carry out 2D & 3D Seismic Data Processing, Interpretation and 3D Petroleum System Modelling (PSM) study",Hiring of services for Passive (Local Earthquake) Seismic Tomography (PST) in OILs Petroleum Mining Lease (PML) Area,0.762753070625447,0.0,43,VECTOR,False,False,0,0,0,False,,,,,,,,1.0,True,True,True,True,True,0,1,UNDETERMINED,Otherwise: Undetermined due to insufficient matches or multiple critical mismatches.,"F,G",,UNREVIEWED,,
M013156,M008430,Oil India Limited,Oil India Limited,"LAYING OF 250 MM NB GAS DISTRIBUTION PIPELINE FROM MORAN TO KASALU PATHAR, TINGKHONG AS PER ASME B 31.8","Construction and Laying of Three Nos of 200MM X 2500 Meter COD Line, 250 psig HP Natural Gas Pipeline and 30 psig LP Natural Gas Pipeline from Hebeda- OCS to Makum- OCS in Tinsukia district, Assam",0.713535916208959,20.781649289677734,12,"VECTOR,BM25",False,False,2,2,0,True,0.0,,,,,,,1.0,False,True,True,True,True,1,1,DISTINCT,Technical conflict detected.; Priority 1: Distinct due to explicit technical conflict.,"C,F,H",,UNREVIEWED,,
M010391,M003620,Oil India Limited,Oil India Limited,Gas Compressors,Gas Compressors,0.9998869582392,16.595500424203202,2,"VECTOR,BM25",False,True,0,0,0,False,,,,,,,,1.0,True,True,True,True,True,0,0,UNDETERMINED,Otherwise: Undetermined due to insufficient matches or multiple critical mismatches.,"A,E,F",,UNREVIEWED,,
M017529,M018301,Oil India Limited,Oil India Limited,"Construction of a 10 ft high RCC-framed brick masonry boundary wall with overhead Concertina Coil mounted on ""Y""-shaped steel hangers along the incomplete stretches of the OIL land boundary for an app","Construction of a 10 ft high RCC-framed brick masonry boundary wall with overhead Concertina Coil mounted on ""Y""-shaped steel hangers along the incomplete stretches of the OIL land boundary for an app",0.999741469180002,171.86076200817024,1,"VECTOR,BM25",False,True,0,0,0,False,,,,,,,,1.0,True,True,True,True,True,0,0,UNDETERMINED,Otherwise: Undetermined due to insufficient matches or multiple critical mismatches.,"A,B,E,F",,UNREVIEWED,,
M018337,M003234,Oil India Limited,Oil India Limited,"Construction of new road along boundary wall of OIL Colony, Moran-exterior to existing boundary wall (Approx. length 550.0 Mtr) by 150 mm GSB, 75 mm thk WBM(Double layer), 25 mm thk SDBC with Hardened","Construction of new road along boundary wall of OIL Colony, Moran-exterior to existing boundary wall (Approx. length 550.0 Mtr) by 150 mm GSB, 75 mm thk WBM(Double layer), 25 mm thk SDBC with Hardened",0.985025477110998,132.1677750321564,1,"VECTOR,BM25",False,True,0,0,0,False,1.0,,,,,,,1.0,False,True,True,True,True,1,0,IDENTICAL,Priority 2: Identical because all available critical technical attributes match.,"A,B,E,F",,UNREVIEWED,,
M005514,M015497,Oil India Limited,Oil India Limited,SPARES FOR BHEL,SPARES FOR BHEL,0.99984314258351,21.754556998221883,2,"VECTOR,BM25",False,True,0,0,0,False,,,,,,,,1.0,True,True,True,True,True,0,0,UNDETERMINED,Otherwise: Undetermined due to insufficient matches or multiple critical mismatches.,"A,E,F",,UNREVIEWED,,
M010391,M006733,Oil India Limited,Oil India Limited,Gas Compressors,AIR COMPRESSOR,0.867997414228986,0.0,12,VECTOR,False,False,0,0,0,False,,,,,,,,1.0,True,True,True,True,True,0,0,UNDETERMINED,Otherwise: Undetermined due to insufficient matches or multiple critical mismatches.,"A,F",,UNREVIEWED,,
M005953,M019994,Oil India Limited,Oil India Limited,Supply of MS Angle (L65X65X8),MS Angle (25X25X5,0.877079393110244,21.303811471142705,14,"VECTOR,BM25",False,False,0,1,1,False,,,,,,,,1.0,True,True,True,True,True,0,1,UNDETERMINED,Otherwise: Undetermined due to insufficient matches or multiple critical mismatches.,"A,F,G",,UNREVIEWED,,
M017529,M003186,Oil India Limited,Oil India Limited,"Construction of a 10 ft high RCC-framed brick masonry boundary wall with overhead Concertina Coil mounted on ""Y""-shaped steel hangers along the incomplete stretches of the OIL land boundary for an app","Construction of R.C.C framed brick boundary wall with erection of Y overhang fixed with concertina coil at top of the boundary wall for a length of 280.00 meters, earth filling of low lying area, deve",0.681995306070046,68.95114356115411,21,"VECTOR,BM25",False,False,0,0,0,False,,,,,,,,1.0,True,True,True,True,True,0,1,UNDETERMINED,Otherwise: Undetermined due to insufficient matches or multiple critical mismatches.,B,,UNREVIEWED,,
M018337,M008653,Oil India Limited,Oil India Limited,"Construction of new road along boundary wall of OIL Colony, Moran-exterior to existing boundary wall (Approx. length 550.0 Mtr) by 150 mm GSB, 75 mm thk WBM(Double layer), 25 mm thk SDBC with Hardened","Construction of Dust Free Bituminous approach road of well no. MRN#102 at Moran (Total length 1270.00M & width 3.75 mtr) by providing 100mm GSB, 75mm thick WBM (2 layers) & 25mm thick SDBC including s",0.720322313159806,0.0,21,VECTOR,False,False,0,0,0,True,0.0,,,,,,,1.0,False,True,True,True,True,1,1,DISTINCT,Technical conflict detected.; Priority 1: Distinct due to explicit technical conflict.,"C,F",,UNREVIEWED,,
M018746,M010353,Oil India Limited,Oil India Limited,"Gate Valve, 2.1/16 inch x 5000 PSI, API 6A","GATE VALVE and THEIR SPARES, FLEX SEAL TYPE, WITH HAND WHEEL,FOR MUD SERVICE",0.775141331842663,0.0,40,VECTOR,False,False,0,0,0,False,,,,,1.0,,,1.0,True,True,True,True,False,1,1,UNDETERMINED,Otherwise: Undetermined due to insufficient matches or multiple critical mismatches.,"F,G",,UNREVIEWED,,
M019476,M012555,Oil India Limited,Oil India Limited,Hiring of services of 08 (Eight) nos. of Surface Production Facilities (SPFs) for OILs operational areas in Assam and Arunachal Pradesh for a period of 03 (Three) years with a provision of extension b,Hiring the services of 04 (Four) units Surface Production Facility packages for OIL’s operational areas in Assam and Arunachal Pradesh for a period of 03 (Three) years with a provision to enter into F,0.851103052820307,72.55237932619441,5,"VECTOR,BM25",False,False,0,0,0,False,,,,,,,,1.0,True,True,True,True,True,0,1,UNDETERMINED,Otherwise: Undetermined due to insufficient matches or multiple critical mismatches.,"A,B,F,G",,UNREVIEWED,,
M009150,M009298,Oil India Limited,Oil India Limited,Corrigendum No. 01 to GeM Tender No. : GEM/2022/B/1998700 dtd.02/03/2022,Corrigendum No. 02 to GeM Tender No.:GEM/2022/B/2254187 dtd.27/06/2022,0.894032537894356,0.0,36,VECTOR,False,False,0,0,0,False,,,,,,,,1.0,True,True,True,True,True,0,0,UNDETERMINED,Otherwise: Undetermined due to insufficient matches or multiple critical mismatches.,"A,F",,UNREVIEWED,,
M009407,M002235,Oil India Limited,NTPC Limited,Custom Bid for Services - HIRING OF SERVICES FOR WARRANTY EXTENTION,Rate Contract for Hiring of Tent Services for Various Occasions of NTECL,0.723385867865534,0.0,21,VECTOR,True,False,0,0,0,False,,,,,,,,1.0,True,True,True,True,True,0,0,UNDETERMINED,Otherwise: Undetermined due to insufficient matches or multiple critical mismatches.,"D,F",,UNREVIEWED,,
M005514,M000379,Oil India Limited,Indian Oil Corporation Limited,SPARES FOR BHEL,Pump Spares,0.745001681587994,0.0,39,VECTOR,True,False,0,0,0,False,,,,,,,,0.0,True,True,True,True,True,0,0,UNDETERMINED,Otherwise: Undetermined due to insufficient matches or multiple critical mismatches.,"D,F",,UNREVIEWED,,
M009407,M015981,Oil India Limited,Oil India Limited,Custom Bid for Services - HIRING OF SERVICES FOR WARRANTY EXTENTION,"Services of API quality Welding, Fabrication & Fitting of pipeline related to various Pipeline Maintenance jobs",0.707521020896859,0.0,29,VECTOR,False,False,0,0,0,False,,,,,,,,1.0,True,True,True,True,True,0,1,UNDETERMINED,Otherwise: Undetermined due to insufficient matches or multiple critical mismatches.,"F,G",,UNREVIEWED,,
M005514,M000664,Oil India Limited,Indian Oil Corporation Limited,SPARES FOR BHEL,Spares of 23-K-101,0.735644174896772,0.0,43,VECTOR,True,False,0,0,0,False,,,,,,,,1.0,True,True,True,True,True,0,0,UNDETERMINED,Otherwise: Undetermined due to insufficient matches or multiple critical mismatches.,"D,F",,UNREVIEWED,,
M001146,M007110,NTPC Limited,Oil India Limited,"PIPE, BLK, CS, FE410, 9.5MM, 508MM, 500MM","BLACK STEEL LINE PIPE (Q3) , GALVANISED LINE PIPE (Q3)",0.739962276255069,11.72462655734885,10,"VECTOR,BM25",True,False,1,1,0,False,,,,,,,,1.0,True,True,True,True,True,0,1,UNDETERMINED,Otherwise: Undetermined due to insufficient matches or multiple critical mismatches.,"D,F,G",,UNREVIEWED,,
M004184,M011813,Oil India Limited,Oil India Limited,Hiring of miscellaneous services like attending telephone calls pollution control cement handling and other miscellaneous office jobs in OILs operational areas for a period of 02 two years,Hiring of miscellaneous services like attending telephone calls pollution control cement handling and other miscellaneous office jobs in OILs operational areas for a period of 02 two years,0.999845880158357,88.62087310580644,2,"VECTOR,BM25",False,True,0,0,0,False,,,,,,,,1.0,True,True,True,True,True,0,0,UNDETERMINED,Otherwise: Undetermined due to insufficient matches or multiple critical mismatches.,"A,B,E,F",,UNREVIEWED,,
M004184,M011814,Oil India Limited,Oil India Limited,Hiring of miscellaneous services like attending telephone calls pollution control cement handling and other miscellaneous office jobs in OILs operational areas for a period of 02 two years,"Hiring of miscellaneous services like attending telephone calls, pollution control, cement handling and other miscellaneous office jobs in OIL?s operational areas for a period of 02 (two) years",0.968714505963348,78.80059856695516,3,"VECTOR,BM25",False,True,0,0,0,False,,,,,,,,1.0,True,True,True,True,True,0,0,UNDETERMINED,Otherwise: Undetermined due to insufficient matches or multiple critical mismatches.,"A,B,E,F",,UNREVIEWED,,
M000153,M018784,Indian Oil Corporation Limited,Oil India Limited,Diesel analyzer,HIGH SPEED DIESEL OIL (HSD),0.751714950620228,6.200308373133522,9,"VECTOR,BM25",True,False,0,0,0,False,,,,,,,,1.0,True,True,True,True,True,0,1,UNDETERMINED,Otherwise: Undetermined due to insufficient matches or multiple critical mismatches.,"D,F,G",,UNREVIEWED,,
M000153,M007181,Indian Oil Corporation Limited,Oil India Limited,Diesel analyzer,Battery Analyzer,0.739638487294356,10.339615667711755,13,"VECTOR,BM25",True,False,0,0,0,False,,,,,,,,1.0,True,True,True,True,True,0,0,UNDETERMINED,Otherwise: Undetermined due to insufficient matches or multiple critical mismatches.,"D,F",,UNREVIEWED,,
M008884,M008874,Oil India Limited,Oil India Limited,"Construction of approach road, replacing culverts (Length = 2750.00 Mtr), construction of plinth, road over plinth, construction of CC/RCC foundation to suit VFD-2 New (E-2000) outfit for location MGC","Construction of approach road, plinth, road over plinth, construction of CC/ RCC foundation to suit E-2000 VFD-2 in location MGE at Deroi (Rajgarh) under Dibrugarh District including supply of all mat",0.732593753611742,68.43728539061487,9,"VECTOR,BM25",False,False,0,0,0,False,,,,,,,,1.0,True,True,True,True,True,0,1,UNDETERMINED,Otherwise: Undetermined due to insufficient matches or multiple critical mismatches.,"B,F,G",,UNREVIEWED,,
M000153,M004926,Indian Oil Corporation Limited,Oil India Limited,Diesel analyzer,Natural Gas Analyser/Gas Chromatograph,0.814564443269445,0.0,17,VECTOR,True,False,0,0,0,False,,,,,,,,1.0,True,True,True,True,True,0,1,UNDETERMINED,Otherwise: Undetermined due to insufficient matches or multiple critical mismatches.,"D,F,G",,UNREVIEWED,,
M006050,M002449,Oil India Limited,NTPC Limited,"Supply, Installation & Commissioning of Push To Talk Over Cellular (PTToC) system/solution including on premise server, software and hand held/fixed devices",Tele Specialty OPD Services and Tele Emergency Sservices at NTPC Projects,0.70892557495982,0.0,16,VECTOR,True,False,0,0,0,False,,,,,,,,1.0,True,True,True,True,True,0,1,UNDETERMINED,Otherwise: Undetermined due to insufficient matches or multiple critical mismatches.,"D,F,G",,UNREVIEWED,,
M017925,M017520,Oil India Limited,Oil India Limited,"Battery-operated (cordless) pipe cutting machine, pipe threading machine and 10 Ton hydraulic Puller","Battery-operated (cordless) pipe cutting machine, pipe threading machine and 10 Ton hydraulic Puller",0.955456029533592,82.16049836433928,1,"VECTOR,BM25",False,True,0,0,0,False,,,,,,,,1.0,True,True,True,True,True,0,0,UNDETERMINED,Otherwise: Undetermined due to insufficient matches or multiple critical mismatches.,"A,B,E,F",,UNREVIEWED,,
M001146,M019947,NTPC Limited,Oil India Limited,"PIPE, BLK, CS, FE410, 9.5MM, 508MM, 500MM","Line Pipe, 6"" & 10"", Steel, ERW Bevelled",0.758915777339582,0.0,26,VECTOR,True,False,0,1,1,False,,,,,,,,1.0,True,True,True,True,True,0,0,UNDETERMINED,Otherwise: Undetermined due to insufficient matches or multiple critical mismatches.,"D,F",,UNREVIEWED,,
M003259,M018363,Oil India Limited,Oil India Limited,"Construction/modification of approach road, plinth and foundation to Suit S-1 (E-1400) Rig outfit on cluster basis in any existing location in Dikom and Kathaloni area or any area under CENTRAL FIELD ","Construction/modification of approach road, plinth and foundation to Suit S-1 (E-1400) Rig outfit on cluster basis in any existing location in Dikom and Kathaloni area or any area under CENTRAL FIELD ",0.999748940841337,111.19002958642484,1,"VECTOR,BM25",False,True,0,0,0,False,,,,,,,,1.0,True,True,True,True,True,0,0,UNDETERMINED,Otherwise: Undetermined due to insufficient matches or multiple critical mismatches.,"A,B,E,F",,UNREVIEWED,,
M000960,M009671,NTPC Limited,Oil India Limited,"Rotor for 19.5 MW Steam Turbine Generator (BHEL), Diesel",Diesel Engine Driven Generating Sets,0.71828131114281,0.0,27,VECTOR,True,False,0,0,0,False,,,,,,,,1.0,True,True,True,True,True,0,1,UNDETERMINED,Otherwise: Undetermined due to insufficient matches or multiple critical mismatches.,"D,F,G",,UNREVIEWED,,
M001146,M000093,NTPC Limited,Indian Oil Corporation Limited,"PIPE, BLK, CS, FE410, 9.5MM, 508MM, 500MM",Bulk (Pipe/Fittings/Flanges/Valve),0.755568109091097,0.0,29,VECTOR,True,False,1,1,0,False,,,,,,,,0.0,True,True,True,True,True,0,1,UNDETERMINED,Otherwise: Undetermined due to insufficient matches or multiple critical mismatches.,"D,F,G",,UNREVIEWED,,
M001146,M013180,NTPC Limited,Oil India Limited,"PIPE, BLK, CS, FE410, 9.5MM, 508MM, 500MM","LINE PIPE LINE PIPE 100 MM (4"")",0.748485028174757,0.0,34,VECTOR,True,False,1,1,0,True,0.0,,,,,,,1.0,False,True,True,True,True,1,1,DISTINCT,Technical conflict detected.; Priority 1: Distinct due to explicit technical conflict.,"C,D,F",,UNREVIEWED,,
M010647,M012081,Oil India Limited,Oil India Limited,HIRING OF SERVICE PROVIDER FOR CONDUCTING RECRUITMENT OF EXECUTIVES OF OIL INDIA LIMITED FOR A PERIOD OF 04 YEARS,"Hiring of skilled/unskilled manpower for day to day Technical/ Administrative services for project offices/fields/TVC at Oil India Limited, Rajasthan Project, Jodhpu",0.76392862906878,0.0,47,VECTOR,False,False,0,0,0,False,,,,,,,,1.0,True,True,True,True,True,0,1,UNDETERMINED,Otherwise: Undetermined due to insufficient matches or multiple critical mismatches.,"F,G",,UNREVIEWED,,
M003259,M003245,Oil India Limited,Oil India Limited,"Construction/modification of approach road, plinth and foundation to Suit S-1 (E-1400) Rig outfit on cluster basis in any existing location in Dikom and Kathaloni area or any area under CENTRAL FIELD ","Construction of the approach road, plinth and foundation to Suit S-1 to S-7 Rig outfit on Cluster basis for any Location in Tangakhat & Chabua area or any area under CENTRAL FIELD WEST in Dibrugarh Di",0.855012999800144,86.74575574550514,11,"VECTOR,BM25",False,False,0,0,0,False,,,,,,,,1.0,True,True,True,True,True,0,1,UNDETERMINED,Otherwise: Undetermined due to insufficient matches or multiple critical mismatches.,"A,B,F,G",,UNREVIEWED,,
M016705,M015744,Oil India Limited,Oil India Limited,"Supply, Installation and Testing of LED luminaire with Octagonal GI Pole The Supply lighting package The Street lighting unit shall include the following major supply items: i) Galvanized Octagonal po",SUPPLY OF LED LUMINIARIES & ACESSORIES FOR UPGRADING STREET LIGHTING SYSTEM (Q3),0.713975803767824,78.8411391963092,2,"VECTOR,BM25",False,False,2,2,0,False,,,,,,,,1.0,True,True,True,True,True,0,1,UNDETERMINED,Otherwise: Undetermined due to insufficient matches or multiple critical mismatches.,"B,F,G,H",,UNREVIEWED,,
M002460,M002447,NTPC Limited,NTPC Limited,Transportation of 300000MT Coal from NLC Talabira Mines of NLC Ltd to NTPC Simhadri under RCR Mode through any nearby Siding,TRANSPORTATION OF COAL FROM MAGADH MINES OF CCL TO NTPC NORTH KARANPURA SUPER THERMAL POWER PROJECT,0.774743204023636,33.32766380093544,2,"VECTOR,BM25",False,False,0,0,0,False,,,,,,,,1.0,True,True,True,True,True,0,1,UNDETERMINED,Otherwise: Undetermined due to insufficient matches or multiple critical mismatches.,"F,G",,UNREVIEWED,,
M000153,M020198,Indian Oil Corporation Limited,Oil India Limited,Diesel analyzer,PORTABLE MULTI GAS DETECTOR,0.74145820248547,0.0,38,VECTOR,True,False,0,0,0,False,,,,,,,,1.0,True,True,True,True,True,0,1,UNDETERMINED,Otherwise: Undetermined due to insufficient matches or multiple critical mismatches.,"D,F,G",,UNREVIEWED,,
M000153,M006263,Indian Oil Corporation Limited,Oil India Limited,Diesel analyzer,Water in Oil Monitor,0.735343567092164,0.0,41,VECTOR,True,False,0,0,0,False,,,,,,,,1.0,True,True,True,True,True,0,0,UNDETERMINED,Otherwise: Undetermined due to insufficient matches or multiple critical mismatches.,"D,F",,UNREVIEWED,,
